﻿<?xml version="1.0" encoding="UTF-8"?>
<window type="dialog" id="61">
	<defaultcontrol always="true">100</defaultcontrol>
	<include>dialogOpen</include>
	<coordinates>
		<system>1</system>
		<posx>240</posx>
		<posy>38</posy>
	</coordinates>
	<controls>
		<control type="image">
			<width>800</width>
			<height>645</height>
			<include>dialogWindow</include>
		</control>
		<control type="label">
			<label>$LOCALIZE[31031]</label>
			<width>762</width>
			<include>dialog_Windowtitle</include>
		</control>
		<control type="group">
			<posx>19</posx>
			<posy>75</posy>
			<control type="image">
				<width>762</width>
				<include>dialog_Separator</include>
			</control>
			<control type="image">
				<posx>205</posx>
				<height>479</height>
				<include>dialog_Separator-y</include>
			</control>
			<control type="image">
				<posy>479</posy>
				<width>762</width>
				<include>dialog_Separator</include>
			</control>
		<!--button area------>
			<control type="grouplist" id="100">
				<width>225</width>
				<height>480</height>
				<itemgap>0</itemgap>
				<onleft>12</onleft>
				<onright>200</onright>
				<onup>100</onup>
				<ondown>100</ondown>
				<scrolltime tween="Cubic" easing="Out">200</scrolltime>
				<control type="button" id="101">
					<width>206</width>
					<label>$LOCALIZE[32008]</label>
					<onfocus>Skin.SetString(Sub,Global)</onfocus>
					<include>dialog_Button-list</include>
				</control>
				<control type="button" id="102">
					<width>206</width>
					<label>$LOCALIZE[3]</label>
					<onfocus>Skin.SetString(Sub,Video)</onfocus>
					<selectedcolor>Selected</selectedcolor>
					<include>dialog_Button-list</include>
				</control>
				<control type="button" id="103">
					<width>206</width>
					<label>$LOCALIZE[342]</label>
					<onfocus>Skin.SetString(Sub,Movies)</onfocus>
					<include>dialog_Button-list</include>
				</control>
				<control type="button" id="104">
					<width>206</width>
					<label>$LOCALIZE[20343]</label>
					<onfocus>Skin.SetString(Sub,Shows)</onfocus>
					<include>dialog_Button-list</include>
				</control>
				<control type="button" id="105">
					<width>206</width>
					<label>$LOCALIZE[31090]</label>
					<onfocus>Skin.SetString(Sub,TV)</onfocus>
					<include>dialog_Button-list</include>
					<visible>System.GetBool(pvrmanager.enabled)</visible>
				</control>
				<control type="button" id="106">
					<width>206</width>
					<label>$LOCALIZE[2]</label>
					<onfocus>Skin.SetString(Sub,Music)</onfocus>
					<include>dialog_Button-list</include>
				</control>
				<control type="button" id="107">
					<width>206</width>
					<label>$LOCALIZE[1]</label>
					<onfocus>Skin.SetString(Sub,Pictures)</onfocus>
					<include>dialog_Button-list</include>
				</control>
				<control type="button" id="108">
					<width>206</width>
					<label>$LOCALIZE[24001]</label>
					<onfocus>Skin.SetString(Sub,Addons)</onfocus>
					<include>dialog_Button-list</include>
				</control>
				<control type="button" id="109">
					<width>206</width>
					<label>$LOCALIZE[5]</label>
					<onfocus>Skin.SetString(Sub,System)</onfocus>
					<include>dialog_Button-list</include>
				</control>
				<control type="button" id="110">
					<width>206</width>
					<label>$LOCALIZE[1036]</label>
					<onfocus>Skin.SetString(Sub,Favourites)</onfocus>
					<include>dialog_Button-list</include>
				</control>
				<control type="button" id="111">
					<width>206</width>
					<label>$LOCALIZE[31955]</label>
					<onfocus>Skin.SetString(Sub,Disc)</onfocus>
					<include>dialog_Button-list</include>
				</control>
				<control type="button" id="112">
					<width>206</width>
					<label>$LOCALIZE[31947]</label>
					<onfocus>Skin.SetString(Sub,Playing)</onfocus>
					<include>dialog_Button-list</include>
				</control>
				<control type="button" id="113">
					<width>206</width>
					<label>$LOCALIZE[400]</label>
					<onfocus>Skin.SetString(Sub,Weather)</onfocus>
					<include>dialog_Button-list</include>
				</control>
			</control>

		<!---control area------>
			<control type="group">
			<!--global submenu-->
				<control type="grouplist" id="200">
					<posx>206</posx>
					<width>557</width>
					<height>480</height>
					<onleft>100</onleft>
					<onright>10</onright>
					<onup>200</onup>
					<ondown>200</ondown>
					<itemgap>0</itemgap>
					<visible>Skin.String(Sub,Global)</visible>
					<!--Favourites settings-->
					<control type="radiobutton" id="201">
						<width>557</width>
						<label>$LOCALIZE[32013]</label>
						<onclick>Skin.ToggleSetting(favourites.global)</onclick>
						<selected>Skin.HasSetting(favourites.global)</selected>
						<include>dialog_Radio</include>
					</control>
					<!--LightAlt font-->
					<control type="radiobutton" id="202">
						<width>557</width>
						<label>Capitalize letters of Home menu items</label>
						<onclick>Skin.ToggleSetting(homemenu.altfont)</onclick>
						<selected>Skin.HasSetting(homemenu.altfont)</selected>
						<include>dialog_Radio</include>
					</control>
				</control>
			<!--video submenu-->
				<control type="grouplist" id="200">
					<posx>206</posx>
					<width>557</width>
					<height>480</height>
					<onleft>100</onleft>
					<onright>10</onright>
					<onup>200</onup>
					<ondown>200</ondown>
					<itemgap>0</itemgap>
					<visible>Skin.String(Sub,Video)</visible>
					<scrolltime tween="Cubic" easing="Out">200</scrolltime>
					<!--main menu-->
					<control type="radiobutton" id="201">
						<label>$LOCALIZE[31938]</label>
						<width>557</width>
						<onclick>Skin.ToggleSetting(homemenu.videos)</onclick>
						<selected>!Skin.HasSetting(homemenu.videos)</selected>
						<include>dialog_Radio</include>
					</control>
					<!--playlists-->
					<control type="radiobutton" id="203">
						<label>$LOCALIZE[136]</label>
						<width>557</width>
						<onfocus>Control.Message(1,click,0)</onfocus>
						<onclick>Skin.ToggleSetting(videomenu.videoplaylists)</onclick>
						<selected>!Skin.HasSetting(videomenu.videoplaylists)</selected>
						<include>dialog_Radio</include>
						<enable>!Skin.HasSetting(homemenu.videos)</enable>
					</control>
					<!--video addons-->
					<control type="radiobutton" id="204">
						<label>$LOCALIZE[24001]</label>
						<width>557</width>
						<onclick>Skin.ToggleSetting(videomenu.addons)</onclick>
						<selected>!Skin.HasSetting(videomenu.addons)</selected>
						<include>dialog_Radio</include>
						<enable>!Skin.HasSetting(homemenu.videos)</enable>
					</control>
					<!--playlist 1-->
					<control type="button" id="210">
						<width>557</width>
						<label>$LOCALIZE[31033] 1</label>
						<label2>[I]$INFO[Skin.String(videomenu.playlist1.label)][/I]</label2>
						<onclick>Skin.Reset(videomenu.playlist1)</onclick>
						<onclick>Skin.Reset(videomenu.playlist1.path)</onclick>
						<onclick>Skin.Reset(videomenu.playlist1.label)</onclick>
						<onclick>Skin.SetFile(videomenu.playlist1.path,.xsp,special://profile/playlists/video/)</onclick>
						<onclick>Skin.SetString(videomenu.playlist1.label)</onclick>
						<include>dialog_Radio</include>
						<enable>!Skin.HasSetting(homemenu.videos)</enable>
						<visible>!Skin.HasSetting(favourites.global)</visible>
					</control>
					<!--playlist 2-->
					<control type="button" id="211">
						<width>557</width>
						<label>$LOCALIZE[31033] 2</label>
						<label2>[I]$INFO[Skin.String(videomenu.playlist2.label)][/I]</label2>
						<onclick>Skin.Reset(videomenu.playlist2)</onclick>
						<onclick>Skin.Reset(videomenu.playlist2.path)</onclick>
						<onclick>Skin.Reset(videomenu.playlist2.label)</onclick>
						<onclick>Skin.SetFile(videomenu.playlist2.path,.xsp,special://profile/playlists/video/)</onclick>
						<onclick>Skin.SetString(videomenu.playlist2.label)</onclick>
						<include>dialog_Radio</include>
						<enable>!Skin.HasSetting(homemenu.videos)</enable>
						<visible>!Skin.HasSetting(favourites.global)</visible>
					</control>
					<!--playlist 3-->
					<control type="button" id="212">
						<width>557</width>
						<label>$LOCALIZE[31033] 3</label>
						<label2>[I]$INFO[Skin.String(videomenu.playlist3.label)][/I]</label2>
						<onclick>Skin.Reset(videomenu.playlist3)</onclick>
						<onclick>Skin.Reset(videomenu.playlist3.path)</onclick>
						<onclick>Skin.Reset(videomenu.playlist3.label)</onclick>
						<onclick>Skin.SetFile(videomenu.playlist3.path,.xsp,special://profile/playlists/video/)</onclick>
						<onclick>Skin.SetString(videomenu.playlist3.label)</onclick>
						<include>dialog_Radio</include>
						<enable>!Skin.HasSetting(homemenu.videos)</enable>
						<visible>!Skin.HasSetting(favourites.global)</visible>
					</control>
					<!--playlist 4-->
					<control type="button" id="213">
						<width>557</width>
						<label>$LOCALIZE[31033] 4</label>
						<label2>[I]$INFO[Skin.String(videomenu.playlist4.label)][/I]</label2>
						<onclick>Skin.Reset(videomenu.playlist4)</onclick>
						<onclick>Skin.Reset(videomenu.playlist4.path)</onclick>
						<onclick>Skin.Reset(videomenu.playlist4.label)</onclick>
						<onclick>Skin.SetFile(videomenu.playlist4.path,.xsp,special://profile/playlists/video/)</onclick>
						<onclick>Skin.SetString(videomenu.playlist4.label)</onclick>
						<include>dialog_Radio</include>
						<enable>!Skin.HasSetting(homemenu.videos)</enable>
						<visible>!Skin.HasSetting(favourites.global)</visible>
					</control>
					<!--playlist 5-->
					<control type="button" id="214">
						<width>557</width>
						<label>$LOCALIZE[31033] 5</label>
						<label2>[I]$INFO[Skin.String(videomenu.playlist5.label)][/I]</label2>
						<onclick>Skin.Reset(videomenu.playlist5)</onclick>
						<onclick>Skin.Reset(videomenu.playlist5.path)</onclick>
						<onclick>Skin.Reset(videomenu.playlist5.label)</onclick>
						<onclick>Skin.SetFile(videomenu.playlist5.path,.xsp,special://profile/playlists/video/)</onclick>
						<onclick>Skin.SetString(videomenu.playlist5.label)</onclick>
						<include>dialog_Radio</include>
						<enable>!Skin.HasSetting(homemenu.videos)</enable>
						<visible>!Skin.HasSetting(favourites.global)</visible>
					</control>
					<!--folder 2-->
					<!--playlist 6-->
					<control type="button" id="215">
						<width>557</width>
						<label>$LOCALIZE[31033] 6</label>
						<label2>[I]$INFO[Skin.String(videomenu.playlist6.label)][/I]</label2>
						<onclick>Skin.Reset(videomenu.playlist6)</onclick>
						<onclick>Skin.Reset(videomenu.playlist6.path)</onclick>
						<onclick>Skin.Reset(videomenu.playlist6.label)</onclick>
						<onclick>Skin.SetFile(videomenu.playlist6.path,.xsp,special://profile/playlists/video/)</onclick>
						<onclick>Skin.SetString(videomenu.playlist6.label)</onclick>
						<include>dialog_Radio</include>
						<enable>!Skin.HasSetting(homemenu.videos)</enable>
						<visible>!Skin.HasSetting(favourites.global)</visible>
					</control>
					<!--folder 3-->
					<!--playlist 7-->
					<control type="button" id="216">
						<width>557</width>
						<label>$LOCALIZE[31033] 7</label>
						<label2>[I]$INFO[Skin.String(videomenu.playlist7.label)][/I]</label2>
						<onclick>Skin.Reset(videomenu.playlist7)</onclick>
						<onclick>Skin.Reset(videomenu.playlist7.path)</onclick>
						<onclick>Skin.Reset(videomenu.playlist7.label)</onclick>
						<onclick>Skin.SetFile(videomenu.playlist7.path,.xsp,special://profile/playlists/video/)</onclick>
						<onclick>Skin.SetString(videomenu.playlist7.label)</onclick>
						<include>dialog_Radio</include>
						<enable>!Skin.HasSetting(homemenu.videos)</enable>
						<visible>!Skin.HasSetting(favourites.global)</visible>
					</control>

					<!--favourite 1-->
					<control type="button" id="210">
						<width>557</width>
						<label>$LOCALIZE[32014] 1</label>
       						<label2>$INFO[Skin.String(CustomVideo.1.Label)]</label2>
        					<onclick>RunScript(script.favourites,property=CustomVideo.1)</onclick>
						<include>dialog_Radio</include>
						<enable>!Skin.HasSetting(homemenu.videos)</enable>
						<visible>Skin.HasSetting(favourites.global)</visible>
					</control>
					<!--favourite 2-->
					<control type="button" id="211">
						<width>557</width>
						<label>$LOCALIZE[32014] 2</label>
       						<label2>$INFO[Skin.String(CustomVideo.2.Label)]</label2>
        					<onclick>RunScript(script.favourites,property=CustomVideo.2)</onclick>
						<include>dialog_Radio</include>
						<enable>!Skin.HasSetting(homemenu.videos)</enable>
						<visible>Skin.HasSetting(favourites.global)</visible>
					</control>
					<!--favourite 3-->
					<control type="button" id="212">
						<width>557</width>
						<label>$LOCALIZE[32014] 3</label>
       						<label2>$INFO[Skin.String(CustomVideo.3.Label)]</label2>
        					<onclick>RunScript(script.favourites,property=CustomVideo.3)</onclick>
						<include>dialog_Radio</include>
						<enable>!Skin.HasSetting(homemenu.videos)</enable>
						<visible>Skin.HasSetting(favourites.global)</visible>
					</control>
					<!--favourite 4-->
					<control type="button" id="213">
						<width>557</width>
						<label>$LOCALIZE[32014] 4</label>
       						<label2>$INFO[Skin.String(CustomVideo.4.Label)]</label2>
        					<onclick>RunScript(script.favourites,property=CustomVideo.4)</onclick>
						<include>dialog_Radio</include>
						<enable>!Skin.HasSetting(homemenu.videos)</enable>
						<visible>Skin.HasSetting(favourites.global)</visible>
					</control>
					<!--favourite 5-->
					<control type="button" id="214">
						<width>557</width>
						<label>$LOCALIZE[32014] 5</label>
       						<label2>$INFO[Skin.String(CustomVideo.5.Label)]</label2>
        					<onclick>RunScript(script.favourites,property=CustomVideo.5)</onclick>
						<include>dialog_Radio</include>
						<enable>!Skin.HasSetting(homemenu.videos)</enable>
						<visible>Skin.HasSetting(favourites.global)</visible>
					</control>
					<!--favourite 6-->
					<control type="button" id="215">
						<width>557</width>
						<label>$LOCALIZE[32014] 6</label>
       						<label2>$INFO[Skin.String(CustomVideo.6.Label)]</label2>
        					<onclick>RunScript(script.favourites,property=CustomVideo.6)</onclick>
						<include>dialog_Radio</include>
						<enable>!Skin.HasSetting(homemenu.videos)</enable>
						<visible>Skin.HasSetting(favourites.global)</visible>
					</control>
					<!--favourite 7-->
					<control type="button" id="216">
						<width>557</width>
						<label>$LOCALIZE[32014] 7</label>
       						<label2>$INFO[Skin.String(CustomVideo.7.Label)]</label2>
        					<onclick>RunScript(script.favourites,property=CustomVideo.7)</onclick>
						<include>dialog_Radio</include>
						<enable>!Skin.HasSetting(homemenu.videos)</enable>
						<visible>Skin.HasSetting(favourites.global)</visible>
					</control>
					<!--favourite 8-->
					<control type="button" id="217">
						<width>557</width>
						<label>$LOCALIZE[32014] 8</label>
       						<label2>$INFO[Skin.String(CustomVideo.8.Label)]</label2>
        					<onclick>RunScript(script.favourites,property=CustomVideo.8)</onclick>
						<include>dialog_Radio</include>
						<enable>!Skin.HasSetting(homemenu.videos)</enable>
						<visible>Skin.HasSetting(favourites.global)</visible>
					</control>
				</control>
			<!--movies submenu-->
				<control type="grouplist" id="200">
					<posx>206</posx>
					<width>557</width>
					<height>480</height>
					<onleft>100</onleft>
					<onright>10</onright>
					<onup>200</onup>
					<ondown>200</ondown>
					<itemgap>0</itemgap>
					<visible>Skin.String(Sub,Movies)</visible>
					<!--main menu-->
					<control type="radiobutton" id="201">
						<label>$LOCALIZE[31938]</label>
						<width>557</width>
						<onclick>Skin.ToggleSetting(homemenu.movies)</onclick>
						<selected>!Skin.HasSetting(homemenu.movies)</selected>
						<include>dialog_Radio</include>
					</control>
					<!--watchlist-->
					<control type="radiobutton" id="203">
						<label>$LOCALIZE[31086]</label>
						<width>557</width>
						<onclick>Skin.ToggleSetting(moviesmenu.watchlist)</onclick>
						<selected>Skin.HasSetting(moviesmenu.watchlist)</selected>
						<enable>!Skin.HasSetting(watchlist.disable)</enable>
						<include>dialog_Radio</include>
					</control>
					<!--recent movies-->
					<control type="radiobutton" id="204">
						<label>$LOCALIZE[31095]</label>
						<width>557</width>
						<onclick>Skin.ToggleSetting(moviesmenu.recent)</onclick>
						<selected>Skin.HasSetting(moviesmenu.recent)</selected>
						<include>dialog_Radio</include>
					</control>
					<!--unwatched movies-->
					<control type="radiobutton" id="205">
						<label>$LOCALIZE[16101]</label>
						<width>557</width>
						<onclick>Skin.ToggleSetting(moviesmenu.unwatched)</onclick>
						<selected>Skin.HasSetting(moviesmenu.unwatched)</selected>
						<include>dialog_Radio</include>
					</control>
					<!--movies in progress-->
					<control type="radiobutton" id="206">
						<label>$LOCALIZE[575]</label>
						<width>557</width>
						<onclick>Skin.ToggleSetting(moviesmenu.inprogress)</onclick>
						<selected>Skin.HasSetting(moviesmenu.inprogress)</selected>
						<include>dialog_Radio</include>
					</control>
					<!--sets-->
					<control type="radiobutton" id="207">
						<label>$LOCALIZE[20434]</label>
						<width>557</width>
						<onclick>Skin.ToggleSetting(moviesmenu.sets)</onclick>
						<selected>Skin.HasSetting(moviesmenu.sets)</selected>
						<include>dialog_Radio</include>
						<enable>Library.HasContent(MovieSets)</enable>
					</control>
					<!--trailers-->
					<control type="radiobutton" id="208">
						<label>$LOCALIZE[31953]</label>
						<width>557</width>
						<onclick>Skin.ToggleSetting(moviesmenu.trailers)</onclick>
						<selected>Skin.HasSetting(moviesmenu.trailers)</selected>
						<include>dialog_Radio</include>
						<enable>System.HasAddon(plugin.video.the.trailers)</enable>
					</control>
					<!--genres-->
					<control type="radiobutton" id="209">
						<label>$LOCALIZE[135]</label>
						<width>557</width>
						<onclick>Skin.ToggleSetting(moviesmenu.genres)</onclick>
						<selected>Skin.HasSetting(moviesmenu.genres)</selected>
						<include>dialog_Radio</include>
					</control>
					<!--years-->
					<control type="radiobutton" id="210">
						<label>$LOCALIZE[652]</label>
						<width>557</width>
						<onclick>Skin.ToggleSetting(moviesmenu.years)</onclick>
						<selected>Skin.HasSetting(moviesmenu.years)</selected>
						<include>dialog_Radio</include>
					</control>
					<!--random genre-->
					<control type="radiobutton" id="211">
						<label>$LOCALIZE[32011]</label>
						<width>557</width>
						<onclick>Skin.ToggleSetting(moviesmenu.randomgenre)</onclick>
						<selected>Skin.HasSetting(moviesmenu.randomgenre)</selected>
						<enable>System.HasAddon(script.randommovie)</enable>
						<include>dialog_Radio</include>
					</control>
					<!--random movie-->
					<control type="radiobutton" id="212">
						<label>$LOCALIZE[32012]</label>
						<width>557</width>
						<onclick>Skin.ToggleSetting(moviesmenu.randommovie)</onclick>
						<selected>Skin.HasSetting(moviesmenu.randommovie)</selected>
						<enable>System.HasAddon(script.randommovie)</enable>
						<include>dialog_Radio</include>
					</control>
					<!--actors-->
					<control type="radiobutton" id="213">
						<label>$LOCALIZE[344]</label>
						<width>557</width>
						<onclick>Skin.ToggleSetting(moviesmenu.actors)</onclick>
						<selected>Skin.HasSetting(moviesmenu.actors)</selected>
						<include>dialog_Radio</include>
					</control>

				</control>
			<!--tv shows submenu-->
				<control type="grouplist" id="200">
					<posx>206</posx>
					<width>557</width>
					<height>480</height>
					<onleft>100</onleft>
					<onright>10</onright>
					<onup>200</onup>
					<ondown>200</ondown>
					<itemgap>0</itemgap>
					<visible>Skin.String(Sub,Shows)</visible>
					<!--main menu-->
					<control type="radiobutton" id="201">
						<label>$LOCALIZE[31938]</label>
						<width>557</width>
						<onclick>Skin.ToggleSetting(homemenu.tvshows)</onclick>
						<selected>!Skin.HasSetting(homemenu.tvshows)</selected>
						<include>dialog_Radio</include>
					</control>
					<!--directly go to recent episodes when pressing right on Homescreen-->
					<control type="radiobutton" id="202">
						<label>press right to go directly to new episodes</label>
						<width>557</width>
						<onclick>Skin.ToggleSetting(homemenu.directrecent)</onclick>
						<selected>Skin.HasSetting(homemenu.directrecent)</selected>
						<include>dialog_Radio</include>
					</control>
					<!--recent episodes-->
					<control type="radiobutton" id="204">
						<label>$LOCALIZE[31094]</label>
						<width>557</width>
						<onclick>Skin.ToggleSetting(tvshowsmenu.recent)</onclick>
						<selected>Skin.HasSetting(tvshowsmenu.recent)</selected>
						<include>dialog_Radio</include>
						<enable>!Skin.HasSetting(homemenu.directrecent)</enable>
					</control>
					<!--episodes in progress-->
					<control type="radiobutton" id="206">
						<label>$LOCALIZE[575]</label>
						<width>557</width>
						<onclick>Skin.ToggleSetting(tvshowsmenu.inprogress)</onclick>
						<selected>Skin.HasSetting(tvshowsmenu.inprogress)</selected>
						<include>dialog_Radio</include>
						<enable>!Skin.HasSetting(homemenu.directrecent)</enable>
					</control>
					<!--tv guide-->
					<control type="radiobutton" id="210">
						<label>$LOCALIZE[31070]</label>
						<width>557</width>
						<onclick>Skin.ToggleSetting(tvshowsmenu.guide)</onclick>
						<selected>Skin.HasSetting(tvshowsmenu.guide)</selected>
						<include>dialog_Radio</include>
						<enable>!Skin.HasSetting(homemenu.directrecent)</enable>
					</control>
				</control>
			<!--livetv submenu-->
				<control type="grouplist" id="200">
					<posx>206</posx>
					<width>557</width>
					<height>480</height>
					<onleft>100</onleft>
					<onright>10</onright>
					<onup>200</onup>
					<ondown>200</ondown>
					<itemgap>0</itemgap>
					<visible>System.GetBool(pvrmanager.enabled) + Skin.String(Sub,TV)</visible>
					<!--main menu-->
					<control type="radiobutton" id="201">
						<label>$LOCALIZE[31938]</label>
						<width>557</width>
						<onclick>Skin.ToggleSetting(homemenu.livetv)</onclick>
						<selected>!Skin.HasSetting(homemenu.livetv)</selected>
						<include>dialog_Radio</include>
					</control>
					<!--channels-->
					<control type="radiobutton" id="203">
						<label>$LOCALIZE[19019]</label>
						<width>557</width>
						<onclick>Skin.ToggleSetting(tvmenu.channels)</onclick>
						<selected>Skin.HasSetting(tvmenu.channels)</selected>
						<include>dialog_Radio</include>
						<enable>!Skin.HasSetting(homemenu.livetv)</enable>
					</control>
					<!--guide-->
					<control type="radiobutton" id="204">
						<label>$LOCALIZE[31987]</label>
						<width>557</width>
						<onclick>Skin.ToggleSetting(tvmenu.guide)</onclick>
						<selected>Skin.HasSetting(tvmenu.guide)</selected>
						<include>dialog_Radio</include>
						<enable>!Skin.HasSetting(homemenu.livetv)</enable>
					</control>
					<!--recordings-->
					<control type="radiobutton" id="205">
						<label>$LOCALIZE[19163]</label>
						<width>557</width>
						<onclick>Skin.ToggleSetting(tvmenu.recordings)</onclick>
						<selected>Skin.HasSetting(tvmenu.recordings)</selected>
						<include>dialog_Radio</include>
						<enable>!Skin.HasSetting(homemenu.livetv)</enable>
					</control>
					<!--timers-->
					<control type="radiobutton" id="206">
						<label>$LOCALIZE[31085]</label>
						<width>557</width>
						<onclick>Skin.ToggleSetting(tvmenu.timers)</onclick>
						<selected>Skin.HasSetting(tvmenu.timers)</selected>
						<include>dialog_Radio</include>
						<enable>!Skin.HasSetting(homemenu.livetv)</enable>
					</control>
				</control>
			<!--music submenu-->
				<control type="grouplist" id="200">
					<posx>206</posx>
					<width>557</width>
					<height>480</height>
					<onleft>100</onleft>
					<onright>10</onright>
					<onup>200</onup>
					<ondown>200</ondown>
					<itemgap>0</itemgap>
					<visible>Skin.String(Sub,Music)</visible>
					<!--main menu-->
					<control type="radiobutton" id="201">
						<label>$LOCALIZE[31938]</label>
						<width>557</width>
						<onclick>Skin.ToggleSetting(homemenu.music)</onclick>
						<selected>!Skin.HasSetting(homemenu.music)</selected>
						<include>dialog_Radio</include>
					</control>
					<!--recently added albums-->
					<control type="radiobutton" id="203">
						<label>$LOCALIZE[31096]</label>
						<width>557</width>
						<onclick>Skin.ToggleSetting(musicmenu.recent)</onclick>
						<selected>Skin.HasSetting(musicmenu.recent)</selected>
						<include>dialog_Radio</include>
						<enable>!Skin.HasSetting(homemenu.music)</enable>
					</control>
					<!--recent played albums-->
					<control type="radiobutton" id="204">
						<label>$LOCALIZE[517]</label>
						<width>557</width>
						<onclick>Skin.ToggleSetting(musicmenu.played)</onclick>
						<selected>Skin.HasSetting(musicmenu.played)</selected>
						<include>dialog_Radio</include>
						<enable>!Skin.HasSetting(homemenu.music)</enable>
					</control>
					<!--artists-->
					<control type="radiobutton" id="205">
						<label>$LOCALIZE[133]</label>
						<width>557</width>
						<onclick>Skin.ToggleSetting(musicmenu.artists)</onclick>
						<selected>Skin.HasSetting(musicmenu.artists)</selected>
						<include>dialog_Radio</include>
						<enable>!Skin.HasSetting(homemenu.music)</enable>
					</control>
					<!--genres-->
					<control type="radiobutton" id="206">
						<label>$LOCALIZE[135]</label>
						<width>557</width>
						<onclick>Skin.ToggleSetting(musicmenu.genres)</onclick>
						<selected>Skin.HasSetting(musicmenu.genres)</selected>
						<include>dialog_Radio</include>
						<enable>!Skin.HasSetting(homemenu.music)</enable>
					</control>
					<!--music addons-->
					<control type="radiobutton" id="207">
						<label>$LOCALIZE[24001]</label>
						<width>557</width>
						<onclick>Skin.ToggleSetting(musicmenu.addons)</onclick>
						<selected>Skin.HasSetting(musicmenu.addons)</selected>
						<include>dialog_Radio</include>
						<enable>!Skin.HasSetting(homemenu.music)</enable>
					</control>
					<!--music playlists-->
					<control type="radiobutton" id="208">
						<label>$LOCALIZE[136]</label>
						<width>557</width>
						<onclick>Skin.ToggleSetting(musicmenu.playlists)</onclick>
						<selected>Skin.HasSetting(musicmenu.playlists)</selected>
						<include>dialog_Radio</include>
						<enable>!Skin.HasSetting(homemenu.music)</enable>
					</control>
					<!--partymode-->
					<control type="radiobutton" id="209">
						<label>$LOCALIZE[589]</label>
						<width>557</width>
						<onclick>Skin.ToggleSetting(musicmenu.partymode)</onclick>
						<selected>Skin.HasSetting(musicmenu.partymode)</selected>
						<include>dialog_Radio</include>
						<enable>!Skin.HasSetting(homemenu.music)</enable>
					</control>
					<!--lastfm-->
					<control type="radiobutton" id="210">
						<label>$LOCALIZE[15200]</label>
						<width>557</width>
						<onclick>Skin.ToggleSetting(musicmenu.lastfm)</onclick>
						<selected>Skin.HasSetting(musicmenu.lastfm)</selected>
						<include>dialog_Radio</include>
						<enable>!Skin.HasSetting(homemenu.music)</enable>
					</control>
					<!--music videos-->
					<control type="radiobutton" id="211">
						<label>$LOCALIZE[20389]</label>
						<width>557</width>
						<onclick>Skin.ToggleSetting(musicmenu.videos)</onclick>
						<selected>Skin.HasSetting(musicmenu.videos)</selected>
						<include>dialog_Radio</include>
						<enable>!Skin.HasSetting(homemenu.music)</enable>
					</control>
					<!--playlist 1-->
					<control type="button" id="212">
						<width>557</width>
						<label>$LOCALIZE[31033] 1</label>
						<label2>[I]$INFO[Skin.String(musicmenu.playlist1.label)][/I]</label2>
						<onclick>Skin.Reset(musicmenu.playlist1)</onclick>
						<onclick>Skin.Reset(musicmenu.playlist1.path)</onclick>
						<onclick>Skin.Reset(musicmenu.playlist1.label)</onclick>
						<onclick>Skin.SetFile(musicmenu.playlist1.path,.xsp,special://profile/playlists/music/)</onclick>
						<onclick>Skin.SetString(musicmenu.playlist1.label)</onclick>
						<include>dialog_Radio</include>
						<enable>!Skin.HasSetting(homemenu.music)</enable>
						<visible>!Skin.HasSetting(favourites.global)</visible>
					</control>
					<!--favourite 1-->
					<control type="button" id="212">
						<width>557</width>
						<label>$LOCALIZE[32014] 1</label>
       						<label2>$INFO[Skin.String(CustomMusic.1.Label)]</label2>
        					<onclick>RunScript(script.favourites,property=CustomMusic.1)</onclick>
						<include>dialog_Radio</include>
						<enable>!Skin.HasSetting(homemenu.videos)</enable>
						<visible>Skin.HasSetting(favourites.global)</visible>
					</control>

				</control>
			<!--pictures submenu-->
				<control type="grouplist" id="200">
					<posx>206</posx>
					<width>557</width>
					<height>480</height>
					<onleft>100</onleft>
					<onright>10</onright>
					<onup>200</onup>
					<ondown>200</ondown>
					<itemgap>0</itemgap>
					<visible>Skin.String(Sub,Pictures)</visible>
					<!--main menu-->
					<control type="radiobutton" id="201">
						<label>$LOCALIZE[31938]</label>
						<width>557</width>
						<onclick>Skin.ToggleSetting(homemenu.pictures)</onclick>
						<selected>!Skin.HasSetting(homemenu.pictures)</selected>
						<include>dialog_Radio</include>
					</control>
					<!--add-ons-->
					<control type="radiobutton" id="203">
						<label>$LOCALIZE[24001]</label>
						<width>557</width>
						<onclick>Skin.ToggleSetting(picturesmenu.addons)</onclick>
						<selected>Skin.HasSetting(picturesmenu.addons)</selected>
						<include>dialog_Radio</include>
						<enable>!Skin.HasSetting(homemenu.pictures)</enable>
					</control>
				</control>
			<!--addons submenu-->
				<control type="grouplist" id="200">
					<posx>206</posx>
					<width>557</width>
					<height>480</height>
					<onleft>100</onleft>
					<onright>10</onright>
					<onup>200</onup>
					<ondown>200</ondown>
					<itemgap>0</itemgap>
					<visible>Skin.String(Sub,Addons)</visible>
					<!--main menu-->
					<control type="radiobutton" id="201">
						<label>$LOCALIZE[31938]</label>
						<width>557</width>
						<onclick>Skin.ToggleSetting(homemenu.addons)</onclick>
						<selected>!Skin.HasSetting(homemenu.addons)</selected>
						<include>dialog_Radio</include>
					</control>
					<!--available updates-->
					<control type="radiobutton" id="203">
						<label>$LOCALIZE[24043]</label>
						<width>557</width>
						<onclick>Skin.ToggleSetting(addonsmenu.updates)</onclick>
						<selected>Skin.HasSetting(addonsmenu.updates)</selected>
						<include>dialog_Radio</include>
						<enable>!Skin.HasSetting(homemenu.addons)</enable>
					</control>
					<!--programs-->
					<control type="radiobutton" id="204">
						<label>$LOCALIZE[0]</label>
						<width>557</width>
						<onclick>Skin.ToggleSetting(addonsmenu.programs)</onclick>
						<selected>Skin.HasSetting(addonsmenu.programs)</selected>
						<include>dialog_Radio</include>
						<enable>!Skin.HasSetting(homemenu.addons)</enable>
					</control>
					<!--addon 1-->
					<control type="button" id="210">
						<width>557</width>
						<label>$LOCALIZE[24000] 1</label>
						<label2>[I]$INFO[Skin.String(addonsmenu.addon1.label)][/I]</label2>
						<onclick>Skin.Reset(addonsmenu.addon1)</onclick>
						<onclick>Skin.Reset(addonsmenu.addon1.path)</onclick>
						<onclick>Skin.Reset(addonsmenu.addon1.label)</onclick>
						<onclick>Skin.SetAddOn(addonsmenu.addon1.path,xbmc.python.pluginsource)</onclick>
						<onclick>Skin.SetString(addonsmenu.addon1.label)</onclick>
						<include>dialog_Radio</include>
						<enable>!Skin.HasSetting(homemenu.addons)</enable>
					</control>
					<!--addon 2-->
					<control type="button" id="211">
						<width>557</width>
						<label>$LOCALIZE[24000] 2</label>
						<label2>[I]$INFO[Skin.String(addonsmenu.addon2.label)][/I]</label2>
						<onclick>Skin.Reset(addonsmenu.addon2)</onclick>
						<onclick>Skin.Reset(addonsmenu.addon2.path)</onclick>
						<onclick>Skin.Reset(addonsmenu.addon2.label)</onclick>
						<onclick>Skin.SetAddOn(addonsmenu.addon2.path,xbmc.python.pluginsource)</onclick>
						<onclick>Skin.SetString(addonsmenu.addon2.label)</onclick>
						<include>dialog_Radio</include>
						<enable>!Skin.HasSetting(homemenu.addons)</enable>
					</control>
					<!--addon 3-->
					<control type="button" id="212">
						<width>557</width>
						<label>$LOCALIZE[24000] 3</label>
						<label2>[I]$INFO[Skin.String(addonsmenu.addon3.label)][/I]</label2>
						<onclick>Skin.Reset(addonsmenu.addon3)</onclick>
						<onclick>Skin.Reset(addonsmenu.addon3.path)</onclick>
						<onclick>Skin.Reset(addonsmenu.addon3.label)</onclick>
						<onclick>Skin.SetAddOn(addonsmenu.addon3.path,xbmc.python.pluginsource)</onclick>
						<onclick>Skin.SetString(addonsmenu.addon3.label)</onclick>
						<include>dialog_Radio</include>
						<enable>!Skin.HasSetting(homemenu.addons)</enable>
					</control>
					<!--addon 4-->
					<control type="button" id="213">
						<width>557</width>
						<label>$LOCALIZE[24000] 4</label>
						<label2>[I]$INFO[Skin.String(addonsmenu.addon4.label)][/I]</label2>
						<onclick>Skin.Reset(addonsmenu.addon4)</onclick>
						<onclick>Skin.Reset(addonsmenu.addon4.path)</onclick>
						<onclick>Skin.Reset(addonsmenu.addon4.label)</onclick>
						<onclick>Skin.SetAddOn(addonsmenu.addon4.path,xbmc.python.pluginsource)</onclick>
						<onclick>Skin.SetString(addonsmenu.addon4.label)</onclick>
						<include>dialog_Radio</include>
						<enable>!Skin.HasSetting(homemenu.addons)</enable>
					</control>
					<!--addon 5-->
					<control type="button" id="214">
						<width>557</width>
						<label>$LOCALIZE[24000] 5</label>
						<label2>[I]$INFO[Skin.String(addonsmenu.addon5.label)][/I]</label2>
						<onclick>Skin.Reset(addonsmenu.addon5)</onclick>
						<onclick>Skin.Reset(addonsmenu.addon5.path)</onclick>
						<onclick>Skin.Reset(addonsmenu.addon5.label)</onclick>
						<onclick>Skin.SetAddOn(addonsmenu.addon5.path,xbmc.python.pluginsource)</onclick>
						<onclick>Skin.SetString(addonsmenu.addon5.label)</onclick>
						<include>dialog_Radio</include>
						<enable>!Skin.HasSetting(homemenu.addons)</enable>
					</control>
					<!--addon 6-->
					<control type="button" id="215">
						<width>557</width>
						<label>$LOCALIZE[24000] 6</label>
						<label2>[I]$INFO[Skin.String(addonsmenu.addon6.label)][/I]</label2>
						<onclick>Skin.Reset(addonsmenu.addon6)</onclick>
						<onclick>Skin.Reset(addonsmenu.addon6.path)</onclick>
						<onclick>Skin.Reset(addonsmenu.addon6.label)</onclick>
						<onclick>Skin.SetAddOn(addonsmenu.addon6.path,xbmc.python.pluginsource)</onclick>
						<onclick>Skin.SetString(addonsmenu.addon6.label)</onclick>
						<include>dialog_Radio</include>
						<enable>!Skin.HasSetting(homemenu.addons)</enable>
					</control>
					<!--program 1-->
					<control type="button" id="216">
						<width>557</width>
						<label>$LOCALIZE[31992] 1</label>
						<label2>[I]$INFO[Skin.String(programs.program1.label)][/I]</label2>
						<onclick>Skin.Reset(programs.program1)</onclick>
						<onclick>Skin.Reset(programs.program1.path)</onclick>
						<onclick>Skin.Reset(programs.program1.label)</onclick>
						<onclick>Skin.SetAddOn(programs.program1.path,xbmc.addon.executable)</onclick>
						<onclick>Skin.SetString(programs.program1.label)</onclick>
						<include>dialog_Radio</include>
						<enable>!Skin.HasSetting(homemenu.addons)</enable>
					</control>
					<control type="button" id="217">
						<width>557</width>
						<label>$LOCALIZE[31992] 2</label>
						<label2>[I]$INFO[Skin.String(programs.program2.label)][/I]</label2>
						<onclick>Skin.Reset(programs.program2)</onclick>
						<onclick>Skin.Reset(programs.program2.path)</onclick>
						<onclick>Skin.Reset(programs.program2.label)</onclick>
						<onclick>Skin.SetAddOn(programs.program2.path,xbmc.addon.executable)</onclick>
						<onclick>Skin.SetString(programs.program2.label)</onclick>
						<include>dialog_Radio</include>
						<enable>!Skin.HasSetting(homemenu.addons)</enable>
					</control>
				</control>
			</control>
			<!--system submenu-->
			<control type="grouplist" id="200">
				<posx>206</posx>
				<width>557</width>
				<height>480</height>
				<onleft>100</onleft>
				<onright>10</onright>
				<onup>200</onup>
				<ondown>200</ondown>
				<itemgap>0</itemgap>
				<visible>Skin.String(Sub,System)</visible>
				<!--remove system main menu-->
				<control type="radiobutton" id="201">
					<label>[BE CAREFUL!] Hide System Menu</label>
					<width>557</width>
					<onclick>Skin.ToggleSetting(homemenu.removesystem)</onclick>
					<selected>Skin.HasSetting(homemenu.removesystem)</selected>
					<include>dialog_Radio</include>
				</control>
			</control>
			<!--favourites submenu-->
			<control type="grouplist" id="200">
				<posx>206</posx>
				<width>557</width>
				<height>480</height>
				<onleft>100</onleft>
				<onright>10</onright>
				<onup>200</onup>
				<ondown>200</ondown>
				<itemgap>0</itemgap>
				<visible>Skin.String(Sub,Favourites)</visible>
				<!--main menu-->
				<control type="radiobutton" id="201">
					<label>$LOCALIZE[31938]</label>
					<width>557</width>
					<onclick>Skin.ToggleSetting(homemenu.favourites)</onclick>
					<selected>!Skin.HasSetting(homemenu.favourites)</selected>
					<include>dialog_Radio</include>
				</control>
			</control>
			<!--disc submenu-->
			<control type="grouplist" id="200">
				<posx>206</posx>
				<width>557</width>
				<height>480</height>
				<onleft>100</onleft>
				<onright>10</onright>
				<onup>200</onup>
				<ondown>200</ondown>
				<itemgap>0</itemgap>
				<visible>Skin.String(Sub,Disc)</visible>
				<!--main menu-->
				<control type="radiobutton" id="201">
					<label>$LOCALIZE[31938]</label>
					<width>557</width>
					<onclick>Skin.ToggleSetting(homemenu.disc)</onclick>
					<selected>!Skin.HasSetting(homemenu.disc)</selected>
					<include>dialog_Radio</include>
				</control>
			</control>
			<!--now playing-->
			<control type="grouplist" id="200">
				<posx>206</posx>
				<width>557</width>
				<height>480</height>
				<onleft>100</onleft>
				<onright>10</onright>
				<onup>200</onup>
				<ondown>200</ondown>
				<itemgap>0</itemgap>
				<visible>Skin.String(Sub,Playing)</visible>
				<!--main menu-->
				<control type="radiobutton" id="201">
					<label>$LOCALIZE[31938]</label>
					<width>557</width>
					<onclick>Skin.ToggleSetting(homemenu.playing)</onclick>
					<selected>!Skin.HasSetting(homemenu.playing)</selected>
					<include>dialog_Radio</include>
				</control>
			</control>
			<!--weather submenu-->
			<control type="grouplist" id="200">
				<posx>206</posx>
				<width>557</width>
				<height>480</height>
				<onleft>100</onleft>
				<onright>10</onright>
				<onup>200</onup>
				<ondown>200</ondown>
				<itemgap>0</itemgap>
				<visible>Skin.String(Sub,Weather)</visible>
				<!--main menu-->
				<control type="radiobutton" id="201">
					<label>$LOCALIZE[31938]</label>
					<width>557</width>
					<onclick>Skin.ToggleSetting(homemenu.weather)</onclick>
					<selected>!Skin.HasSetting(homemenu.weather)</selected>
					<include>dialog_Radio</include>
				</control>
			</control>
		</control>
		<!--ok-->
		<control type="button" id="10">
			<posx>645</posx>
			<posy>569</posy>
			<label>$LOCALIZE[186]</label>
			<onup>200</onup>
			<onleft>100</onleft>
			<onright>11</onright>
			<ondown>311</ondown>
			<onclick>Close</onclick>
			<include>dialog_Button</include>
		</control>
	</controls>
</window>
