<?xml version="1.0" encoding="UTF-8"?>
<window>
	<coordinates>
		<system>1</system>
		<posx>0</posx>
		<posy>0</posy>
	</coordinates>
	<controls>
		<control type="group">
			<visible>![Window.IsActive(startup) | Window.IsActive(fullscreenvideo) | Window.IsActive(infodialog) | Window.IsActive(script-cu-lrclyrics-main.xml) | Window.IsActive(videooverlay)]</visible>
			<include>toggle_ToastMute</include>
			<control type="fadelabel" id="30">
				<posx>690r</posx>
				<posy>2</posy>
				<width>559</width>
				<align>right</align>
				<include>toast_Top</include>
			</control>
			<control type="fadelabel" id="31">
				<posx>530r</posx>
				<posy>28</posy>
				<width>400</width>
				<include>toast_Bottom</include>
			</control>
			<control type="label" id="33">
				<posx>120r</posx>
				<label>$INFO[Control.GetLabel(32),,%]</label>
				<include>toast_Side</include>
			</control>
			<control type="progress" id="32">
				<texturebg>-</texturebg>
				<lefttexture>-</lefttexture>
				<midtexture>-</midtexture>
				<righttexture>-</righttexture>
				<overlaytexture>-</overlaytexture>
				<visible>false</visible>
			</control>
		</control>
	</controls>
</window>
