﻿<?xml version="1.0" encoding="UTF-8"?>
<includes>
	<include name="global_Background">
		<control type="image">
			<include>screen_Dimensions</include>
			<texture background="true">$VAR[global_Background.Fallback]</texture>
			<visible>Skin.HasSetting(fanart.global) + IsEmpty(ListItem.Property(Fanart_Image)) + ![Player.HasVideo + Skin.HasSetting(backgroundvideo.global)] + !ControlGroup(6000).HasFocus</visible>
			<include>transition_Fanart</include>
			<include>menu_BackgroundHide</include>
		</control>
		<control type="image" id="78900">
			<include>screen_Dimensions</include>
			<texture background="true">$INFO[ListItem.Property(Fanart_Image)]</texture>
			<visible>Skin.HasSetting(fanart.global) | Control.IsVisible(551) + !IsEmpty(ListItem.Property(Fanart_Image)) + ![Player.HasVideo + Skin.HasSetting(backgroundvideo.global)] + !ControlGroup(6000).HasFocus</visible>
			<include>transition_Fanart</include>
			<fadetime>fadetime_Fanart</fadetime>
			<include>menu_BackgroundHide</include>
		</control>
		<!--playing video background-->
		<control type="group">
			<visible>Player.HasVideo + Skin.HasSetting(backgroundvideo.global)</visible>
			<control type="image">
				<aspectratio>stretch</aspectratio>
				<include>screen_Dimensions</include>
				<texture>black.png</texture>
				<visible></visible>
			</control>
			<control type="videowindow">
				<include>screen_Dimensions</include>
				<visible>![Window.IsActive(pictures) + Control.IsVisible(531)] + !Window.IsActive(weather)</visible>
			</control>
		</control>
		 <!--LANDSCAPE-->
		<control type="image">
		<include>screen_Dimensions</include>
			<posy>320</posy>
			<width>1280</width>
			<height>400</height>
			<texture diffuse="overlays/landscapeOverlay.png">backgrounds/background.png</texture>
			<visible>[Control.IsVisible(550) | Control.IsVisible(551)] + !Window.IsActive(2003)</visible>
			<include>menu_BackgroundHide</include>
		</control>
		<!--global background-->
		<control type="image">
			<aspectratio>stretch</aspectratio>
			<include>screen_Dimensions</include>
			<texture background="true">backgrounds/background.png</texture>
			<visible>[![Window.IsActive(2) + Control.IsVisible(531)] + !Window.IsActive(2006)] + ![[Control.IsVisible(550) | Control.IsVisible(551) | Control.IsVisible(531)] + !Window.IsActive(2003) + Skin.HasSetting(fanart.global)]</visible>
			<include>transition_BG</include>
		</control>
	</include>
</includes>
