﻿<?xml version="1.0" encoding="UTF-8"?>
<window type="dialog" id="62">
	<defaultcontrol always="true">100</defaultcontrol>
	<include>dialogOpen</include>
	<coordinates>
		<system>1</system>
		<posx>415</posx>
		<posy>185</posy>
	</coordinates>
	<controls>
		<control type="image">
			<width>450</width>
			<height>360</height>
			<include>dialogWindow</include>
		</control>
		<control type="label" id="1">
			<width>382</width>
			<label>$LOCALIZE[21435]</label>
			<include>dialog_Windowtitle</include>
		</control>
		<control type="group">
			<posx>19</posx>
			<posy>75</posy>
			<control type="image">
				<width>413</width>
				<include>dialog_Separator</include>
			</control>
			<control type="list" id="100">
				<width>413</width>
				<height>320</height>
				<onup>100</onup>
				<ondown>100</ondown>
				<onright>-</onright>
				<scrolltime tween="Cubic" easing="Out">200</scrolltime>
				<itemlayout height="40">
					<control type="image">
						<width>413</width>
						<include>dialog_CommonList</include>
					</control>
					<control type="label">
						<width>397</width>
						<info>ListItem.Label</info>
						<include>dialog_CommonListItem</include>
					</control>
				</itemlayout>
				<focusedlayout height="40">
					<control type="image">
						<width>413</width>
						<include>dialog_CommonList</include>
						<visible>!Control.HasFocus(100)</visible>
					</control>
					<control type="image">
						<width>413</width>
						<height>40</height>
						<include>dialog_CommonListFocus</include>
						<visible>Control.HasFocus(100)</visible>
					</control>
					<control type="label">
						<posx>15</posx>
						<width>397</width>
						<info>ListItem.Label</info>
						<include>dialog_CommonListItemFocus</include>
					</control>
				</focusedlayout>
				<content>
					<!--refresh-->
					<item id="1">
						<label>$LOCALIZE[31942]</label>
						<onclick>Close</onclick>
						<onclick>SendClick(2003,6)</onclick>
						<visible>!Window.IsActive(3000)</visible>
					</item>
					<!--art-->
					<item id="2">
						<label>$LOCALIZE[31943]</label>
						<onclick>SendClick(2003,10)</onclick>
						<visible>!Window.IsActive(3000)</visible>
					</item>
						<!--artwork downloader-->
					<item id="4">
						<description>Get Artwork</description>
						<label>$LOCALIZE[31950]</label>
						<onclick condition="Container.Content(tvshows)">XBMC.RunScript(script.artwork.downloader, mode=gui, mediatype=tvshow, dbid=$INFO[ListItem.DBID])</onclick>
						<onclick condition="Container.Content(movies)">XBMC.RunScript(script.artwork.downloader, mode=gui, mediatype=movie, dbid=$INFO[ListItem.DBID])</onclick>
						<visible>[Container.Content(tvshows)|Container.Content(movies)]+system.hasaddon(script.artwork.downloader)</visible>
					</item>
					<!--metadata.actors-refresh-->
					<item id="8">
						<label>$LOCALIZE[31942]</label>
						<onclick>Close</onclick>
						<onclick>SendClick(3000,6)</onclick>
						<visible>System.HasAddon(script.metadata.actors) + Container.Content(actors)</visible>
					</item>
					<!--metadata.actors-thumbnail-->
					<item id="9">
						<label>$LOCALIZE[31943]</label>
						<onclick>SendClick(3000,10)</onclick>
						<onclick>Close</onclick>
						<visible>System.HasAddon(script.metadata.actors) + Container.Content(actors)</visible>
					</item>
					<!--metadata.actors-fanart-->
					<item id="10">
						<label>$LOCALIZE[31944]</label>
						<onclick>SendClick(3000,20)</onclick>
						<onclick>Close</onclick>
						<visible>System.HasAddon(script.metadata.actors) + Container.Content(actors)</visible>
					</item>
					<!--metadata.actors-edit-->
					<item id="11">
						<label>$LOCALIZE[20067]</label>
						<onclick>SendClick(3000,11)</onclick>
						<onclick>Close</onclick>
						<visible>System.HasAddon(script.metadata.actors) + Container.Content(actors)</visible>
					</item>
				</content>
			</control>
		</control>
	</controls>
</window>
