﻿<?xml version="1.0" encoding="UTF-8"?>
<fonts>
	<fontset id="Default" unicode="true">
<!-- HOME -->
		<font>
			<name>homeMenu</name>
			<filename>Light.ttf</filename>
			<size>46</size>
		</font>
		<font>
			<name>homeMenuInfo</name>
			<filename>Light.ttf</filename>
			<size>42</size>
		</font>
		<font>
			<name>rss</name>
			<filename>RegularCaps.ttf</filename>
			<size>18</size>
		</font>
<!-- WINDOWS -->
		<font>
			<name>windowTitle</name>
			<filename>Light.ttf</filename>
			<size>52</size>
		</font>
		<font>
			<name>windowTitleAlt</name>
			<filename>Light.ttf</filename>
			<size>52</size>
		</font>
		<font>
			<name>windowMenu</name>
			<filename>Light.ttf</filename>
			<size>34</size>
		</font>
<!-- TOAST -->
		<font>
			<name>toastProgress</name>
			<filename>LightCaps.ttf</filename>
			<size>42</size> 
		</font>
<!-- CONTAINERS -->
		<font>
			<name>list</name>
			<filename>RegularLow.ttf</filename>
			<size>22</size>
		</font>
		<font>
			<name>listAlt</name>
			<filename>Regular.ttf</filename>
			<size>22</size>
		</font>
		<font>
			<name>listInfo</name>
			<filename>RegularCaps.ttf</filename>
			<size>18</size>
		</font>
		<font>
			<name>info</name>
			<filename>RegularCaps.ttf</filename>
			<size>20</size>
		</font>
		<font>
			<name>listBig</name>
			<filename>RegularLow.ttf</filename>
			<size>26</size>
		</font>
		<font>
			<name>listBig_LongTitle</name>
			<filename>RegularLow.ttf</filename>
			<size>26</size>
			<aspect>0.70</aspect>
		</font>
		<font>
			<name>title</name>
			<filename>LightCaps.ttf</filename>
			<size>28</size>
		</font>
		<font>
			<name>title_LongTitle</name>
			<filename>LightCaps.ttf</filename>
			<size>28</size>
			<aspect>0.70</aspect>
		</font>
		<font>
			<name>titleAlt</name>
			<filename>LightAlt.ttf</filename>
			<size>28</size>
		</font>
		<font>
			<name>titleSmall</name>
			<filename>LightCaps.ttf</filename>
			<size>26</size>
		</font>
		<font>
			<name>titleSmaller</name>
			<filename>LightCaps.ttf</filename>
			<size>24</size>
		</font>
		<font>
			<name>titleLow</name>
			<filename>Light.ttf</filename>
			<size>28</size>
		</font>
		<font>
			<name>titleSpecial</name>
			<filename>Light.ttf</filename>
			<size>42</size>
		</font>
		<font>
			<name>titleSpecialFit</name>
			<filename>Light.ttf</filename>
			<size>42</size>
			<aspect>0.70</aspect>
		</font>
		<font>
			<name>titleSpecial2</name>
			<filename>Light.ttf</filename>
			<size>30</size>
		</font>
		<font>
			<name>description</name>
			<filename>Regular.ttf</filename>
			<size>22</size>
		</font>
		<font>
			<name>descriptionSmall</name>
			<filename>Regular.ttf</filename>
			<size>20</size>
		</font>
<!-- GENERAL -->
		<font>
			<name>normal</name>
			<filename>RegularLow.ttf</filename>
			<size>22</size>
		</font>
		<font>
			<name>normalAlt</name>
			<filename>Regular.ttf</filename>
			<size>22</size>
		</font>
		<font>
			<name>normalCaps</name>
			<filename>RegularCaps.ttf</filename>
			<size>22</size>
		</font>
		<font>
			<name>small</name>
			<filename>RegularLow.ttf</filename>
			<size>20</size>
		</font>	
		<font>
			<name>smallAlt</name>
			<filename>Regular.ttf</filename>
			<size>20</size>
		</font>
		<font>
			<name>smallCaps</name>
			<filename>RegularCaps.ttf</filename>
			<size>20</size>
		</font>
		<font>
			<name>smallBold</name>
			<filename>RegularLow.ttf</filename>
			<style>bold</style>
			<size>20</size>
		</font>	
		<font>
			<name>smallerCaps</name>
			<filename>RegularCaps.ttf</filename>
			<size>18</size>
		</font>
<!-- SETTINGS -->
		<font>
			<name>category</name>
			<filename>Light.ttf</filename>
			<size>30</size>
		</font>
<!-- OSD -->
		<font>
			<name>osdTitle</name>
			<filename>LightCaps.ttf</filename>
			<size>36</size>
		</font>
		<font>
			<name>osdHeader</name>
			<filename>Light.ttf</filename>
			<size>48</size>
		</font>
<!-- DIALOGS -->
		<font>
			<name>titleInfoDialog</name>
			<filename>LightAlt.ttf</filename>
			<size>46</size>
		</font>
		<font>
			<name>titleInfoDialogFit</name>
			<filename>LightAlt.ttf</filename>
			<size>46</size>
			<aspect>0.70</aspect>
		</font>
		<font>
			<name>dialog1</name>
			<filename>Light.ttf</filename>
			<size>32</size>
		</font>
		<font>
			<name>dialog2</name>
			<filename>RegularLow.ttf</filename>
			<size>20</size>
		</font>
		<font>
			<name>keyboard</name>
			<filename>Regular.ttf</filename>
			<size>20</size>
		</font>
<!-- SCRIPT REFERENCE/LEGACY -->
		<font>
			<name>font10</name>
			<filename>Arial.ttf</filename>
			<size>16</size>
		</font>
		<font>
			<name>font13</name>
			<filename>Arial.ttf</filename>
			<size>22</size>
		</font>
		<font>
			<name>font14</name>
			<filename>Arial.ttf</filename>
			<size>20</size>
		</font>
		<font>
			<name>special13</name>
			<filename>Arial.ttf</filename>
			<size>20</size>
		</font>
	</fontset>

<!--------------->
<!-- ALTERNATE -->
<!--------------->
	<fontset id="Alternate" unicode="true">
<!-- HOME -->
		<font>
			<name>homeMenu</name>
			<filename>Light.ttf</filename>
			<size>46</size>
		</font>
		<font>
			<name>homeMenuInfo</name>
			<filename>Light.ttf</filename>
			<size>42</size>
		</font>
		<font>
			<name>rss</name>
			<filename>RegularCaps.ttf</filename>
			<size>18</size>
		</font>
<!-- WINDOWS -->
		<font>
			<name>windowTitle</name>
			<filename>Light.ttf</filename>
			<size>52</size>
		</font>
		<font>
			<name>windowTitleAlt</name>
			<filename>Light.ttf</filename>
			<size>52</size>
		</font>
		<font>
			<name>windowMenu</name>
			<filename>Light.ttf</filename>
			<size>34</size>
		</font>
<!-- TOAST -->
		<font>
			<name>toastProgress</name>
			<filename>LightCaps.ttf</filename>
			<size>42</size> 
		</font>
<!-- CONTAINERS -->
		<font>
			<name>list</name>
			<filename>RegularLow.ttf</filename>
			<size>22</size>
		</font>
		<font>
			<name>listAlt</name>
			<filename>Regular.ttf</filename>
			<size>22</size>
		</font>
		<font>
			<name>listInfo</name>
			<filename>RegularCaps.ttf</filename>
			<size>18</size>
		</font>
		<font>
			<name>info</name>
			<filename>RegularCaps.ttf</filename>
			<size>20</size>
		</font>
		<font>
			<name>listBig</name>
			<filename>Regular.ttf</filename>
			<size>26</size>
		</font>
		<font>
			<name>listBig_LongTitle</name>
			<filename>Regular.ttf</filename>
			<size>26</size>
			<aspect>0.70</aspect>
		</font>
		<font>
			<name>title</name>
			<filename>LightCaps.ttf</filename>
			<size>28</size>
		</font>
		<font>
			<name>title_LongTitle</name>
			<filename>LightCaps.ttf</filename>
			<size>28</size>
			<aspect>0.70</aspect>
		</font>
		<font>
			<name>titleAlt</name>
			<filename>LightAlt.ttf</filename>
			<size>28</size>
		</font>
		<font>
			<name>titleSmall</name>
			<filename>LightCaps.ttf</filename>
			<size>26</size>
		</font>
		<font>
			<name>titleSmaller</name>
			<filename>LightCaps.ttf</filename>
			<size>24</size>
		</font>
		<font>
			<name>titleLow</name>
			<filename>Light.ttf</filename>
			<size>28</size>
		</font>
		<font>
			<name>titleSpecial</name>
			<filename>Light.ttf</filename>
			<size>42</size>
		</font>
		<font>
			<name>titleSpecialFit</name>
			<filename>Light.ttf</filename>
			<size>42</size>
			<aspect>0.70</aspect>
		</font>
		<font>
			<name>description</name>
			<filename>Regular.ttf</filename>
			<size>22</size>
		</font>
		<font>
			<name>descriptionSmall</name>
			<filename>Regular.ttf</filename>
			<size>20</size>
		</font>
<!-- GENERAL -->
		<font>
			<name>normal</name>
			<filename>RegularLow.ttf</filename>
			<size>22</size>
		</font>
		<font>
			<name>normalAlt</name>
			<filename>Regular.ttf</filename>
			<size>22</size>
		</font>
		<font>
			<name>normalCaps</name>
			<filename>RegularCaps.ttf</filename>
			<size>22</size>
		</font>
		<font>
			<name>small</name>
			<filename>RegularLow.ttf</filename>
			<size>20</size>
		</font>
		<font>
			<name>smallAlt</name>
			<filename>Regular.ttf</filename>
			<size>20</size>
		</font>
		<font>
			<name>smallCaps</name>
			<filename>RegularCaps.ttf</filename>
			<size>20</size>
		</font>
		<font>
			<name>smallBold</name>
			<filename>RegularLow.ttf</filename>
			<style>bold</style>
			<size>20</size>
		</font>
		<font>
			<name>smallerCaps</name>
			<filename>RegularCaps.ttf</filename>
			<size>18</size>
		</font>
<!-- SETTINGS -->
		<font>
			<name>category</name>
			<filename>Light.ttf</filename>
			<size>30</size>
		</font>
<!-- OSD -->
		<font>
			<name>osdTitle</name>
			<filename>LightCaps.ttf</filename>
			<size>36</size>
		</font>
		<font>
			<name>osdHeader</name>
			<filename>Light.ttf</filename>
			<size>48</size>
		</font>
<!-- DIALOGS -->
		<font>
			<name>titleInfoDialog</name>
			<filename>LightAlt.ttf</filename>
			<size>46</size>
		</font>
		<font>
			<name>titleInfoDialogFit</name>
			<filename>LightAlt.ttf</filename>
			<size>46</size>
			<aspect>0.70</aspect>
		</font>
		<font>
			<name>dialog1</name>
			<filename>Light.ttf</filename>
			<size>32</size>
		</font>
		<font>
			<name>dialog2</name>
			<filename>RegularLow.ttf</filename>
			<size>20</size>
		</font>
		<font>
			<name>keyboard</name>
			<filename>Regular.ttf</filename>
			<size>20</size>
		</font>
<!-- SCRIPT REFERENCE/LEGACY -->
		<font>
			<name>font10</name>
			<filename>Arial.ttf</filename>
			<size>16</size>
		</font>
		<font>
			<name>font13</name>
			<filename>Arial.ttf</filename>
			<size>22</size>
		</font>
		<font>
			<name>font14</name>
			<filename>Arial.ttf</filename>
			<size>20</size>
		</font>
		<font>
			<name>special13</name>
			<filename>Arial.ttf</filename>
			<size>20</size>
		</font>	
	</fontset>

<!------------->
<!-- ARIAL -->
<!------------->
	<fontset id="Arial" unicode="true">
<!-- HOME -->
		<font>
			<name>homeMenu</name>
			<filename>Arial.ttf</filename>
			<size>38</size>
		</font>
		<font>
			<name>homeMenuInfo</name>
			<filename>Arial.ttf</filename>
			<size>36</size>
		</font>
		<font>
			<name>rss</name>
			<filename>Arial.ttf</filename>
			<size>18</size>
		</font>
<!-- WINDOWS -->
		<font>
			<name>windowTitle</name>
			<filename>Arial.ttf</filename>
			<size>38</size>
		</font>
		<font>
			<name>windowTitleAlt</name>
			<filename>Arial.ttf</filename>
			<size>52</size>
		</font>
		<font>
			<name>windowMenu</name>
			<filename>Arial.ttf</filename>
			<size>34</size>
		</font>
<!-- TOAST -->
		<font>
			<name>toastProgress</name>
			<filename>Arial.ttf</filename>
			<size>42</size> 
		</font>
<!-- CONTAINERS -->
		<font>
			<name>list</name>
			<filename>Arial.ttf</filename>
			<size>22</size>
		</font>
		<font>
			<name>listAlt</name>
			<filename>Arial.ttf</filename>
			<size>22</size>
		</font>
		<font>
			<name>listInfo</name>
			<filename>Arial.ttf</filename>
			<size>18</size>
		</font>
		<font>
			<name>info</name>
			<filename>Arial.ttf</filename>
			<size>20</size>
		</font>
		<font>
			<name>listBig</name>
			<filename>Arial.ttf</filename>
			<size>24</size>
		</font>
		<font>
			<name>listBig_LongTitle</name>
			<filename>Arial.ttf</filename>
			<size>24</size>
			<aspect>0.70</aspect>
		</font>
		<font>
			<name>title</name>
			<filename>Arial.ttf</filename>
			<size>28</size>
		</font>
		<font>
			<name>title_LongTitle</name>
			<filename>Arial.ttf</filename>
			<size>28</size>
			<aspect>0.70</aspect>
		</font>
		<font>
			<name>titleAlt</name>
			<filename>Arial.ttf</filename>
			<size>28</size>
		</font>
		<font>
			<name>titleSmall</name>
			<filename>Arial.ttf</filename>
			<size>26</size>
		</font>
		<font>
			<name>titleSmaller</name>
			<filename>Arial.ttf</filename>
			<size>24</size>
		</font>
		<font>
			<name>titleLow</name>
			<filename>Arial.ttf</filename>
			<size>28</size>
		</font>
		<font>
			<name>titleSpecial</name>
			<filename>Arial.ttf</filename>
			<size>34</size>
		</font>
		<font>
			<name>titleSpecialFit</name>
			<filename>Arial.ttf</filename>
			<size>34</size>
			<aspect>0.70</aspect>
		</font>
		<font>
			<name>description</name>
			<filename>Arial.ttf</filename>
			<size>22</size>
		</font>
		<font>
			<name>descriptionSmall</name>
			<filename>Arial.ttf</filename>
			<size>20</size>
		</font>
<!-- GENERAL -->
		<font>
			<name>normal</name>
			<filename>Arial.ttf</filename>
			<size>20</size>
		</font>
		<font>
			<name>normalAlt</name>
			<filename>Arial.ttf</filename>
			<size>20</size>
		</font>
		<font>
			<name>normalCaps</name>
			<filename>Arial.ttf</filename>
			<size>20</size>
		</font>
		<font>
			<name>small</name>
			<filename>Arial.ttf</filename>
			<size>20</size>
		</font>
		<font>
			<name>smallAlt</name>
			<filename>Arial.ttf</filename>
			<size>20</size>
		</font>
		<font>
			<name>smallCaps</name>
			<filename>Arial.ttf</filename>
			<size>20</size>
		</font>
		<font>
			<name>smallBold</name>
			<filename>Arial.ttf</filename>
			<style>bold</style>
			<size>20</size>
		</font>
		<font>
			<name>smallerCaps</name>
			<filename>Arial.ttf</filename>
			<size>18</size>
		</font>
<!-- SETTINGS -->
		<font>
			<name>category</name>
			<filename>Arial.ttf</filename>
			<size>26</size>
		</font>
<!-- OSD -->
		<font>
			<name>osdTitle</name>
			<filename>Arial.ttf</filename>
			<size>36</size>
		</font>
		<font>
			<name>osdHeader</name>
			<filename>Arial.ttf</filename>
			<size>48</size>
		</font>
<!-- DIALOGS -->
		<font>
			<name>titleInfoDialog</name>
			<filename>Arial.ttf</filename>
			<size>46</size>
		</font>
		<font>
			<name>titleInfoDialogFit</name>
			<filename>Arial.ttf</filename>
			<size>46</size>
			<aspect>0.70</aspect>
		</font>
		<font>
			<name>dialog1</name>
			<filename>Arial.ttf</filename>
			<size>32</size>
		</font>
		<font>
			<name>dialog2</name>
			<filename>Arial.ttf</filename>
			<size>20</size>
		</font>
		<font>
			<name>keyboard</name>
			<filename>Arial.ttf</filename>
			<size>20</size>
		</font>
<!-- SCRIPT REFERENCE/LEGACY -->
		<font>
			<name>font10</name>
			<filename>Arial.ttf</filename>
			<size>16</size>
		</font>
		<font>
			<name>font13</name>
			<filename>Arial.ttf</filename>
			<size>22</size>
		</font>
		<font>
			<name>font14</name>
			<filename>Arial.ttf</filename>
			<size>20</size>
		</font>
		<font>
			<name>special13</name>
			<filename>Arial.ttf</filename>
			<size>20</size>
		</font>
	</fontset>

<!------------->
<!-- UNICODE -->
<!------------->
	<fontset id="Unicode" unicode="true">
<!-- HOME -->
		<font>
			<name>homeMenu</name>
			<filename>Light.ttf</filename>
			<size>46</size>
		</font>
		<font>
			<name>homeMenuInfo</name>
			<filename>Light.ttf</filename>
			<size>42</size>
		</font>
		<font>
			<name>rss</name>
			<filename>regular_caps.ttf</filename>
			<size>18</size>
		</font>
<!-- WINDOWS -->
		<font>
			<name>windowTitle</name>
			<filename>Light.ttf</filename>
			<size>52</size>
		</font>
		<font>
			<name>windowTitleAlt</name>
			<filename>Light.ttf</filename>
			<size>52</size>
		</font>
		<font>
			<name>windowMenu</name>
			<filename>Light.ttf</filename>
			<size>34</size>
		</font>
<!-- TOAST -->
		<font>
			<name>toastProgress</name>
			<filename>LightCaps.ttf</filename>
			<size>42</size> 
		</font>
<!-- CONTAINERS -->
		<font>
			<name>list</name>
			<filename>RegularLow.ttf</filename>
			<size>22</size>
		</font>
		<font>
			<name>listAlt</name>
			<filename>Regular.ttf</filename>
			<size>22</size>
		</font>
		<font>
			<name>listInfo</name>
			<filename>regular_caps.ttf</filename>
			<size>18</size>
		</font>
		<font>
			<name>info</name>
			<filename>regular_caps.ttf</filename>
			<size>20</size>
		</font>
		<font>
			<name>listBig</name>
			<filename>RegularLow.ttf</filename>
			<size>26</size>
		</font>
		<font>
			<name>listBig_LongTitle</name>
			<filename>RegularLow.ttf</filename>
			<size>26</size>
			<aspect>0.70</aspect>
		</font>
		<font>
			<name>title</name>
			<filename>LightCaps.ttf</filename>
			<size>28</size>
		</font>
		<font>
			<name>title_LongTitle</name>
			<filename>LightCaps.ttf</filename>
			<size>28</size>
			<aspect>0.70</aspect>
		</font>
		<font>
			<name>titleAlt</name>
			<filename>LightAlt.ttf</filename>
			<size>28</size>
		</font>
		<font>
			<name>titleSmall</name>
			<filename>LightCaps.ttf</filename>
			<size>26</size>
		</font>
		<font>
			<name>titleSmaller</name>
			<filename>LightCaps.ttf</filename>
			<size>24</size>
		</font>
		<font>
			<name>titleLow</name>
			<filename>Light.ttf</filename>
			<size>28</size>
		</font>
		<font>
			<name>titleSpecial</name>
			<filename>Light.ttf</filename>
			<size>42</size>
		</font>
		<font>
			<name>titleSpecialFit</name>
			<filename>Light.ttf</filename>
			<size>42</size>
			<aspect>0.70</aspect>
		</font>
		<font>
			<name>titleSpecial2</name>
			<filename>Light.ttf</filename>
			<size>30</size>
		</font>
		<font>
			<name>description</name>
			<filename>Regular.ttf</filename>
			<size>22</size>
		</font>
		<font>
			<name>descriptionSmall</name>
			<filename>Regular.ttf</filename>
			<size>20</size>
		</font>
<!-- GENERAL -->
		<font>
			<name>normal</name>
			<filename>RegularLow.ttf</filename>
			<size>22</size>
		</font>
		<font>
			<name>normalAlt</name>
			<filename>Regular.ttf</filename>
			<size>22</size>
		</font>
		<font>
			<name>normalCaps</name>
			<filename>regular_caps.ttf</filename>
			<size>22</size>
		</font>
		<font>
			<name>small</name>
			<filename>RegularLow.ttf</filename>
			<size>20</size>
		</font>	
		<font>
			<name>smallAlt</name>
			<filename>Regular.ttf</filename>
			<size>20</size>
		</font>
		<font>
			<name>smallCaps</name>
			<filename>regular_caps.ttf</filename>
			<size>20</size>
		</font>
		<font>
			<name>smallBold</name>
			<filename>RegularLow.ttf</filename>
			<style>bold</style>
			<size>20</size>
		</font>	
		<font>
			<name>smallerCaps</name>
			<filename>regular_caps.ttf</filename>
			<size>18</size>
		</font>
<!-- SETTINGS -->
		<font>
			<name>category</name>
			<filename>Light.ttf</filename>
			<size>30</size>
		</font>
<!-- OSD -->
		<font>
			<name>osdTitle</name>
			<filename>LightCaps.ttf</filename>
			<size>36</size>
		</font>
		<font>
			<name>osdHeader</name>
			<filename>Light.ttf</filename>
			<size>48</size>
		</font>
<!-- DIALOGS -->
		<font>
			<name>titleInfoDialog</name>
			<filename>LightAlt.ttf</filename>
			<size>46</size>
		</font>
		<font>
			<name>titleInfoDialogFit</name>
			<filename>LightAlt.ttf</filename>
			<size>46</size>
			<aspect>0.70</aspect>
		</font>
		<font>
			<name>dialog1</name>
			<filename>Light.ttf</filename>
			<size>32</size>
		</font>
		<font>
			<name>dialog2</name>
			<filename>RegularLow.ttf</filename>
			<size>20</size>
		</font>
		<font>
			<name>keyboard</name>
			<filename>Regular.ttf</filename>
			<size>20</size>
		</font>
<!-- SCRIPT REFERENCE/LEGACY -->
		<font>
			<name>font10</name>
			<filename>Arial.ttf</filename>
			<size>16</size>
		</font>
		<font>
			<name>font13</name>
			<filename>Arial.ttf</filename>
			<size>22</size>
		</font>
		<font>
			<name>font14</name>
			<filename>Arial.ttf</filename>
			<size>20</size>
		</font>
		<font>
			<name>special13</name>
			<filename>Arial.ttf</filename>
			<size>20</size>
		</font>
	</fontset>
	
<!-------------------->
<!-- UNICODE NORMAL -->
<!-------------------->
	<fontset id="Ubuntu Normal" unicode="true">
<!-- HOME -->
		<font>
			<name>homeMenu</name>
			<filename>Light.ttf</filename>
			<size>52</size>
		</font>
		<font>
			<name>homeMenuInfo</name>
			<filename>Light.ttf</filename>
			<size>42</size>
		</font>
		<font>
			<name>rss</name>
			<filename>Ubuntu-R.ttf</filename>
			<size>22</size>
		</font>
<!-- WINDOWS -->
		<font>
			<name>windowTitle</name>
			<filename>Ubuntu-L.ttf</filename>
			<size>52</size>
		</font>
		<font>
			<name>windowTitleAlt</name>
			<filename>Ubuntu-L.ttf</filename>
			<size>52</size>
		</font>
		<font>
			<name>windowMenu</name>
			<filename>Ubuntu-L.ttf</filename>
			<size>34</size>
		</font>
<!-- TOAST -->
		<font>
			<name>toastProgress</name>
			<filename>LightCaps.ttf</filename>
			<size>42</size>
		</font>
<!-- CONTAINERS -->
		<font>
			<name>list</name>
			<filename>Ubuntu-R.ttf</filename>
			<size>22</size>
		</font>
		<font>
			<name>listAlt</name>
			<filename>Ubuntu-R.ttf</filename>
			<size>22</size>
		</font>
		<font>
			<name>listInfo</name>
			<filename>Ubuntu-R.ttf</filename>
			<size>18</size>
		</font>
		<font>
			<name>info</name>
			<filename>Ubuntu-R.ttf</filename>
			<size>20</size>
		</font>
		<font>
			<name>listBig</name>
			<filename>Ubuntu-R.ttf</filename>
			<size>26</size>
		</font>
		<font>
			<name>listBig_LongTitle</name>
			<filename>Ubuntu-R.ttf</filename>
			<size>26</size>
			<aspect>0.70</aspect>
		</font>
		<font>
			<name>title</name>
			<filename>Ubuntu-L.ttf</filename>
			<size>28</size>
		</font>
		<font>
			<name>title_LongTitle</name>
			<filename>Ubuntu-L.ttf</filename>
			<size>28</size>
			<aspect>0.70</aspect>
		</font>
		<font>
			<name>titleAlt</name>
			<filename>Ubuntu-L.ttf</filename>
			<size>28</size>
		</font>
		<font>
			<name>titleSmall</name>
			<filename>Ubuntu-L.ttf</filename>
			<size>26</size>
		</font>
		<font>
			<name>titleSmaller</name>
			<filename>Ubuntu-L.ttf</filename>
			<size>24</size>
		</font>
		<font>
			<name>titleSmallest</name>
			<filename>Ubuntu-L.ttf</filename>
			<size>22</size>
		</font>
		<font>
			<name>titletiny</name>
			<filename>Ubuntu-L.ttf</filename>
			<size>20</size>
		</font>
		<font>
			<name>titleLow</name>
			<filename>Ubuntu-L.ttf</filename>
			<size>28</size>
		</font>
		<font>
			<name>titleSpecial</name>
			<filename>Ubuntu-L.ttf</filename>
			<size>42</size>
		</font>
		<font>
			<name>titleSpecialFit</name>
			<filename>Ubuntu-L.ttf</filename>
			<size>42</size>
			<aspect>0.70</aspect>
		</font>
		<font>
			<name>titleSpecial2</name>
			<filename>Ubuntu-L.ttf</filename>
			<size>30</size>
		</font>
		<font>
			<name>description</name>
			<filename>Ubuntu-R.ttf</filename>
			<size>22</size>
		</font>
		<font>
			<name>descriptionbig</name>
			<filename>Ubuntu-R.ttf</filename>
			<size>24</size>
		</font>
		<font>
			<name>descriptionSmall</name>
			<filename>Ubuntu-R.ttf</filename>
			<size>20</size>
		</font>
<!-- GENERAL -->
		<font>
			<name>normal</name>
			<filename>Ubuntu-R.ttf</filename>
			<size>22</size>
		</font>
		<font>
			<name>normalAlt</name>
			<filename>Ubuntu-R.ttf</filename>
			<size>22</size>
		</font>
		<font>
			<name>normalCaps</name>
			<filename>Ubuntu-R.ttf</filename>
			<size>22</size>
		</font>
		<font>
			<name>small</name>
			<filename>Ubuntu-R.ttf</filename>
			<size>20</size>
		</font>
		<font>
			<name>smallAlt</name>
			<filename>Ubuntu-R.ttf</filename>
			<size>20</size>
		</font>
		<font>
			<name>smallCaps</name>
			<filename>Ubuntu-R.ttf</filename>
			<size>20</size>
		</font>
		<font>
			<name>smallBold</name>
			<filename>Ubuntu-R.ttf</filename>
			<style>bold</style>
			<size>20</size>
		</font>
		<font>
			<name>smallerCaps</name>
			<filename>Ubuntu-R.ttf</filename>
			<size>18</size>
		</font>
<!-- SETTINGS -->
		<font>
			<name>category</name>
			<filename>Ubuntu-L.ttf</filename>
			<size>30</size>
		</font>
<!---OSD------>
		<font>
			<name>osdTitle</name>
			<filename>Ubuntu-L.ttf</filename>
			<size>36</size>
		</font>
		<font>
			<name>osdHeader</name>
			<filename>Ubuntu-L.ttf</filename>
			<size>48</size>
		</font>
<!-- DIALOGS -->
		<font>
			<name>titleInfoDialog</name>
			<filename>Ubuntu-L.ttf</filename>
			<size>46</size>
		</font>
		<font>
			<name>titleInfoDialogFit</name>
			<filename>Ubuntu-L.ttf</filename>
			<size>46</size>
			<aspect>0.70</aspect>
		</font>
		<font>
		<name>titleInfoDialogSmaller</name>
		<filename>Ubuntu-L.ttf</filename>
		<size>45</size>
	</font>
		<font>
			<name>dialog1</name>
			<filename>Ubuntu-L.ttf</filename>
			<size>32</size>
		</font>
		<font>
			<name>dialog2</name>
			<filename>Ubuntu-R.ttf</filename>
			<size>20</size>
		</font>
		<font>
			<name>keyboard</name>
			<filename>Ubuntu-R.ttf</filename>
			<size>20</size>
		</font>
<!-- SCRIPT REFERENCE/LEGACY -->
		<font>
			<name>font10</name>
			<filename>Ubuntu-R.ttf</filename>
			<size>16</size>
		</font>
		<font>
			<name>font13</name>
			<filename>Ubuntu-R.ttf</filename>
			<size>22</size>
		</font>
		<font>
			<name>font14</name>
			<filename>Ubuntu-R.ttf</filename>
			<size>20</size>
		</font>
		<font>
			<name>special13</name>
			<filename>Ubuntu-R.ttf</filename>
			<size>20</size>
		</font>
	</fontset>

<!----------------------->
<!-- UNICODE CONDENSED -->
<!----------------------->
	<fontset id="Ubuntu Condensed" unicode="true">
<!-- HOME -->
		<font>
			<name>homeMenu</name>
			<filename>Light.ttf</filename>
			<size>50</size>
			<aspect>0.70</aspect>
		</font>
		<font>
			<name>homeMenuInfo</name>
			<filename>Light.ttf</filename>
			<size>46</size>
			<aspect>0.70</aspect>
		</font>
		<font>
			<name>rss</name>
			<filename>Ubuntu-R.ttf</filename>
			<size>22</size>
			<aspect>0.70</aspect>
		</font>
<!-- WINDOWS -->
		<font>
			<name>windowTitle</name>
			<filename>Ubuntu-L.ttf</filename>
			<size>56</size>
			<aspect>0.70</aspect>
		</font>
		<font>
			<name>windowTitleAlt</name>
			<filename>Ubuntu-L.ttf</filename>
			<size>56</size>
			<aspect>0.70</aspect>
		</font>
		<font>
			<name>windowMenu</name>
			<filename>Ubuntu-L.ttf</filename>
			<size>38</size>
			<aspect>0.70</aspect>
		</font>
<!-- TOAST -->
		<font>
			<name>toastProgress</name>
			<filename>LightCaps.ttf</filename>
			<size>46</size>
			<aspect>0.70</aspect>
		</font>
<!-- CONTAINERS -->
		<font>
			<name>list</name>
			<filename>Ubuntu-R.ttf</filename>
			<size>26</size>
			<aspect>0.70</aspect>
		</font>
		<font>
			<name>listAlt</name>
			<filename>Ubuntu-R.ttf</filename>
			<size>26</size>
			<aspect>0.70</aspect>
		</font>
		<font>
			<name>listInfo</name>
			<filename>Ubuntu-R.ttf</filename>
			<size>22</size>
			<aspect>0.70</aspect>
		</font>
		<font>
			<name>info</name>
			<filename>Ubuntu-R.ttf</filename>
			<size>24</size>
			<aspect>0.70</aspect>
		</font>
		<font>
			<name>listBig</name>
			<filename>Ubuntu-R.ttf</filename>
			<size>30</size>
			<aspect>0.70</aspect>
		</font>
		<font>
			<name>listBig_LongTitle</name>
			<filename>Ubuntu-R.ttf</filename>
			<size>30</size>
			<aspect>0.55</aspect>
		</font>
		<font>
			<name>title</name>
			<filename>Ubuntu-L.ttf</filename>
			<size>32</size>
			<aspect>0.70</aspect>
		</font>
		<font>
			<name>title_LongTitle</name>
			<filename>Ubuntu-L.ttf</filename>
			<size>28</size>
			<aspect>0.55</aspect>
		</font>
		<font>
			<name>titleAlt</name>
			<filename>Ubuntu-L.ttf</filename>
			<size>32</size>
			<aspect>0.70</aspect>
		</font>
		<font>
			<name>titleSmall</name>
			<filename>Ubuntu-L.ttf</filename>
			<size>30</size>
			<aspect>0.70</aspect>
		</font>
		<font>
			<name>titleSmaller</name>
			<filename>Ubuntu-L.ttf</filename>
			<size>28</size>
			<aspect>0.70</aspect>
		</font>
		<font>
			<name>titleLow</name>
			<filename>Ubuntu-L.ttf</filename>
			<size>32</size>
			<aspect>0.70</aspect>
		</font>
		<font>
			<name>titleSpecial</name>
			<filename>Ubuntu-L.ttf</filename>
			<size>46</size>
			<aspect>0.70</aspect>
		</font>
		<font>
			<name>titleSpecialFit</name>
			<filename>Ubuntu-L.ttf</filename>
			<size>42</size>
			<aspect>0.55</aspect>
		</font>
		<font>
			<name>titleSpecial2</name>
			<filename>Ubuntu-L.ttf</filename>
			<size>34</size>
			<aspect>0.70</aspect>
		</font>
		<font>
			<name>description</name>
			<filename>Ubuntu-R.ttf</filename>
			<size>26</size>
			<aspect>0.70</aspect>
		</font>
		<font>
			<name>descriptionSmall</name>
			<filename>Ubuntu-R.ttf</filename>
			<size>24</size>
			<aspect>0.70</aspect>
		</font>
<!-- GENERAL -->
		<font>
			<name>normal</name>
			<filename>Ubuntu-R.ttf</filename>
			<size>26</size>
			<aspect>0.70</aspect>
		</font>
		<font>
			<name>normalAlt</name>
			<filename>Ubuntu-R.ttf</filename>
			<size>26</size>
			<aspect>0.70</aspect>
		</font>
		<font>
			<name>normalCaps</name>
			<filename>Ubuntu-R.ttf</filename>
			<size>26</size>
			<aspect>0.70</aspect>
		</font>
		<font>
			<name>small</name>
			<filename>Ubuntu-R.ttf</filename>
			<size>24</size>
			<aspect>0.70</aspect>
		</font>
		<font>
			<name>smallAlt</name>
			<filename>Ubuntu-R.ttf</filename>
			<size>24</size>
			<aspect>0.70</aspect>
		</font>
		<font>
			<name>smallCaps</name>
			<filename>Ubuntu-R.ttf</filename>
			<size>24</size>
			<aspect>0.70</aspect>
		</font>
		<font>
			<name>smallBold</name>
			<filename>Ubuntu-R.ttf</filename>
			<style>bold</style>
			<size>24</size>
			<aspect>0.70</aspect>
		</font>
		<font>
			<name>smallerCaps</name>
			<filename>Ubuntu-R.ttf</filename>
			<size>22</size>
			<aspect>0.70</aspect>
		</font>
<!-- SETTINGS -->
		<font>
			<name>category</name>
			<filename>Light.ttf</filename>
			<size>34</size>
			<aspect>0.70</aspect>
		</font>
<!-- OSD -->
		<font>
			<name>osdTitle</name>
			<filename>Ubuntu-L.ttf</filename>
			<size>40</size>
			<aspect>0.70</aspect>
		</font>
		<font>
			<name>osdHeader</name>
			<filename>Ubuntu-L.ttf</filename>
			<size>52</size>
			<aspect>0.70</aspect>
		</font>
<!-- DIALOGS -->
		<font>
			<name>titleInfoDialog</name>
			<filename>Ubuntu-L.ttf</filename>
			<size>50</size>
			<aspect>0.70</aspect>
		</font>
		<font>
			<name>titleInfoDialogFit</name>
			<filename>Ubuntu-L.ttf</filename>
			<size>46</size>
			<aspect>0.60</aspect>
		</font>
		<font>
			<name>dialog1</name>
			<filename>Ubuntu-L.ttf</filename>
			<size>36</size>
			<aspect>0.70</aspect>
		</font>
		<font>
			<name>dialog2</name>
			<filename>Ubuntu-R.ttf</filename>
			<size>24</size>
			<aspect>0.70</aspect>
		</font>
		<font>
			<name>keyboard</name>
			<filename>Ubuntu-R.ttf</filename>
			<size>24</size>
			<aspect>0.70</aspect>
		</font>
<!-- SCRIPT REFERENCE/LEGACY -->
		<font>
			<name>font10</name>
			<filename>Ubuntu-R.ttf</filename>
			<size>20</size>
			<aspect>0.70</aspect>
		</font>
		<font>
			<name>font13</name>
			<filename>Ubuntu-R.ttf</filename>
			<size>26</size>
			<aspect>0.70</aspect>
		</font>
		<font>
			<name>font14</name>
			<filename>Ubuntu-R.ttf</filename>
			<size>24</size>
			<aspect>0.70</aspect>
		</font>
		<font>
			<name>special13</name>
			<filename>Ubuntu-R.ttf</filename>
			<size>24</size>
			<aspect>0.70</aspect>
		</font>
	</fontset>

<!--------------------------->
<!-- UNICODE CONDENSED BIG -->
<!--------------------------->
	<fontset id="Ubuntu Condensed Big" unicode="true">
<!-- HOME -->
		<font>
			<name>homeMenu</name>
			<filename>Light.ttf</filename>
			<size>52</size>
			<aspect>0.70</aspect>
		</font>
		<font>
			<name>homeMenuInfo</name>
			<filename>Light.ttf</filename>
			<size>48</size>
			<aspect>0.70</aspect>
		</font>
		<font>
			<name>rss</name>
			<filename>Ubuntu-R.ttf</filename>
			<size>24</size>
			<aspect>0.70</aspect>
		</font>
<!-- WINDOWS -->
		<font>
			<name>windowTitle</name>
			<filename>Ubuntu-L.ttf</filename>
			<size>58</size>
			<aspect>0.70</aspect>
		</font>
		<font>
			<name>windowTitleAlt</name>
			<filename>Ubuntu-L.ttf</filename>
			<size>58</size>
			<aspect>0.70</aspect>
		</font>
		<font>
			<name>windowMenu</name>
			<filename>Ubuntu-L.ttf</filename>
			<size>40</size>
			<aspect>0.70</aspect>
		</font>
<!-- TOAST -->
		<font>
			<name>toastProgress</name>
			<filename>LightCaps.ttf</filename>
			<size>48</size>
			<aspect>0.70</aspect>
		</font>
<!-- CONTAINERS -->
		<font>
			<name>list</name>
			<filename>Ubuntu-R.ttf</filename>
			<size>28</size>
			<aspect>0.70</aspect>
		</font>
		<font>
			<name>listAlt</name>
			<filename>Ubuntu-R.ttf</filename>
			<size>28</size>
			<aspect>0.70</aspect>
		</font>
		<font>
			<name>listInfo</name>
			<filename>Ubuntu-R.ttf</filename>
			<size>24</size>
			<aspect>0.70</aspect>
		</font>
		<font>
			<name>info</name>
			<filename>Ubuntu-R.ttf</filename>
			<size>26</size>
			<aspect>0.70</aspect>
		</font>
		<font>
			<name>listBig</name>
			<filename>Ubuntu-R.ttf</filename>
			<size>32</size>
			<aspect>0.70</aspect>
		</font>
		<font>
			<name>listBig_LongTitle</name>
			<filename>Ubuntu-R.ttf</filename>
			<size>32</size>
			<aspect>0.55</aspect>
		</font>
		<font>
			<name>title</name>
			<filename>Ubuntu-L.ttf</filename>
			<size>34</size>
			<aspect>0.70</aspect>
		</font>
		<font>
			<name>title_LongTitle</name>
			<filename>Ubuntu-L.ttf</filename>
			<size>28</size>
			<aspect>0.55</aspect>
		</font>
		<font>
			<name>titleAlt</name>
			<filename>Ubuntu-L.ttf</filename>
			<size>34</size>
			<aspect>0.70</aspect>
		</font>
		<font>
			<name>titleSmall</name>
			<filename>Ubuntu-L.ttf</filename>
			<size>32</size>
			<aspect>0.70</aspect>
		</font>
		<font>
			<name>titleSmaller</name>
			<filename>Ubuntu-L.ttf</filename>
			<size>30</size>
			<aspect>0.70</aspect>
		</font>
		<font>
			<name>titleLow</name>
			<filename>Ubuntu-L.ttf</filename>
			<size>34</size>
			<aspect>0.70</aspect>
		</font>
		<font>
			<name>titleSpecial</name>
			<filename>Ubuntu-L.ttf</filename>
			<size>48</size>
			<aspect>0.70</aspect>
		</font>
		<font>
			<name>titleSpecialFit</name>
			<filename>Ubuntu-L.ttf</filename>
			<size>48</size>
			<aspect>0.70</aspect>
		</font>
		<font>
			<name>titleSpecial2</name>
			<filename>Ubuntu-L.ttf</filename>
			<size>36</size>
			<aspect>0.70</aspect>
		</font>
		<font>
			<name>description</name>
			<filename>Ubuntu-R.ttf</filename>
			<size>28</size>
			<aspect>0.70</aspect>
		</font>
		<font>
			<name>descriptionSmall</name>
			<filename>Ubuntu-R.ttf</filename>
			<size>26</size>
			<aspect>0.70</aspect>
		</font>
<!-- GENERAL -->
		<font>
			<name>normal</name>
			<filename>Ubuntu-R.ttf</filename>
			<size>28</size>
			<aspect>0.70</aspect>
		</font>
		<font>
			<name>normalAlt</name>
			<filename>Ubuntu-R.ttf</filename>
			<size>28</size>
			<aspect>0.70</aspect>
		</font>
		<font>
			<name>normalCaps</name>
			<filename>Ubuntu-R.ttf</filename>
			<size>28</size>
			<aspect>0.70</aspect>
		</font>
		<font>
			<name>small</name>
			<filename>Ubuntu-R.ttf</filename>
			<size>26</size>
			<aspect>0.70</aspect>
		</font>
		<font>
			<name>smallAlt</name>
			<filename>Ubuntu-R.ttf</filename>
			<size>26</size>
			<aspect>0.70</aspect>
		</font>
		<font>
			<name>smallCaps</name>
			<filename>Ubuntu-R.ttf</filename>
			<size>26</size>
			<aspect>0.70</aspect>
		</font>
		<font>
			<name>smallBold</name>
			<filename>Ubuntu-R.ttf</filename>
			<style>bold</style>
			<size>26</size>
			<aspect>0.70</aspect>
		</font>
		<font>
			<name>smallerCaps</name>
			<filename>Ubuntu-R.ttf</filename>
			<size>24</size>
			<aspect>0.70</aspect>
		</font>
<!-- SETTINGS -->
		<font>
			<name>category</name>
			<filename>Light.ttf</filename>
			<size>36</size>
			<aspect>0.70</aspect>
		</font>
<!-- OSD -->
		<font>
			<name>osdTitle</name>
			<filename>Ubuntu-L.ttf</filename>
			<size>42</size>
			<aspect>0.70</aspect>
		</font>
		<font>
			<name>osdHeader</name>
			<filename>Ubuntu-L.ttf</filename>
			<size>54</size>
			<aspect>0.70</aspect>
		</font>
<!-- DIALOGS -->
		<font>
			<name>titleInfoDialog</name>
			<filename>Ubuntu-L.ttf</filename>
			<size>52</size>
			<aspect>0.70</aspect>
		</font>
		<font>
			<name>titleInfoDialogFit</name>
			<filename>Ubuntu-L.ttf</filename>
			<size>52</size>
			<aspect>0.60</aspect>
		</font>
		<font>
			<name>dialog1</name>
			<filename>Ubuntu-L.ttf</filename>
			<size>38</size>
			<aspect>0.70</aspect>
		</font>
		<font>
			<name>dialog2</name>
			<filename>Ubuntu-R.ttf</filename>
			<size>26</size>
			<aspect>0.70</aspect>
		</font>
		<font>
			<name>keyboard</name>
			<filename>Ubuntu-R.ttf</filename>
			<size>26</size>
			<aspect>0.70</aspect>
		</font>
<!-- SCRIPT REFERENCE/LEGACY -->
		<font>
			<name>font10</name>
			<filename>Ubuntu-R.ttf</filename>
			<size>22</size>
			<aspect>0.70</aspect>
		</font>
		<font>
			<name>font13</name>
			<filename>Ubuntu-R.ttf</filename>
			<size>28</size>
			<aspect>0.70</aspect>
		</font>
		<font>
			<name>font14</name>
			<filename>Ubuntu-R.ttf</filename>
			<size>26</size>
			<aspect>0.70</aspect>
		</font>
		<font>
			<name>special13</name>
			<filename>Ubuntu-R.ttf</filename>
			<size>26</size>
			<aspect>0.70</aspect>
		</font>
	</fontset>
</fonts>