﻿<?xml version="1.0" encoding="UTF-8"?>
<window>
	<allowoverlay>no</allowoverlay>
	<include>dialogOpen</include>
	<coordinates>
		<system>1</system>
		<posx>140</posx>
		<posy>13</posy>
	</coordinates>
	<controls>
		<control type="image">
			<width>1000</width>
			<height>694</height>
			<include>dialogWindow</include>
		</control>
		<control type="label" id="1">
			<width>932</width>
			<label>$LOCALIZE[283]</label>
			<include>dialog_Windowtitle</include>
		</control>
		<control type="group">
			<posx>19</posx>
			<posy>75</posy>
			<control type="image">
				<width>1100</width>
				<include>dialog_Separator</include>
			</control>
			<control type="image">
				<posx>281</posx>
				<height>600</height>
				<include>dialog_Separator-y</include>
			</control>
		</control>
	<!---category list------>
		<control type="group">
			<posx>19</posx>
			<posy>75</posy>
			<control type="group">
				<control type="list" id="9000">
					<width>282</width>
					<height>600</height>
					<onright>200</onright>
					<onup>9000</onup>
					<ondown>901</ondown>
					<scrolltime tween="quadratic">200</scrolltime>
					<itemlayout height="40" width="570">
						<control type="image">
							<width>282</width>
							<include>dialog_CommonList</include>
						</control>
						<control type="label">
							<width>389</width>
							<include>dialog_CommonListItem</include>
							<label>$INFO[ListItem.Label]</label>
						</control>
						<control type="label">
							<posx>270</posx>
							<width>100</width>
							<include>dialog_CommonListItem</include>
							<align>right</align>
							<label>$INFO[ListItem.Label2]</label>
						</control>
					</itemlayout>
					<focusedlayout height="40" width="570">
						<control type="image">
							<width>282</width>
							<height>40</height>
							<include>dialog_CommonListFocus</include>
							<animation effect="fade" start="100" end="40" reversible="true" time="150" condition="!Control.HasFocus(9000)">Conditional</animation>
						</control>
						<control type="label">
							<width>389</width>
							<include>dialog_CommonListItemFocus</include>
							<label>$INFO[ListItem.Label]</label>
						</control>
						<control type="label">
							<posx>270</posx>
							<width>100</width>
							<include>dialog_CommonListItemFocus</include>
							<align>right</align>
							<label>$INFO[ListItem.Label2]</label>
						</control>
					</focusedlayout>
					<content>
						<item id="1">
							<label>$LOCALIZE[20342]</label>
							<label2>$INFO[Control.GetLabel(110)]</label2>
							<onclick>-</onclick>
							<visible>!IsEmpty(Control.GetLabel(110))</visible>
						</item>
						<item id="2">
							<label>$LOCALIZE[20343]</label>
							<label2>$INFO[Control.GetLabel(120)]</label2>
							<onclick>-</onclick>
							<visible>!IsEmpty(Control.GetLabel(120))</visible>
						</item>
						<item id="3">
							<label>$LOCALIZE[33054]</label>
							<label2>$INFO[Control.GetLabel(130)]</label2>
							<onclick>-</onclick>
							<visible>!IsEmpty(Control.GetLabel(130))</visible>
						</item>
						<item id="4">
							<label>$LOCALIZE[20360]</label>
							<label2>$INFO[Control.GetLabel(140)]</label2>
							<onclick>-</onclick>
							<visible>!IsEmpty(Control.GetLabel(140))</visible>
						</item>
						<item id="5">
							<label>$LOCALIZE[20389]</label>
							<label2>$INFO[Control.GetLabel(150)]</label2>
							<onclick>-</onclick>
							<visible>!IsEmpty(Control.GetLabel(150))</visible>
						</item>
						<item id="6">
							<label>$LOCALIZE[133]</label>
							<label2>$INFO[Control.GetLabel(160)]</label2>
							<onclick>-</onclick>
							<visible>!IsEmpty(Control.GetLabel(160))</visible>
						</item>
						<item id="7">
							<label>$LOCALIZE[132]</label>
							<label2>$INFO[Control.GetLabel(170)]</label2>
							<onclick>-</onclick>
							<visible>!IsEmpty(Control.GetLabel(170))</visible>
						</item>
						<item id="8">
							<label>$LOCALIZE[134]</label>
							<label2>$INFO[Control.GetLabel(180)]</label2>
							<onclick>-</onclick>
							<visible>!IsEmpty(Control.GetLabel(180))</visible>
						</item>
						<item id="10">
							<label>31066</label>
							<onclick>Dialog.Close(all,true)</onclick>
							<visible>Control.IsVisible(199)</visible>
						</item>
					</content>
				</control>
			<!---search results------>
				<control type="group" id="200">
					<posx>281</posx>
				<!---movie results------>
					<control type="group" id="119">
						<visible>Container(9000).HasFocus(1) | Control.HasFocus(111)</visible>
						<control type="list" id="111">
							<width>682</width>
							<height>600</height>
							<onup>111</onup>
							<ondown>111</ondown>
							<onleft>9000</onleft>
							<onright>9000</onright>
							<orientation>vertical</orientation>
							<scrolltime tween="quadratic">200</scrolltime>
							<preloaditems>2</preloaditems>
							<itemlayout width="682" height="120">
								<control type="image">
									<posy>119</posy>
									<width>682</width>
									<height>1</height>
									<include>dialog_Separator</include>
								</control>
								<control type="image">
									<posx>1</posx>
									<width>81</width>
									<height>119</height>
									<texture fallback="thumbs/movie_portrait.png">$INFO[ListItem.Thumb]</texture>
									<aspectratio aligny="left">scale</aspectratio>
								</control>
								<control type="group">
									<posx>80</posx>
									<control type="label">
										<width>530</width>
										<label>$INFO[ListItem.Label]</label>
										<font>regular.Big</font>
										<include>dialog_CommonListItem</include>
									</control>
									<control type="label">
										<posy>22</posy>
										<width>530</width>
										<label>$INFO[ListItem.Property(Genre)]</label>
										<font>regular.SmallCaps</font>
										<include>dialog_CommonListItem</include>
									</control>
									<control type="label">
										<posy>42</posy>
										<width>530</width>
										<label>$INFO[ListItem.Property(Year)]$INFO[ListItem.Property(Duration), • , $LOCALIZE[12391]]$INFO[ListItem.Property(Rating), • ]</label>
										<font>regular.SmallCaps</font>
										<include>dialog_CommonListItem</include>
									</control>
								</control>
							</itemlayout>
							<focusedlayout width="1358" height="120">
								<control type="image">
									<posx>1</posx>
									<width>682</width>
									<height>119</height>
									<include>dialog_CommonListFocus</include>
									<animation effect="fade" start="100" end="40" reversible="true" time="150" condition="!Control.HasFocus(111)">Conditional</animation>
								</control>
								<control type="image">
									<posx>1</posx>
									<width>81</width>
									<height>119</height>
									<texture fallback="thumbs/movie_portrait.png">$INFO[ListItem.Thumb]</texture>
									<aspectratio aligny="left">scale</aspectratio>
								</control>
								<control type="group">
									<posx>80</posx>
									<control type="label">
										<width>530</width>
										<label>$INFO[ListItem.Label]</label>
										<font>regular.Big</font>
										<include>dialog_CommonListItemFocus</include>
									</control>
									<control type="label">
										<posy>22</posy>
										<width>530</width>
										<label>$INFO[ListItem.Property(Genre)]</label>
										<font>regular.SmallCaps</font>
										<include>dialog_CommonListItemFocus</include>
									</control>
									<control type="label">
										<posy>42</posy>
										<width>530</width>
										<label>$INFO[ListItem.Property(Year)]$INFO[ListItem.Property(Duration), • , $LOCALIZE[12391]]$INFO[ListItem.Property(Rating), • ]</label>
										<font>regular.SmallCaps</font>
										<include>dialog_CommonListItemFocus</include>
									</control>
								</control>
							</focusedlayout>
						</control>
					</control>
				<!---tv show results------>
					<control type="group" id="129">
						<visible>Container(9000).HasFocus(2) | Control.HasFocus(121)</visible>
						<control type="list" id="121">
							<width>682</width>
							<height>600</height>
							<onup>121</onup>
							<ondown>121</ondown>
							<onleft>9000</onleft>
							<onright>9000</onright>
							<orientation>vertical</orientation>
							<scrolltime tween="quadratic">200</scrolltime>
							<preloaditems>2</preloaditems>
							<itemlayout width="682" height="120">
								<control type="image">
									<posy>119</posy>
									<width>682</width>
									<height>1</height>
									<include>dialog_Separator</include>
								</control>
								<control type="image">
									<posx>1</posx>
									<width>81</width>
									<height>119</height>
									<texture fallback="thumbs/tvshow_portrait.png">$INFO[ListItem.Thumb]</texture>
									<aspectratio aligny="left">scale</aspectratio>
								</control>
								<control type="group">
									<posx>80</posx>
									<control type="label">
										<width>530</width>
										<label>$INFO[ListItem.Label]</label>
										<font>regular.Big</font>
										<include>dialog_CommonListItem</include>
									</control>
									<control type="label">
										<posy>22</posy>
										<width>530</width>
										<label>$INFO[ListItem.Property(Genre)]</label>
										<font>regular.SmallCaps</font>
										<include>dialog_CommonListItem</include>
									</control>
									<control type="label">
										<posy>42</posy>
										<width>530</width>
										<label>$INFO[ListItem.Property(Year)]$INFO[ListItem.Property(Episode), • , $LOCALIZE[20360]]$INFO[ListItem.Property(Rating), • ]</label>
										<font>regular.SmallCaps</font>
										<include>dialog_CommonListItem</include>
									</control>
									<control type="image">
										<posx>100</posx>
										<posy>10</posy>
										<width>128</width>
										<height>22</height>
										<info>ListItem.Property(Rating)</info>
										<aspectratio align="right">keep</aspectratio>
									</control>
								</control>
							</itemlayout>
							<focusedlayout width="682" height="120">
								<control type="image">
									<posx>1</posx>
									<width>682</width>
									<height>119</height>
									<include>dialog_CommonListFocus</include>
									<animation effect="fade" start="100" end="40" reversible="true" time="150" condition="!Control.HasFocus(121)">Conditional</animation>
								</control>
								<control type="image">
									<posx>1</posx>
									<width>81</width>
									<height>119</height>
									<texture fallback="thumbs/tvshow_portrait.png">$INFO[ListItem.Thumb]</texture>
									<aspectratio aligny="left">scale</aspectratio>
								</control>
								<control type="group">
									<posx>80</posx>
									<control type="label">
										<width>530</width>
										<label>$INFO[ListItem.Label]</label>
										<font>regular.Big</font>
										<include>dialog_CommonListItemFocus</include>
									</control>
									<control type="label">
										<posy>22</posy>
										<width>530</width>
										<label>$INFO[ListItem.Property(Genre)]</label>
										<font>regular.SmallCaps</font>
										<include>dialog_CommonListItemFocus</include>
									</control>
									<control type="label">
										<posy>42</posy>
										<width>530</width>
										<label>$INFO[ListItem.Property(Year)]$INFO[ListItem.Property(Episode), • , $LOCALIZE[20360]]$INFO[ListItem.Property(Rating), • ]</label>
										<font>regular.SmallCaps</font>
										<include>dialog_CommonListItemFocus</include>
									</control>
								</control>
							</focusedlayout>
						</control>
					</control>
				<!---season results------>
					<control type="group" id="139">
						<visible>Container(9000).HasFocus(3) | Control.HasFocus(131)</visible>
						<control type="list" id="131">
							<width>682</width>
							<height>705</height>
							<onup>131</onup>
							<ondown>131</ondown>
							<onleft>9000</onleft>
							<onright>9000</onright>
							<orientation>vertical</orientation>
							<scrolltime tween="quadratic">200</scrolltime>
							<preloaditems>2</preloaditems>
							<itemlayout width="682" height="120">
								<control type="image">
									<posy>119</posy>
									<width>682</width>
									<height>1</height>
									<include>dialog_Separator</include>
								</control>
								<control type="image">
									<posx>1</posx>
									<width>81</width>
									<height>119</height>
									<texture fallback="thumbs/movie_portrait.png">$INFO[ListItem.Thumb]</texture>
									<aspectratio aligny="left">scale</aspectratio>
								</control>
								<control type="group">
									<posx>80</posx>
									<control type="label">
										<width>530</width>
										<label>$INFO[ListItem.Label]</label>
										<font>regular.Big</font>
										<include>dialog_CommonListItem</include>
									</control>
									<control type="label">
										<posy>22</posy>
										<width>530</width>
										<label>$INFO[ListItem.Property(Genre)]</label>
										<font>regular.SmallCaps</font>
										<include>dialog_CommonListItem</include>
									</control>
									<control type="label">
										<posy>42</posy>
										<width>530</width>
										<label>$INFO[ListItem.Property(Year)]$INFO[ListItem.Property(Episode), • , [LOWERCASE]$LOCALIZE[20360][/LOWERCASE]]$INFO[ListItem.Property(Rating), • ]</label>
										<font>regular.SmallCaps</font>
										<include>dialog_CommonListItem</include>
									</control>
								</control>
							</itemlayout>
							<focusedlayout width="682" height="120">
								<control type="image">
									<posx>1</posx>
									<width>682</width>
									<height>119</height>
									<include>dialog_CommonListFocus</include>
									<animation effect="fade" start="100" end="40" reversible="true" time="150" condition="!Control.HasFocus(131)">Conditional</animation>
								</control>
								<control type="image">
									<posx>1</posx>
									<width>81</width>
									<height>119</height>
									<texture fallback="thumbs/movie_portrait.png">$INFO[ListItem.Thumb]</texture>
									<aspectratio aligny="left">scale</aspectratio>
								</control>
								<control type="group">
									<posx>80</posx>
									<control type="label">
										<width>530</width>
										<label>$INFO[ListItem.Label]</label>
										<font>regular.Big</font>
										<include>dialog_CommonListItemFocus</include>
									</control>
									<control type="label">
										<posy>22</posy>
										<width>530</width>
										<label>$INFO[ListItem.Property(Genre)]</label>
										<font>regular.SmallCaps</font>
										<include>dialog_CommonListItemFocus</include>
									</control>
									<control type="label">
										<posy>42</posy>
										<width>530</width>
										<label>$INFO[ListItem.Property(Year)]$INFO[ListItem.Property(Episode), • , [LOWERCASE]$LOCALIZE[20360][/LOWERCASE]]$INFO[ListItem.Property(Rating), • ]</label>
										<font>regular.SmallCaps</font>
										<include>dialog_CommonListItemFocus</include>
									</control>
								</control>
							</focusedlayout>
						</control>
					</control>
				<!---episode results------>
					<control type="group" id="149">
						<visible>Container(9000).HasFocus(4) | Control.HasFocus(141)</visible>
						<control type="list" id="141">
							<width>682</width>
							<height>600</height>
							<onup>141</onup>
							<ondown>141</ondown>
							<onleft>9000</onleft>
							<onright>9000</onright>
							<orientation>vertical</orientation>
							<scrolltime tween="quadratic">200</scrolltime>
							<preloaditems>2</preloaditems>
							<itemlayout width="682" height="120">
								<control type="image">
									<posy>119</posy>
									<width>682</width>
									<height>1</height>
									<include>dialog_Separator</include>
								</control>
								<control type="image">
									<posx>1</posx>
									<width>212</width>
									<height>119</height>
									<texture fallback="thumbs/tvshow_landscape.png">$INFO[ListItem.Thumb]</texture>
									<aspectratio aligny="left">scale</aspectratio>
								</control>
								<control type="group">
									<posx>210</posx>
									<control type="label">
										<width>530</width>
										<label>$INFO[ListItem.Label]</label>
										<font>regular.Big</font>
										<include>dialog_CommonListItem</include>
									</control>
									<control type="label">
										<posy>22</posy>
										<width>530</width>
										<label>$INFO[ListItem.Property(TVShowTitle)]</label>
										<font>regular.SmallCaps</font>
										<include>dialog_CommonListItem</include>
									</control>
									<control type="label">
										<posy>42</posy>
										<width>530</width>
										<label>$INFO[ListItem.Property(Premiered)]$INFO[ListItem.Property(Duration), • , $LOCALIZE[12391]]$INFO[ListItem.Property(Rating), • ]</label>
										<font>regular.SmallCaps</font>
										<include>dialog_CommonListItem</include>
									</control>
								</control>
							</itemlayout>
							<focusedlayout width="682" height="120">
								<control type="image">
									<posx>1</posx>
									<width>682</width>
									<height>119</height>
									<include>dialog_CommonListFocus</include>
									<animation effect="fade" start="100" end="40" reversible="true" time="150" condition="!Control.HasFocus(141)">Conditional</animation>
								</control>
								<control type="image">
									<posx>1</posx>
									<width>212</width>
									<height>119</height>
									<texture fallback="thumbs/tvshow_landscape.png">$INFO[ListItem.Thumb]</texture>
									<aspectratio aligny="left">scale</aspectratio>
								</control>
								<control type="group">
									<posx>210</posx>
									<control type="label">
										<width>530</width>
										<label>$INFO[ListItem.Label]</label>
										<font>regular.Big</font>
										<include>dialog_CommonListItemFocus</include>
									</control>
									<control type="label">
										<posy>22</posy>
										<width>530</width>
										<label>$INFO[ListItem.Property(TVShowTitle)]</label>
										<font>regular.SmallCaps</font>
										<include>dialog_CommonListItemFocus</include>
									</control>
									<control type="label">
										<posy>42</posy>
										<width>530</width>
										<label>$INFO[ListItem.Property(Premiered)]$INFO[ListItem.Property(Duration), • , $LOCALIZE[12391]]$INFO[ListItem.Property(Rating), • ]</label>
										<font>regular.SmallCaps</font>
										<include>dialog_CommonListItemFocus</include>
									</control>
								</control>
							</focusedlayout>
						</control>
					</control>
				<!---music video results------>
					<control type="group" id="159">
						<visible>Container(9000).HasFocus(5) | Control.HasFocus(151)</visible>
						<control type="list" id="151">
							<width>682</width>
							<height>600</height>
							<onup>151</onup>
							<ondown>151</ondown>
							<onleft>9000</onleft>
							<onright>9000</onright>
							<orientation>vertical</orientation>
							<scrolltime tween="quadratic">200</scrolltime>
							<preloaditems>2</preloaditems>
							<itemlayout width="682" height="120">
								<control type="image">
									<posy>119</posy>
									<width>682</width>
									<height>1</height>
									<include>dialog_Separator</include>
								</control>
								<control type="image">
									<posx>1</posx>
									<width>212</width>
									<height>119</height>
									<texture fallback="thumbs/music_landscape.png">$INFO[ListItem.Thumb]</texture>
									<aspectratio aligny="left">scale</aspectratio>
								</control>
								<control type="group">
									<posx>210</posx>
									<control type="label">
										<width>530</width>
										<label>$INFO[ListItem.Label]</label>
										<font>regular.Big</font>
										<include>dialog_CommonListItem</include>
									</control>
									<control type="label">
										<posy>22</posy>
										<width>530</width>
										<label>$INFO[ListItem.Property(Artist)]</label>
										<font>regular.SmallCaps</font>
										<include>dialog_CommonListItem</include>
									</control>
									<control type="label">
										<posy>42</posy>
										<width>530</width>
										<label>$INFO[ListItem.Property(Duration)</label>
										<font>regular.SmallCaps</font>
										<include>dialog_CommonListItem</include>
									</control>
								</control>
							</itemlayout>
							<focusedlayout width="682" height="120">
								<control type="image">
									<posx>1</posx>
									<width>682</width>
									<height>119</height>
									<include>dialog_CommonListFocus</include>
									<animation effect="fade" start="100" end="40" reversible="true" time="150" condition="!Control.HasFocus(151)">Conditional</animation>
								</control>
								<control type="image">
									<posx>1</posx>
									<width>212</width>
									<height>119</height>
									<texture fallback="thumbs/music_landscape.png">$INFO[ListItem.Thumb]</texture>
									<aspectratio aligny="left">scale</aspectratio>
								</control>
								<control type="group">
									<posx>210</posx>
									<control type="label">
										<width>530</width>
										<label>$INFO[ListItem.Label]</label>
										<include>dialog_CommonListItemFocus</include>
									</control>
									<control type="label">
										<posy>22</posy>
										<width>530</width>
										<label>$INFO[ListItem.Property(Artist)]</label>
										<font>regular.SmallCaps</font>
										<include>dialog_CommonListItemFocus</include>
									</control>
									<control type="label">
										<posy>42</posy>
										<width>530</width>
										<label>$INFO[ListItem.Property(Duration)</label>
										<font>regular.SmallCaps</font>
										<include>dialog_CommonListItemFocus</include>
									</control>
								</control>
							</focusedlayout>
						</control>
					</control>
				<!---artist results------>
					<control type="group" id="169">
						<visible>Container(9000).HasFocus(6) | Control.HasFocus(161)</visible>
						<control type="list" id="161">
							<width>1469</width>
							<height>600</height>
							<onup>161</onup>
							<ondown>161</ondown>
							<onleft>9000</onleft>
							<onright>9000</onright>
							<orientation>vertical</orientation>
							<scrolltime tween="quadratic">200</scrolltime>
							<preloaditems>2</preloaditems>
							<itemlayout width="682" height="40">
								<control type="image">
									<posx>1</posx>
									<width>682</width>
									<height>40</height>
									<include>dialog_CommonList</include>
								</control>
								<control type="group">
									<control type="label">
										<width>530</width>
										<label>$INFO[ListItem.Label]</label>
										<font>regular.Big</font>
										<include>dialog_CommonListItem</include>
									</control>
								</control>
							</itemlayout>
							<focusedlayout width="679" height="40">
								<control type="image">
									<posx>1</posx>
									<width>682</width>
									<height>39</height>
									<include>dialog_CommonListFocus</include>
									<animation effect="fade" start="100" end="40" reversible="true" time="150" condition="!Control.HasFocus(161)">Conditional</animation>
								</control>
								<control type="group">
									<control type="label">
										<width>530</width>
										<label>$INFO[ListItem.Label]</label>
										<font>regular.Big</font>
										<include>dialog_CommonListItemFocus</include>
									</control>
								</control>
							</focusedlayout>
						</control>
					</control>		
				<!---album results------>
					<control type="group" id="179">
						<visible>Container(9000).HasFocus(7) | Control.HasFocus(171)</visible>
						<control type="panel" id="171">
							<width>682</width>
							<height>600</height>
							<onup>171</onup>
							<ondown>171</ondown>
							<onleft>9000</onleft>
							<onright>9000</onright>
							<orientation>vertical</orientation>
							<scrolltime tween="quadratic">200</scrolltime>
							<preloaditems>2</preloaditems>
							<itemlayout width="679" height="120">
								<control type="image">
									<posy>119</posy>
									<width>682</width>
									<height>1</height>
									<include>dialog_Separator</include>
								</control>
								<control type="image">
									<posx>1</posx>
									<width>119</width>
									<height>119</height>
									<texture fallback="thumbs/album.png">$INFO[ListItem.Thumb]</texture>
									<aspectratio aligny="left">scale</aspectratio>
								</control>
								<control type="group">
									<posx>120</posx>
									<control type="label">
										<width>530</width>
										<label>$INFO[ListItem.Label]</label>
										<font>regular.Big</font>
										<include>dialog_CommonListItem</include>
									</control>
									<control type="label">
										<posy>22</posy>
										<width>530</width>
										<label>$INFO[ListItem.Property(Artist)]</label>
										<font>regular.SmallCaps</font>
										<include>dialog_CommonListItem</include>
									</control>
									<control type="label">
										<posy>42</posy>
										<width>530</width>
										<label>$INFO[ListItem.Property(Genre)]$INFO[ListItem.Property(Year), • ]</label>
										<font>regular.SmallCaps</font>
										<include>dialog_CommonListItem</include>
									</control>
								</control>
							</itemlayout>
							<focusedlayout width="679" height="296">
								<control type="image">
									<posx>1</posx>
									<width>682</width>
									<height>119</height>
									<include>dialog_CommonListFocus</include>
									<animation effect="fade" start="100" end="40" reversible="true" time="150" condition="!Control.HasFocus(171)">Conditional</animation>
								</control>
								<control type="image">
									<posx>1</posx>
									<width>119</width>
									<height>119</height>
									<texture fallback="thumbs/album.png">$INFO[ListItem.Thumb]</texture>
									<aspectratio aligny="left">scale</aspectratio>
								</control>
								<control type="group">
									<posx>120</posx>
									<control type="label">
										<width>530</width>
										<label>$INFO[ListItem.Label]</label>
										<font>regular.Big</font>
										<include>dialog_CommonListItemFocus</include>
									</control>
									<control type="label">
										<posy>22</posy>
										<width>530</width>
										<label>$INFO[ListItem.Property(Artist)]</label>
										<font>regular.SmallCaps</font>
										<include>dialog_CommonListItemFocus</include>
									</control>
									<control type="label">
										<posy>42</posy>
										<width>530</width>
										<label>$INFO[ListItem.Property(Genre)]$INFO[ListItem.Property(Year), • ]</label>
										<font>regular.SmallCaps</font>
										<include>dialog_CommonListItemFocus</include>
									</control>
								</control>
							</focusedlayout>
						</control>
					</control>
				<!---song results------>
					<control type="group" id="189">
						<visible>Container(9000).HasFocus(8) | Control.HasFocus(181)</visible>
						<control type="list" id="181">
							<width>1469</width>
							<height>600</height>
							<onup>181</onup>
							<ondown>181</ondown>
							<onleft>9000</onleft>
							<onright>9000</onright>
							<orientation>vertical</orientation>
							<pagecontrol>60</pagecontrol>
							<scrolltime tween="quadratic">200</scrolltime>
							<preloaditems>2</preloaditems>
							<itemlayout width="679" height="120">
								<control type="image">
									<posy>119</posy>
									<width>682</width>
									<height>1</height>
									<include>dialog_Separator</include>
								</control>
								<control type="image">
									<posx>1</posx>
									<width>119</width>
									<height>119</height>
									<texture fallback="thumbs/album.png">$INFO[ListItem.Thumb]</texture>
									<aspectratio aligny="left">scale</aspectratio>
								</control>
								<control type="group">
									<posx>120</posx>
									<control type="label">
										<width>530</width>
										<label>$INFO[ListItem.Label]</label>
										<font>regular.Big</font>
										<include>dialog_CommonListItem</include>
									</control>
									<control type="label">
										<posy>22</posy>
										<width>530</width>
										<label>$INFO[ListItem.Property(Artist)]</label>
										<font>regular.SmallCaps</font>
										<include>dialog_CommonListItem</include>
									</control>
									<control type="label">
										<posy>42</posy>
										<width>530</width>
										<label>$INFO[ListItem.Property(Genre)]$INFO[ListItem.Property(Year), • ]</label>
										<font>regular.SmallCaps</font>
										<include>dialog_CommonListItem</include>
									</control>
								</control>
							</itemlayout>
							<focusedlayout width="679" height="120">
								<control type="image">
									<posx>1</posx>
									<width>682</width>
									<height>119</height>
									<include>dialog_CommonListFocus</include>
									<animation effect="fade" start="100" end="40" reversible="true" time="150" condition="!Control.HasFocus(181)">Conditional</animation>
								</control>
								<control type="image">
									<posx>1</posx>
									<width>119</width>
									<height>119</height>
									<texture fallback="thumbs/album.png">$INFO[ListItem.Thumb]</texture>
									<aspectratio aligny="left">scale</aspectratio>
								</control>
								<control type="group">
									<posx>120</posx>
									<control type="label">
										<width>530</width>
										<label>$INFO[ListItem.Label]</label>
										<font>regular.Big</font>
										<include>dialog_CommonListItemFocus</include>
									</control>
									<control type="label">
										<posy>22</posy>
										<width>530</width>
										<label>$INFO[ListItem.Property(Artist)]</label>
										<font>regular.SmallCaps</font>
										<include>dialog_CommonListItemFocus</include>
									</control>
									<control type="label">
										<posy>42</posy>
										<width>530</width>
										<label>$INFO[ListItem.Property(Genre)]$INFO[ListItem.Property(Year), • ]</label>
										<font>regular.SmallCaps</font>
										<include>dialog_CommonListItemFocus</include>
									</control>
								</control>
							</focusedlayout>
						</control>
					</control>
				</control>
			</control>
		<!---dialog controls------>
			<control type="button" id="901">
				<posx>15</posx>
				<posy>545</posy>
				<label>$ADDON[script.globalsearch 32299]</label>
				<width>250</width>
				<onright>200</onright>
				<onup>9000</onup>
				<ondown>9000</ondown>
				<onclick>SendClick(198)</onclick>
				<include>dialog_Button</include>
			</control>
		<!-- Required Buttons -->
			<control type="group" id="100">
				<control type="button" id="110">
					<visible>false</visible>
				</control>
				<control type="button" id="120">
					<visible>false</visible>
				</control>
				<control type="button" id="130">
					<visible>false</visible>
				</control>
				<control type="button" id="140">
					<visible>false</visible>
				</control>
				<control type="button" id="150">
					<visible>false</visible>
				</control>
				<control type="button" id="160">
					<visible>false</visible>
				</control>
				<control type="button" id="170">
					<visible>false</visible>
				</control>
				<control type="button" id="180">
					<visible>false</visible>
				</control>
				<control type="button" id="190">
					<visible>false</visible>
				</control>
				<control type="button" id="191">
					<visible>false</visible>
				</control>
				<control type="button" id="198">
					<visible>false</visible>
				</control>
				<control type="button" id="199">
					 <visible>false</visible>
				</control>
			</control>
		</control>
	</controls>
</window>
