﻿<?xml version="1.0" encoding="UTF-8"?>
<window id="137">
	<defaultcontrol always="true">9001</defaultcontrol>
	<allowoverlay>no</allowoverlay>
	<include>dialogOpen</include>
	<coordinates>
		<system>1</system>
		<posx>390</posx>
		<posy>200</posy>
	</coordinates>
	<controls>
		<control type="group">
			<control type="image">
				<width>500</width>
				<height>320</height>
				<include>dialogWindow</include>
			</control>
			<control type="label" id="1">
				<width>432</width>
				<label>21421</label>
				<include>dialog_Windowtitle</include>
			</control>
			<control type="image">
				<posx>19</posx>
				<posy>76</posy>
				<width>463</width>
				<include>dialog_Separator</include>
			</control>
			<control type="group" id="9001">
				<posx>19</posx>
				<posy>76</posy>
				<!--rule-->
				<control type="spincontrolex" id="15">
					<posy>0</posy>
					<width>463</width>
					<onright>16</onright>
					<onleft>16</onleft>
					<onup>9000</onup>
					<ondown>16</ondown>
					<include>dialog_Spin</include>
				</control>
				<!--rule operator-->
				<control type="spincontrolex" id="16">
					<posy>40</posy>
					<width>463</width>
					<onright>15</onright>
					<onleft>15</onleft>
					<onup>15</onup>
					<ondown>17</ondown>
					<include>dialog_Spin</include>
				</control>
			</control>
			<!--value-->
			<control type="edit" id="17">
				<posx>34</posx>
				<posy>170</posy>
				<width>322</width>
				<height>42</height>
				<onup>9001</onup>
				<onleft>-</onleft>
				<onright>20</onright>
				<ondown>9000</ondown>
				<textoffsetx>10</textoffsetx>
				<include>dialog_Input</include>
			</control>
			<!--browse-->
			<control type="button" id="20">
				<posx>367</posx>
				<posy>170</posy>
				<width>100</width>
				<label>1024</label>
				<onup>9001</onup>
				<onleft>17</onleft>
				<onright>17</onright>
				<ondown>9000</ondown>
				<include>dialog_Button</include>
			</control>
			<control type="group" id="9000">
				<posx>34</posx>
				<posy>245</posy>
				<control type="button" id="18">
					<!--ok-->
					<posx>180</posx>
					<label>186</label>
					<onup>17</onup>
					<onleft>19</onleft>
					<onright>19</onright>
					<ondown>15</ondown>
					<include>dialog_Button</include>
				</control>
				<control type="button" id="19">
					<!--cancel-->
					<posx>313</posx>
					<label>222</label>
					<onup>17</onup>
					<onleft>18</onleft>
					<onright>18</onright>
					<ondown>15</ondown>
					<include>dialog_Button</include>
				</control>
			</control>
		</control>
	</controls>
</window>