<?xml version="1.0" encoding="UTF-8"?>
<sounds>
    <actions>
        <action>
          <name>left</name>
          <file>leftright.wav</file>
        </action>
        <action>
          <name>right</name>
          <file>leftright.wav</file>
        </action>
        <action>
          <name>up</name>
          <file>updown.wav</file>
        </action>
        <action>
          <name>down</name>
          <file>updown.wav</file>
        </action>
        <action>
          <name>select</name>
          <file>click.wav</file>
        </action>
        <action>
          <name>close</name>
          <file>close.wav</file>
        </action>
        <action>
          <name>parentdir</name>
          <file>windowclose.wav</file>
        </action>
        <action>
          <name>previousmenu</name>
          <file>windowclose.wav</file>
        </action>
		<action>
          <name>screenshot</name>
          <file>shutter.wav</file>
        </action>
    </actions>

    <windows>
        <window>
          <name>playercontrols</name>
          <activate>guideopen.wav</activate>
          <deactivate>close.wav</deactivate>
        </window>
        <window>
          <name>home</name>
          <activate>-</activate>
          <deactivate>windowopen.wav</deactivate>
        </window>
        <window>
          <name>infodialog</name>
          <activate>kaitoast.wav</activate>
          <deactivate>-</deactivate>
        </window>
    </windows>
</sounds>
