﻿<?xml version="1.0" encoding="UTF-8"?>
<window id="606">
	<defaultcontrol always="true">9</defaultcontrol>
	<include>dialogOpen</include>
	<coordinates>
		<system>1</system>
		<posx>221</posx>
		<posy>50</posy>
	</coordinates>
	<controls>
		<control type="group">
			<control type="image">
				<width>838</width>
				<height>618</height>
				<include>dialogWindow</include>
			</control>
			<control type="label">
				<description>heading label</description>
				<width>770</width>
				<scroll>true</scroll>
				<label>$LOCALIZE[19142]</label>
				<include>dialog_Windowtitle</include>
			</control>
			<control type="image" id="1">
				<posx>34</posx>
				<posy>75</posy>
				<width>770</width>
				<height>40</height>
				<texture border="10,0,10,0">dialogs/textField.png</texture>
				<visible>!Control.HasFocus(9)</visible>
			</control>
			<control type="image" id="1">
				<posx>34</posx>
				<posy>75</posy>
				<width>770</width>
				<height>40</height>
				<texture border="10,0,10,0">dialogs/textFieldFocus.png</texture>
				<visible>Control.HasFocus(9)</visible>
			</control>
			<!--search label-->
			<control type="label">
				<posx>34</posx>
				<posy>73</posy>
				<width>200</width>
				<align>left</align>
				<textcolor>Color3</textcolor>
				<include>dialog_Label</include>
				<label>$LOCALIZE[137]</label>
			</control>
			<!--search field-->
			<control type="edit" id="9">
				<posx>125</posx>
				<posy>74</posy>
				<width>542</width>
				<height>38</height>
				<font>keyboard</font>
				<textcolor>Color4</textcolor>
				<align>left</align>
				<aligny>center</aligny>
				<onleft>9</onleft>
				<onright>9</onright>
				<onup>26</onup>
				<ondown>10</ondown>
			</control>
			<!--search help-->
			<control type="textbox">
				<posx>36</posx>
				<posy>120</posy>
				<width>750</width>
				<height>70</height>
				<align>left</align>
				<font>descriptionSmall</font>
				<textcolor>Color4</textcolor>
				<label>$LOCALIZE[19001] $LOCALIZE[19002]</label>
			</control>
			<control type="group" id="8000">
				<posx>19</posx>
				<posy>200</posy>
				<control type="image">
					<posx>0</posx>
					<posy>0</posy>
					<width>800</width>
					<include>dialog_Separator</include>
				</control>
				<!--include description-->
				<control type="radiobutton" id="10">
					<posy>0</posy>
					<width>400</width>
					<label>19134</label>
					<onleft>12</onleft>
					<onright>12</onright>
					<onup>9</onup>
					<ondown>11</ondown>
					<include>dialog_Radio</include>
				</control>
				<!--case sensitive-->
				<control type="radiobutton" id="11">
					<description>Case Sensitive</description>
					<posy>40</posy>
					<width>400</width>
					<label>19135</label>
					<onleft>13</onleft>
					<onright>13</onright>
					<onup>10</onup>
					<ondown>14</ondown>
					<include>dialog_Radio</include>
				</control>
				<!--start date-->
				<control type="edit" id="14">
					<posy>80</posy>
					<width>400</width>
					<label>19128</label>
					<onright>16</onright>
					<onleft>16</onleft>
					<onup>11</onup>
					<ondown>15</ondown>
					<include>dialog_Button-list</include>
				</control>
				<!--end date-->
				<control type="edit" id="15">
					<posy>120</posy>
					<width>400</width>
					<label>19129</label>
					<onright>17</onright>
					<onleft>17</onleft>
					<onup>14</onup>
					<ondown>18</ondown>
					<include>dialog_Button-list</include>
				</control>
				<!--genre-->
				<control type="spincontrolex" id="18">
					<posx>0</posx>
					<posy>160</posy>
					<width>400</width>
					<label>515</label>
					<onright>19</onright>
					<onleft>19</onleft>
					<onup>15</onup>
					<ondown>20</ondown>
					<include>dialog_Spin</include>
				</control>
				<!--include unknown genres-->
				<control type="radiobutton" id="20">
					<posy>200</posy>
					<width>400</width>
					<pulseonselect>no</pulseonselect>
					<label>19132</label>
					<onleft>21</onleft>
					<onright>21</onright>
					<onup>18</onup>
					<ondown>22</ondown>
					<include>dialog_Radio</include>
				</control>
				<!--free to air only-->
				<control type="radiobutton" id="22">
					<posy>240</posy>
					<width>400</width>
					<label>19123</label>
					<onleft>23</onleft>
					<onright>23</onright>
					<onup>20</onup>
					<ondown>24</ondown>
					<include>dialog_Radio</include>
				</control>
				<!--ignore timers-->
				<control type="radiobutton" id="24">
					<posy>280</posy>
					<width>400</width>
					<label>19124</label>
					<onleft>27</onleft>
					<onright>27</onright>
					<onup>22</onup>
					<ondown>26</ondown>
					<include>dialog_Radio</include>
				</control>
			</control>
			<control type="image">
				<posx>419</posx>
				<posy>201</posy>
				<height>318</height>
				<include>dialog_Separator-y</include>
			</control>
			<control type="group">
				<posx>419</posx>
				<posy>200</posy>
				<!--minimum duration-->
				<control type="spincontrolex" id="12">
					<posy>0</posy>
					<width>400</width>
					<label>19130</label>
					<onright>10</onright>
					<onleft>10</onleft>
					<onup>9</onup>
					<ondown>13</ondown>
					<include>dialog_Spin</include>
				</control>
				<!--maximum duration-->
				<control type="spincontrolex" id="13">
					<posy>40</posy>
					<width>400</width>
					<label>19131</label>
					<onright>11</onright>
					<onleft>11</onleft>
					<onup>12</onup>
					<ondown>16</ondown>
					<include>dialog_Spin</include>
				</control>
				<!--start time-->
				<control type="edit" id="16">
					<posy>80</posy>
					<width>400</width>
					<label>19126</label>
					<onright>14</onright>
					<onleft>14</onleft>
					<onup>13</onup>
					<ondown>17</ondown>
					<include>dialog_Button-list</include>
				</control>
				<!--end time-->
				<control type="edit" id="17">
					<posy>120</posy>
					<width>400</width>
					<label>19127</label>
					<onright>15</onright>
					<onleft>15</onleft>
					<onup>16</onup>
					<ondown>19</ondown>
					<include>dialog_Button-list</include>
				</control>
				<!--avoid repeats-->
				<control type="radiobutton" id="19">
					<posy>160</posy>
					<width>400</width>
					<label>19121</label>
					<onright>18</onright>
					<onleft>18</onleft>
					<onup>17</onup>
					<ondown>21</ondown>
					<include>dialog_Radio</include>
				</control>
				<!--groups-->
				<control type="spincontrolex" id="21">
					<posy>200</posy>
					<width>400</width>
					<label>19141</label>
					<onright>20</onright>
					<onleft>20</onleft>
					<onup>19</onup>
					<ondown>23</ondown>
					<include>dialog_Spin</include>
				</control>
				<!--channels-->
				<control type="spincontrolex" id="23">
					<posy>240</posy>
					<width>400</width>
					<label>19148</label>
					<onleft>22</onleft>
					<onright>22</onright>
					<onup>21</onup>
					<ondown>27</ondown>
					<include>dialog_Spin</include>
				</control>
				<!--ignore recordings-->
				<control type="radiobutton" id="27">
					<posy>280</posy>
					<width>400</width>
					<label>19125</label>
					<onleft>24</onleft>
					<onright>24</onright>
					<onup>23</onup>
					<ondown>26</ondown>
					<include>dialog_Radio</include>
				</control>
			</control>
			<control type="group" id="9000">
				<posx>34</posx>
				<posy>543</posy>
				<!--defaults-->
				<control type="button" id="28">
					<label>$LOCALIZE[409]</label>
					<onleft>26</onleft>
					<onright>25</onright>
					<onup>24</onup>
					<ondown>9</ondown>
					<include>dialog_Button</include>
				</control>
				<!--cancel-->
				<control type="button" id="25">
					<posx>522</posx>
					<label>$LOCALIZE[222]</label>
					<onleft>28</onleft>
					<onright>26</onright>
					<onup>27</onup>
					<ondown>9</ondown>
					<include>dialog_Button</include>
				</control>
				<!--search-->
				<control type="button" id="26">
					<posx>652</posx>
					<label>$LOCALIZE[137]</label>
					<onleft>25</onleft>
					<onright>28</onright>
					<onup>27</onup>
					<ondown>9</ondown>
					<include>dialog_Button</include>
				</control>
			</control>
		</control>
	</controls>
</window>