﻿<?xml version="1.0" encoding="UTF-8"?>
<window id="602">
	<defaultcontrol always="true">10</defaultcontrol>
	<include>dialogOpen</include>
	<coordinates>
		<system>1</system>
		<posx>353</posx>
		<posy>90</posy>
	</coordinates>
	<controls>
		<control type="group">
			<control type="image">
				<width>577</width>
				<height>540</height>
				<include>dialogWindow</include>
			</control>
			<control type="label" id="1">
				<width>543</width>
				<label>$LOCALIZE[19053]</label>
				<include>dialog_Windowtitle</include>
			</control>
			<control type="group">
				<posx>19</posx>
				<posy>75</posy>
				<control type="image">
					<width>540</width>
					<include>dialog_Separator</include>
				</control>
				<control type="list" id="100">
					<width>540</width>
					<height>240</height>
					<onleft>-</onleft>
					<onright>-</onright>
					<onup>100</onup>
					<ondown>100</ondown>
					<scrolltime>200</scrolltime>
					<itemlayout height="40">
						<control type="image">
							<width>540</width>
							<height>40</height>
							<font>smallerCaps</font>
							<include>dialog_CommonList</include>
						</control>
						<control type="label">
							<width>532</width>
							<height>36</height>
							<label>$INFO[ListItem.Label]</label>
							<font>smallerCaps</font>
							<include>dialog_CommonListItem</include>
						</control>
						<control type="label">
							<posx>525</posx>
							<width>532</width>
							<height>36</height>
							<align>right</align>
							<label>$INFO[ListItem.Label2]</label>
							<font>smallAlt</font>
							<include>dialog_CommonListItem</include>
						</control>
					</itemlayout>
					<focusedlayout height="40">
						<control type="image">
							<width>540</width>
							<include>dialog_CommonList</include>
						</control>
						<control type="label">
							<width>532</width>
							<height>36</height>
							<label>$INFO[ListItem.Label]</label>
							<font>smallerCaps</font>
							<include>dialog_CommonListItem</include>
						</control>
						<control type="label">
							<posx>525</posx>
							<width>532</width>
							<height>36</height>
							<align>right</align>
							<label>$INFO[ListItem.Label2]</label>
							<font>smallAlt</font>
							<include>dialog_CommonListItem</include>
						</control>
					</focusedlayout>
					<content>
						<item id="1">
							<label>$LOCALIZE[369]</label>
							<label2>$INFO[ListItem.Title]</label2>
							<onclick>-</onclick>
						</item>
						<item id="2">
							<label>$LOCALIZE[552]</label>
							<label2>$INFO[ListItem.StartDate]</label2>
							<onclick>-</onclick>
						</item>
						<item id="3">
							<label>$LOCALIZE[555]</label>
							<label2>$INFO[ListItem.StartTime]$INFO[ListItem.EndTime, - ]</label2>
							<onclick>-</onclick>
						</item>
						<item id="4">
							<label>$LOCALIZE[19148]</label>
							<label2>$INFO[ListItem.ChannelName]</label2>
							<onclick>-</onclick>
						</item>
						<item id="5">
							<label>$LOCALIZE[180]</label>
							<label2>$INFO[ListItem.Duration]</label2>
							<onclick>-</onclick>
						</item>
						<item id="6">
							<label>$LOCALIZE[135]</label>
							<label2>$INFO[ListItem.Genre]</label2>
							<onclick>-</onclick>
						</item>
					</content>
				</control>
				<!--description-->
				<control type="textbox" id="400">
					<posx>15</posx>
					<posy>247</posy>
					<width>500</width>
					<height>110</height>
					<label fallback="416">$INFO[ListItem.Plot]</label>
					<font>descriptionSmall</font>
					<textcolor>Color4</textcolor>
					<include>autoscroll-plot</include>
				</control>
			</control>
		</control>
		<!--ok-->
		<control type="button" id="10">
			<posx>228</posx>
			<posy>465</posy>
			<label>$LOCALIZE[186]</label>
			<include>dialog_Button</include>
		</control>
	</controls>
</window>