﻿<?xml version="1.0" encoding="UTF-8"?>
<window id="2">
	<defaultcontrol always="true">50</defaultcontrol>
	<allowoverlay>yes</allowoverlay>
	<views>50,53,531,573,574</views>
	<controls>
		<include>global_Background</include>
		<include>global_Includes</include>
		<include>nav_Indicator</include>
		<include>view_List</include>
		<include>PageControls</include>
		<include>windowTitle_Pictures</include>

<!---TRIGGER------>	
		<control type="button" id="8000">
			<label>SHOULD NOT SEE ME</label>
			<onup>53</onup>
			<ondown>53</ondown>
			<onleft>53</onleft>
			<onright>53</onright>
			<width>200</width>
			<visible allowhiddenfocus="true">false</visible>
		</control>

<!---LIST VIEW------>
		<control type="group">
			<include>infoDialogHide</include>
			<include>toggle_Menu</include>
			<include>transition_Container</include>
			<visible>Control.IsVisible(50) + !IsEmpty(Container.FolderPath) + !SubString(Container.FolderPath,addons) + !substring(container.folderpath,plugin://plugin.image)</visible>
			<control type="group">
				<posx>650</posx>
				<posy>60</posy>
				<control type="image">
					<width>580</width>
					<height>650</height>
					<texture background="true">$INFO[ListItem.Thumb]</texture>
					<bordersize>22</bordersize>
					<aligny>top</aligny>
					<aspectratio align="center">keep</aspectratio>
					<fadetime>fadetime_Thumb</fadetime>
					<visible>ListItem.IsFolder</visible>
				</control>
				<control type="image">
					<width>580</width>
					<height>650</height>
					<texture fallback="thumbs/picture_landscape.jpg" background="true">$INFO[ListItem.Thumb]</texture>
					<bordertexture border="31" width="400" height="315">frames/frame_Square.png</bordertexture>
					<bordersize>22</bordersize>
					<aligny>top</aligny>
					<aspectratio align="center">keep</aspectratio>
					<fadetime>fadetime_Thumb</fadetime>
					<visible>!ListItem.IsFolder</visible>
				</control>
			</control>
		</control>

		<!---addons--->
		<include>info_AddonList</include>

<!---THUMBNAILS VIEW------>
		<include>view_IconFiles</include>
		<control type="group">
			<visible>Control.IsVisible(573)</visible>
			<include>transition_Info</include>
			<include>toggle_Menu</include>
			<posx>85</posx>
			<posy>640</posy>
			<control type="label">
				<label>[UPPERCASE]$INFO[ListItem.Label][/UPPERCASE]</label>
				<font>title</font>
				<textcolor>Color1</textcolor>
				<align>left</align>
				<width>900</width>
			</control>
			<control type="label">
				<posy>25</posy>
				<label>$INFO[ListItem.PictureResolution]$INFO[ListItem.PictureDateTime, • ]</label>
				<font>info</font>
				<textcolor>Color2</textcolor>
				<align>left</align>
				<width>750</width>
			</control>
		</control>

<!---GALLERY VIEW------>	
		<control type="group">
			<posx>265</posx>
			<posy>105</posy>
			<include>transition_Info</include>
			<include>toggle_Menu</include>
			<include>infoDialogHide</include>
			<visible>Control.IsVisible(53)</visible>
			<control type="group">
				<posy>480</posy>
				<control type="label">
					<label>[UPPERCASE]$INFO[ListItem.PictureResolution,$LOCALIZE[21805] - ][/UPPERCASE]</label>
					<width>940</width>
					<include>info_TitleSmall</include>
				</control>
				<control type="label">
					<posy>23</posy>
					<label>[UPPERCASE]$INFO[ListItem.Size][/UPPERCASE]</label>
					<width>750</width>
					<include>info_Sub</include>
				</control>
				<control type="label">
					<posy>46</posy>
					<label>[UPPERCASE]$INFO[ListItem.PictureDateTime][/UPPERCASE]</label>
					<width>750</width>
					<include>info_Sub</include>
				</control>
			</control>
		</control>
		<include>view_Gallery</include>
		<include>view_GalleryFull</include>
		<include>menu_Files</include>
	</controls>
</window>
