﻿<?xml version="1.0" encoding="UTF-8"?>
<includes>
<!--OSD-->
	<variable name="TVShowClearArt">
		<value condition="Container.Content(episodes) | Container.Content(seasons)">$INFO[ListItem.Art(tvshow.clearart)]</value>
		<value condition="!IsEmpty(ListItem.Art(clearart))">$INFO[ListItem.Art(clearart)]</value>
		<value condition="!IsEmpty(ListItem.Art(clearlogo))">$INFO[ListItem.Art(clearlogo)]</value>
	</variable>
	<variable name="PlayerArtwork">
		<value condition="VideoPlayer.Content(episodes) + !IsEmpty(Player.Art(tvshow.clearart))">$INFO[Player.Art(tvshow.clearart)]</value>
		<value condition="VideoPlayer.Content(episodes)">$INFO[Player.Art(tvshow.clearlogo)]</value>
		<value condition="!IsEmpty(Player.Art(clearart))">$INFO[Player.Art(clearart)]</value>
		<value>$INFO[Player.Art(clearlogo)]</value>
	</variable>
	<variable name="PlayerThumb">
		<!--<value condition="VideoPlayer.Content(episodes)">$INFO[Player.Art(tvshowthumb)]</value>-->
		<value>$INFO[Player.Art(thumb)]</value>
	</variable>
	<variable name="PlayerLogo">
		<value condition="VideoPlayer.Content(episodes) + !IsEmpty(Player.Art(tvshow.clearart))">$INFO[Player.Art(tvshow.clearlogo)]</value>
		<value>$INFO[Player.Art(clearlogo)]</value>
	</variable>

<!---GLOBAL------>
	<variable name="global_Clock.Formats">
		<value condition="substring(system.time,AM,right)">[B]$INFO[System.Time(h),,:]$INFO[System.Time(mm)][/B]AM</value>
		<value condition="substring(system.time,PM,right)">[B]$INFO[System.Time(h),,:]$INFO[System.Time(mm)][/B]PM</value>
		<value>[B]$INFO[System.Time][/B]</value>
	</variable>
	<variable name="global_Plot.Condition">
		<value condition="Container.Content(artists)">$INFO[ListItem.Property(Artist_Description)]</value>
		<value condition="Container.Content(albums)">$INFO[ListItem.Property(Album_Description)]</value>
		<value condition="Container.Content(seasons) + !IsEmpty(ListItem.Title) + !IsEmpty(ListItem.Property(UnWatchedEpisodes))">$INFO[Container.ShowPlot]</value>
		<value condition="!IsEmpty(ListItem.Plotoutline)">$INFO[ListItem.Plotoutline]</value>
		<value>$INFO[ListItem.Plot]</value>
	</variable>
	<variable name="global_Background.Fallback">
		<value condition="!Control.IsVisible(56)">$INFO[ListItem.Art(fanart)]</value>
	</variable>

<!---BACKGROUND OPACITY---->
    <variable name="global_background.Opacity">
	<value condition="Skin.HasSetting(background.opacitylight)">99FFFFFF</value>
        <value condition="Skin.HasSetting(background.opacitymedium)">77FFFFFF</value>
        <value condition="Skin.HasSetting(background.opacityheavy)">55FFFFFF</value>
        <value>FFFFFFFF</value>
	</variable>

<!---VIEWS------>
	<variable name="global_Title">
		<value condition="SubString(Container.FolderPath,plugin.video.hulu)">$INFO[ListItem.Label]</value>
		<!--episodes--><value condition="Container.Content(episodes) + [SubString(Container.FolderName,$LOCALIZE[20387]) | SubString(Container.FolderPath,special://skin/playlists/) | SubString(Container.FolderPath,special://profile/playlists/)] + !IsEmpty(ListItem.Title)">$INFO[ListItem.TVShowTitle]$INFO[ListItem.Title,: ]</value>
		<!--episodes--><value condition="Container.Content(episodes) + !IsEmpty(ListItem.Title)">$INFO[ListItem.Title]</value>
		<!--music videos--><value condition="Container.Content(musicvideos) + !IsEmpty(ListItem.Title)">$INFO[ListItem.Title]</value>
		<!--songs--><value condition="Container.Content(songs) + ![SubString(Container.FolderPath,musicdb://4/) | SubString(Container.FolderPath,musicdb://10/)] + !SubString(ListItem.Icon,default)">$INFO[ListItem.Tracknumber,,. ]$INFO[ListItem.Title]</value>
		<!--singles--><value condition="Container.Content(songs) + [SubString(Container.FolderPath,musicdb://4/) | SubString(Container.FolderPath,musicdb://10/)] + !SubString(ListItem.Icon,default)">$INFO[ListItem.Title]</value>
		<!--addons--><value condition="Container.Content(addons) + !IsEmpty(ListItem.Title)">$INFO[ListItem.Property(Addon.Summary)]</value>
		<!--<value condition="Container.Content(songs) + ![SubString(Container.FolderPath,musicdb://4/) | SubString(Container.FolderPath,musicdb://10/)] + !SubString(ListItem.Icon,default)">$INFO[ListItem.Tracknumber,,. ]$INFO[ListItem.Title]</value>-->
		<!--<value condition="[SubString(Container.FolderPath,musicdb://4/) | SubString(Container.FolderPath,musicdb://10/)] + !SubString(ListItem.Icon,default)">$INFO[ListItem.Title]</value>-->
		<!--<value condition="Container.Content(addons) + !IsEmpty(ListItem.Title)">$INFO[ListItem.Property(Addon.Summary)]</value>-->
		<!--<value condition="Container.Content(songs) + ![SubString(Container.FolderPath,musicdb://4/) | SubString(Container.FolderPath,musicdb://10/)] + !SubString(ListItem.Icon,default)">$INFO[ListItem.Tracknumber,,. ]$INFO[ListItem.Title]</value>-->
		<value>$INFO[ListItem.Label]</value>
	</variable>
	<variable name="global_Info">
		<!--movie set--><value condition="Container.Content(movies) + ListItem.IsFolder + SubString(Container.FolderPath,videodb) + !IsEmpty(ListItem.Title)">$LOCALIZE[20338] $LOCALIZE[20141]</value>
		<!--trailers---><value condition="Container.Content(movies) + !IsEmpty(ListItem.Property(ReleaseDate))">$INFO[ListItem.Property(ReleaseDate)]$INFO[ListItem.Genre, • ]</value>
		<!--movies--><value condition="Container.Content(movies)">$INFO[ListItem.Year]$INFO[ListItem.Duration, • , $LOCALIZE[31100]]$INFO[ListItem.Genre, • ]</value>
		<!--tvshows--><value condition="Container.Content(tvshows) + !IsEmpty(ListItem.Property(UnWatchedEpisodes))">$INFO[ListItem.Property(UnWatchedEpisodes),, $LOCALIZE[16101] $LOCALIZE[20360]]</value>
		<!--tvshows--><value condition="Container.Content(tvshows) + IsEmpty(ListItem.Property(UnWatchedEpisodes))">$INFO[ListItem.Genre]</value>
		<!--linked movie--><value condition="Container.Content(seasons) + IsEmpty(ListItem.Property(UnWatchedEpisodes))">$INFO[ListItem.Genre]</value>
		<!--seasons--><value condition="Container.Content(seasons)">$INFO[ListItem.Property(UnWatchedEpisodes),, $LOCALIZE[16101] $LOCALIZE[20360]]</value>
		<!--episodes--><value condition="Container.Content(episodes) + ![IsEmpty(ListItem.Season) + IsEmpty(ListItem.Episode)]">$INFO[ListItem.Season,$LOCALIZE[20373] , - ]$INFO[ListItem.Episode,$LOCALIZE[20359] ]$INFO[ListItem.Premiered, • ]</value>
		<!--episodes--><value condition="Container.Content(episodes) + [IsEmpty(ListItem.Season) + IsEmpty(ListItem.Episode)]">$INFO[ListItem.Premiered]</value>
		<!--music videos--><value condition="Container.Content(musicvideos)">$INFO[ListItem.Artist]$INFO[ListItem.Album , • ]</value>
		<!--files--><value condition="Container.Content(files) + !SubString(Container.FolderPath,plugin://)">$INFO[ListItem.Date]$INFO[ListItem.Size, • ]$INFO[ListItem.Duration, • ]</value>
		<!--artists--><value condition="Container.Content(artists)">$INFO[ListItem.Property(Artist_Genre)]</value>
		<!--albums--><value condition="Container.Content(albums)">$INFO[ListItem.Artist]$INFO[ListItem.Year, • ]</value>
		<!--songs--><value condition="Container.Content(songs)">$INFO[ListItem.Artist]</value>
		<!--addonbrowser--><value condition="Window.IsActive(addonbrowser)">$INFO[ListItem.Property(Addon.Version),$LOCALIZE[24051] ]$INFO[ListItem.Property(Addon.Status), • ]</value>
		<!--addons--><value condition="Container.Content(addons) + !IsEmpty(ListItem.Property(Addon.Summary))">$INFO[ListItem.Property(Addon.Summary)]</value>
		<!--pictures--><value condition="Window.IsActive(pictures)">$INFO[ListItem.Date]$INFO[ListItem.PictureResolution, • ]</value>
		<!--programs--><value condition="Window.IsActive(programs)">$INFO[ListItem.Property(Addon.Summary)]</value>
		<value>$INFO[ListItem.Label2]</value>
	</variable>
	<variable name="gallery_Title">
		<value condition="Container.Content(episodes) + !SubString(ListItem.Icon,default)">$INFO[ListItem.Episode,,. ]$INFO[ListItem.Title]</value>
		<value>$INFO[ListItem.Label]</value>
	</variable>
	<variable name="gallery_Header">
		<value condition="Container.Content(tvshows)">$INFO[ListItem.Genre]</value>
		<!--movie set--><value condition="Container.Content(movies) + ListItem.IsFolder + SubString(Container.FolderPath,videodb) + !IsEmpty(ListItem.Title)">$LOCALIZE[20338] $LOCALIZE[20141]</value>
		<value condition="Container.Content(movies) + !IsEmpty(ListItem.Tagline)">$INFO[ListItem.Tagline]</value>
		<value condition="Container.Content(movies) + IsEmpty(ListItem.Tagline) + !IsEmpty(ListItem.PlotOutline)">$INFO[ListItem.PlotOutline]</value>
		<value condition="Container.Content(movies) + IsEmpty(ListItem.Tagline) + IsEmpty(ListItem.PlotOutline)">$INFO[ListItem.Plot]</value>
		<value>$INFO[ListItem.Label]</value>
	</variable>
	<variable name="movie_Info.Date">
		<value condition="Container.Content(movies) + !IsEmpty(ListItem.Property(ReleaseDate))">$INFO[ListItem.Property(ReleaseDate)]</value>
		<value>$INFO[ListItem.Year,, • ]$INFO[ListItem.Duration,, $LOCALIZE[31100]]</value>
	</variable>
	<variable name="playlist_Title">
		<value condition="!IsEmpty(ListItem.TVShowTitle)">$INFO[ListItem.Title]</value>
		<value>$INFO[ListItem.Label]</value>
	</variable>
	<variable name="playlist_Info">
		<value condition="IsEmpty(ListItem.Title)">$INFO[ListItem.Date]$INFO[ListItem.Size, • ]</value>
		<value condition="!IsEmpty(ListItem.TVShowTitle) + IsEmpty(ListItem.Artist)">$INFO[ListItem.TVShowTitle,,: ]$INFO[ListItem.Season,$LOCALIZE[20373] , -] $INFO[ListItem.Episode,$LOCALIZE[20359] ]</value>
		<value condition="IsEmpty(ListItem.TVShowTitle) + IsEmpty(ListItem.Artist)">$INFO[ListItem.Genre]</value>
		<value condition="!IsEmpty(ListItem.Artist)">$INFO[ListItem.Artist]</value>
		<value condition="IsEmpty(ListItem.TVShowTitle) + IsEmpty(ListItem.Artist) + IsEmpty(Listitem.Genre)">$INFO[ListItem.Path]</value>
		<value>$INFO[ListItem.Label2]</value>
	</variable>

<!---IMAGES------>
     <variable name="extrafanart.path">
    	<value condition="Skin.HasSetting(fanart.extra) + [Container.Content(tvshows) | Container.Content(seasons)]">$INFO[ListItem.Path,,/extrafanart/]</value>
    	<value condition="Skin.HasSetting(fanart.extra) + Container.Content(episodes)">$INFO[ListItem.Path]extrafanart</value>
    	<value condition="Skin.HasSetting(fanart.extra) + [Container.Content(albums) | Container.Content(artists) | Container.Content(songs)]">$INFO[Skin.String(cdartlocation)]$INFO[ListItem.Artist,,/extrafanart/]</value>
    	<value condition="Skin.HasSetting(fanart.extra) + [Container.Content(movies)]">$INFO[ListItem.Path,,/extrafanart/]</value>
    	<value>-</value>
    </variable>
	<variable name="thumb_Landscape.Condition">
		<value condition="[Container.Content(tvshows) | Container.Content(movies)] + !IsEmpty(ListItem.Art(landscape))">$INFO[ListItem.Art(landscape)]</value>
		<value condition="[Container.Content(tvshows) | Container.Content(movies)] + IsEmpty(ListItem.Art(landscape)) + !IsEmpty(ListItem.Art(fanart))">$INFO[ListItem.Art(fanart)]</value>
		<value condition="Container.Content(musicvideos) + IsEmpty(ListItem.Thumb)">thumbs/music_landscape.jpg</value>
		<value condition="Container.Content(episodes) + IsEmpty(ListItem.Thumb)">thumbs/tvshow_landscape.jpg</value>
		<value condition="Window.IsActive(pictures) + IsEmpty(ListItem.Thumb)">thumbs/picture_landscape.jpg</value>
		<value condition="Container.Content(files) + IsEmpty(ListItem.Thumb)">thumbs/video_landscape.png</value>
		<value condition="Container.Content(seasons)">$INFO[ListItem.Path]</value>
		<value condition="Container.Content(episodes) + IsEmpty(ListItem.PlayCount) + !system.getbool(videolibrary.showunwatchedplots)">$INFO[ListItem.Art(fanart)]</value>
		<value>$INFO[ListItem.Icon]</value>
	</variable>
	<variable name="view_Landscape.Thumb">
		<value condition="Container.Content(episodes)">$INFO[ListItem.Art(thumb)]</value>
		<value condition="IsEmpty(ListItem.Art(landscape))">$INFO[ListItem.Art(fanart)]</value>
		<value>$INFO[ListItem.Art(landscape)]</value>
	</variable>
	<variable name="thumb_Portrait.Condition">
		<value condition="StringCompare(Container.FolderPath,plugin://plugin.video.the.trailers/)">$INFO[ListItem.Icon]</value>
		<value condition="IsEmpty(ListItem.Thumb) + [Container.Content(movies) | Container.Content(sets)]">thumbs/movie_portrait.jpg</value>
		<value condition="IsEmpty(ListItem.Thumb) + [Container.Content(tvshows) | Container.Content(seasons)]">thumbs/tvshow_portrait.jpg</value>
		<value condition="IsEmpty(ListItem.Thumb) + Container.Content(actors)">thumbs/actor_portrait.jpg</value>
		<value condition="!IsEmpty(ListItem.Thumb)">$INFO[ListItem.Thumb]</value>
	</variable>
	<variable name="thumb_Portrait.Wide">
		<value condition="IsEmpty(ListItem.Title) + Container.Content(movies)">thumbs/movie_landscape.jpg</value>
		<value condition="IsEmpty(ListItem.Title) + [Container.Content(tvshows) | Container.Content(seasons)]">thumbs/tvshow_landscape.jpg</value>
		<value condition="IsEmpty(ListItem.Title) + Container.Content(actors)">thumbs/actor_portrait.jpg</value>
		<value condition="IsEmpty(ListItem.Title) + Container.Content(addons)">thumbs/addon.png</value>
		<value condition="!IsEmpty(ListItem.Title) + Container.Content(movies) + !SubString(Container.FolderPath,plugin + !IsEmpty(ListItem.Property(Fanart_Image))">$INFO[ListItem.Art(fanart)]</value>
		<value condition="!IsEmpty(ListItem.Title) + Container.Content(tvshows)">$INFO[ListItem.Art(fanart)]</value>
		<value condition="!IsEmpty(ListItem.Title) + Container.Content(movies) + IsEmpty(ListItem.Property(Fanart_Image))">thumbs/movie_landscape.jpg</value>
		<value condition="!IsEmpty(ListItem.Title) + Container.Content(tvshows) + IsEmpty(ListItem.Property(Fanart_Image))">thumbs/tvshow_landscape.jpg</value>
		<value>$INFO[ListItem.Icon]</value>
	</variable>
	<variable name="thumb_Square.Condition">
		<value condition="Container.Content(albums) + IsEmpty(ListItem.Thumb)">thumbs/album.png</value>
		<value condition="Container.Content(artists) + IsEmpty(ListItem.Thumb)">thumbs/artist.png</value>
		<value condition="Container.Content(songs) + IsEmpty(ListItem.Thumb)">thumbs/album.png</value>
		<value condition="[Container.Content(files) | Container.Content(addons)] + IsEmpty(ListItem.Thumb)">thumbs/addon.png</value>
		<value>$INFO[ListItem.Thumb]</value>
	</variable>
	<variable name="view_Banner.Thumb">
		<value>$INFO[ListItem.path]banner.jpg</value>
	</variable>
	<variable name="global_Rating.Condition">
		<value condition="[!IsEmpty(ListItem.Artist) | !IsEmpty(ListItem.Title)] + !IsEmpty(ListItem.Rating)">$INFO[ListItem.StarRating]</value>
		<value condition="Container.Content(addons) | SubString(Container.FolderPath,addons)">$INFO[ListItem.Property(Addon.StarRating)]</value>
	</variable>
	<variable name="art_Logo.Condition">
		<value condition="Container.Content(episodes) | Container.Content(seasons)">$INFO[ListItem.Art(tvshow.clearlogo)]</value>
		<value condition="Skin.HasSetting(artistlogo.enable) + [Window.IsVisible(musiclibrary) | Container.Content(artists) | Container.Content(albums) | Container.Content(songs)]">$INFO[Skin.String(artistlogo.path)]$INFO[ListItem.Artist]/logo.png</value>
		<value condition="Skin.HasSetting(artistlogo.enable) + [Window.IsVisible(musiclibrary) | Container.Content(artists) | Container.Content(albums) | Container.Content(songs)]">$INFO[Skin.String(artistlogo.path)]$INFO[ListItem.Artist]../logo.png</value>
		<value condition="Container.Content(tvshows) | Container.Content(seasons) | Container.Content(episodes)">$INFO[ListItem.Path]/logo.png</value>
		<value condition="Container.Content(tvshows) | Container.Content(seasons) | Container.Content(episodes)">$INFO[ListItem.Path]../logo.png</value>
		<value>$INFO[ListItem.Art(clearlogo)]</value>
	</variable>

<!---FLAGS------>
	<variable name="flag_Studio">
		<value condition="!Skin.HasSetting(removelogos.enable) + Container.Content(movies)">$INFO[Listitem.Studio,special://skin/media/flags/studios/,.png]</value>
		<value condition="!Skin.HasSetting(removelogos.enable) + Container.Content(tvshows) | Container.Content(seasons) | Container.Content(episodes)">$INFO[Listitem.Studio,special://skin/media/flags/networks/,.png]</value>
		<value condition="Container.Content(musicvideos)">$INFO[Listitem.studio,special://skin/media/flags/labels/,.png]</value>
		<value condition="Window.IsVisible(musiclibrary)">$INFO[Listitem.Property(Album_Label),special://skin/media/flags/labels/,.png]</value> -->
	</variable>
	<variable name="flag_Studio.player">
		<value condition="VideoPlayer.Content(movies)">$INFO[VideoPlayer.studio,special://skin/media/flags/studios/,.png]</value>
		<value condition="VideoPlayer.Content(episodes)">$INFO[VideoPlayer.studio,special://skin/media/flags/networks/,.png]</value>
		<value condition="VideoPlayer.Content(musicvideos)">$INFO[VideoPlayer.studio,special://skin/media/flags/labels/,.png]</value>
		<value condition="VideoPlayer.Content(livetv)">$INFO[VideoPlayer.Icon]</value>
		<value condition="VideoPlayer.Content(files)">$INFO[VideoPlayer.VideoCodec,special://skin/media/flags/codec/,.png]</value>
		<value condition="MusicPlayer.Content(files)">$INFO[MusicPlayer.Property(Album_Label),special://skin/media/flags/labels/,.png]</value>
	</variable>

<!---WINDOW TITLES------>
	<variable name="window_Title.Video">
	<!--video sources-->
		<value condition="[Container.Content(tvshows) | Container.Content(movies) | Container.Content(seasons) | Container.Content(episodes) | Container.Content(musicvideos) | Container.Content(Files) | StringCompare(Container.FolderPath,sources://video/)] + !SubString(Container.FolderPath,videodb) + !SubString(Container.FolderPath,skin) + !SubString(Container.FolderPath,plugin://plugin.video.the.trailers)">$LOCALIZE[157] [COLOR=Color2]$INFO[Container.FolderName][/COLOR]</value>
	<!--nodes-->
		<!--movies--><value condition="StringCompare(Container.FolderPath,videodb://movies/)">$LOCALIZE[342]</value>
		<!--tv shows--><value condition="StringCompare(Container.FolderPath,videodb://tvshows/) | IsEmpty(Container.FolderPath)">$LOCALIZE[20343]</value>
		<!--music videos--><value condition="stringcompare(Container.FolderPath,videodb://musicvideos/)">$LOCALIZE[20389]</value>
	<!--movies-->
		<value condition="SubString(Container.FolderPath,videodb://movies/) + !StringCompare(Container.FolderPath,videodb://movies/) + !Window.IsVisible(script-Actors-DialogInfo.xml)">$LOCALIZE[342] [COLOR=Color2]$INFO[Container.FolderName][/COLOR]</value>
		<!--new--><value condition="SubString(Container.FolderPath,videodb://recentlyaddedmovies/)">$LOCALIZE[31926]</value>
		<!--movies unwatched--><value condition="SubString(Container.FolderPath,special://skin/playlists/Unwatched Movies.xsp)">$LOCALIZE[342] [COLOR=Color2]$LOCALIZE[16101][/COLOR]</value>
		<!--movies in progress--><value condition="SubString(Container.FolderPath,special://skin/playlists/Movies In Progress.xsp)">$LOCALIZE[342] [COLOR=Color2]$LOCALIZE[575][/COLOR]</value>
	<!--tvshows-->
		<value condition="Container.Content(tvshows) + SubString(Container.FolderPath,videodb)">$LOCALIZE[20343] [COLOR=Color2]$INFO[Container.FolderName][/COLOR]</value>
		<value condition="SubString(Container.FolderPath,videodb://tvshows/) + !Container.Content(episodes) + !Window.IsVisible(script-Actors-DialogInfo.xml)">$LOCALIZE[20343] [COLOR=Color2]$INFO[Container.FolderName][/COLOR]</value>
	<!--seasons-->
		<!--linked movie--><value condition="Container.Content(seasons) + IsEmpty(ListItem.Property(UnWatchedEpisodes)) + !SubString(ListItem.Icon,default)">$LOCALIZE[31091]</value>
		<value condition="Container.Content(seasons) + !IsEmpty(Container().ListItem(0).TVShowTitle)">$INFO[ListItem.TVShowTitle] [COLOR=Color2]$LOCALIZE[33054][/COLOR]</value>
		<!--folderback--><value condition="Container.Content(seasons) + IsEmpty(Container().ListItem(0).TVShowTitle)">$INFO[Container().ListItem(1).TVShowTitle]</value>
	<!--episodes-->
		<value condition="Container.Content(episodes) + SubString(Container.FolderPath,videodb) + !IsEmpty(Container().ListItem(0).TVShowTitle) + ![StringCompare(Container.FolderPath,videodb://recentlyaddedepisodes/) | SubString(Container.FolderPath,special://profile/playlists/video/)]">$INFO[ListItem.TVShowTitle] [COLOR=Color2]$LOCALIZE[20373] $INFO[ListItem.Season][/COLOR]</value>
		<!--folderback--><value condition="Container.Content(episodes) + SubString(Container.FolderPath,videodb) + IsEmpty(Container().ListItem(0).TVShowTitle) + ![stringcompare(Container.FolderPath,videodb://recentlyaddedepisodes/) | SubString(Container.FolderPath,special://profile/playlists/video/)]">$INFO[Container().ListItem(1).TVShowTitle]</value>
		<!--new--><value condition="SubString(Container.FolderPath,videodb://recentlyaddedepisodes/)">$LOCALIZE[31925]</value>
		<!--unwatched--><value condition="SubString(Container.FolderPath,special://skin/playlists/Unwatched Episodes.xsp)">$LOCALIZE[20360] [COLOR=Color2]$LOCALIZE[16101][/COLOR]</value>
		<!--in progress--><value condition="SubString(Container.FolderPath,special://skin/playlists/Episodes In Progress.xsp)">$LOCALIZE[20360] [COLOR=Color2]$LOCALIZE[575][/COLOR]</value>
	<!--music videos-->
		<value condition="SubString(Container.FolderPath,videodb://musicvideos/)">$LOCALIZE[20389] [COLOR=Color2]$INFO[Container.FolderName][/COLOR]</value>
		<!--new--><value condition="SubString(Container.FolderPath,videodb://recentlyaddedmusicvideos/)">$LOCALIZE[31931]</value>
	<!--playlists-->
		<value condition="SubString(Container.FolderPath,special://videoplaylists/)">$LOCALIZE[157] [COLOR=Color2]$LOCALIZE[136][/COLOR]</value>
		<value condition="SubString(Container.FolderPath,special://profile/playlists/video/)">$LOCALIZE[559] [COLOR=Color2]$INFO[Container.FolderName][/COLOR]</value>
	<!--add-ons-->
		<value condition="Container.Content(addons) + !SubString(Container.FolderPath,plugin://plugin.video.the.trailers)">$LOCALIZE[157] [COLOR=Color2]$LOCALIZE[24001][/COLOR]</value>
		<!--movie trailers--><value condition="SubString(Container.FolderPath,plugin://plugin.video.the.trailers)">$LOCALIZE[20338] [COLOR=Color2]$LOCALIZE[31011][/COLOR]</value>
	</variable>
	<variable name="window_Title.Music">
		<!--musicdb-->
		<value condition="![SubString(Container.FolderPath,musicdb://recentlyaddedmusicvideos/) | SubString(Container.FolderPath,musicdb://recentlyplayedalbums/) | Window.IsVisible(script-Actors-DialogInfo.xml)]">$LOCALIZE[2] [COLOR=Color2]$INFO[Container.FolderName][/COLOR]</value>
		<!--new albums-->
		<value condition="SubString(Container.FolderPath,musicdb://recentlyaddedmusicvideos/)">$LOCALIZE[31932]</value>
		<!--recently played albums-->
		<value condition="SubString(Container.FolderPath,musicdb://recentlyplayedalbums/)">$LOCALIZE[31941]</value>
	</variable>
	<variable name="window_Title.System">
		<value condition="Window.IsActive(settings)">Kodi [COLOR=Color2]$LOCALIZE[10004][/COLOR]</value>
		<value condition="Window.IsActive(systeminfo)">$LOCALIZE[31968]</value>
		<value condition="Window.IsActive(profiles)">$LOCALIZE[5] [COLOR=Color2]$LOCALIZE[13200][/COLOR]</value>
		<value condition="Window.IsActive(appearancesettings)">$LOCALIZE[480] [COLOR=Color2]$LOCALIZE[5][/COLOR]</value>
		<value condition="Window.IsActive(videossettings)">$LOCALIZE[157] [COLOR=Color2]$LOCALIZE[5][/COLOR]</value>
		<value condition="Window.IsActive(programssettings)">$LOCALIZE[0] [COLOR=Color2]$LOCALIZE[5][/COLOR]</value>
		<value condition="Window.IsActive(musicsettings)">$LOCALIZE[2] [COLOR=Color2]$LOCALIZE[5][/COLOR]</value>
		<value condition="Window.IsActive(picturessettings)">$LOCALIZE[1] [COLOR=Color2]$LOCALIZE[5][/COLOR]</value>
		<value condition="Window.IsActive(networksettings)">$LOCALIZE[705] [COLOR=Color2]$LOCALIZE[5][/COLOR]</value>
		<value condition="Window.IsActive(weathersettings)">$LOCALIZE[12600] [COLOR=Color2]$LOCALIZE[5][/COLOR]</value>
		<value condition="Window.IsActive(systemsettings)">$LOCALIZE[13000] [COLOR=Color2]$LOCALIZE[5][/COLOR]</value>
		<value condition="Window.IsActive(tvsettings)">$LOCALIZE[19020] [COLOR=Color2]$LOCALIZE[5][/COLOR]</value>
	</variable>
	<variable name="window_Title.Addons">
		<value condition="SubString(Container.FolderPath,addons://enabled/)">$LOCALIZE[24062]</value>
		<value condition="SubString(Container.FolderPath,addons://disabled/)">$LOCALIZE[24039]</value>
		<value condition="SubString(Container.FolderPath,addons://downloading/)">$LOCALIZE[24067]</value>
		<value condition="SubString(Container.FolderPath,addons://outdated/)">$LOCALIZE[24043]</value>
		<value condition="SubString(Container.FolderPath,addons://repos/)">$LOCALIZE[24000] [COLOR=Color2]$LOCALIZE[31121][/COLOR]</value>
		<value condition="SubString(Container.FolderPath,addons://all/)">[COLOR=Color2]$LOCALIZE[593][/COLOR] $LOCALIZE[24001]</value>
		<value condition="SubString(Container.FolderPath,addons://all/) + !stringcompare(Container.FolderPath,addons://all/)">$INFO[Container.Property(addoncategory)]</value>
		<value condition="SubString(Container.FolderPath,addons://search/)">$LOCALIZE[283]</value>
		<value condition="SubString(Container.FolderPath,addons://repo.) | SubString(Container.FolderPath,addons://repository.)">$INFO[Container.Property(reponame)]</value>
		<value>$LOCALIZE[24001]</value>
	</variable>
	<variable name="window_Title.PVR">
		<!--tv channels--><value condition="Control.IsVisible(11)">$LOCALIZE[19020] [COLOR=Color2]$LOCALIZE[19019][/COLOR]</value>
		<!--radio channels--><value condition="Control.IsVisible(12)">$LOCALIZE[19021] [COLOR=Color2]$LOCALIZE[19019][/COLOR]</value>
		<!--guide channel--><value condition="Control.IsVisible(15)">$LOCALIZE[31987] [COLOR=Color2]$LOCALIZE[19029][/COLOR]</value>
		<!--guide now--><value condition="Control.IsVisible(16)">$LOCALIZE[31987] [COLOR=Color2]$LOCALIZE[19030][/COLOR]</value>
		<!--guide timeline--><value condition="Control.IsVisible(10)">$LOCALIZE[31987] [COLOR=Color2]$LOCALIZE[19032][/COLOR]</value>
		<!--timers--><value condition="Control.IsVisible(14)">$LOCALIZE[31085]</value>
		<!--recordings--><value condition="Control.IsVisible(13)">$LOCALIZE[19163]</value>
		<!--timers--><value condition="Control.IsVisible(17)">$LOCALIZE[137]</value>
	</variable>
	<variable name="window_Title.Pictures">
		<value condition="!SubString(Container.FolderPath,plugin)">$LOCALIZE[1]</value>
		<value>$INFO[Container.FolderName]</value>
	</variable>
	<variable name="window_Title.Playlists">
		<value condition="Window.IsVisible(videoplaylist) + !Window.IsActive(2003)">$LOCALIZE[157] [COLOR=Color2]$LOCALIZE[559][/COLOR]</value>
		<value condition="Window.IsVisible(musicplaylist) + !Window.IsActive(2001)">$LOCALIZE[2] [COLOR=Color2]$LOCALIZE[559][/COLOR]</value>
	</variable>

<!---INFODIALOG------>
	<variable name="videoInfo.Header">
		<value condition="Container.Content(tvshows) + !IsEmpty(ListItem.Premiered)">$LOCALIZE[20416]: $INFO[ListItem.Premiered]</value>
		<value condition="Container.Content(movies) + !IsEmpty(ListItem.Tagline)">$INFO[ListItem.Tagline]</value>
		<value condition="Container.Content(movies) + IsEmpty(ListItem.Tagline)">$INFO[ListItem.Genre]</value>
		<value condition="Container.Content(episodes)">$INFO[ListItem.TVShowTitle] • $INFO[ListItem.Season,$LOCALIZE[20373] , - ]$INFO[ListItem.Episode,$LOCALIZE[20359] ]</value>
		<value condition="Container.Content(musicvideos) + !Window.IsActive(videofiles)">$INFO[ListItem.Artist]</value>
		<value condition="ListItem.IsFolder + Container.Content(movies)">$LOCALIZE[20338] $LOCALIZE[20141]</value>
	</variable>
	<variable name="videoInfo.Cast">
		<value condition="Container.Content(musicvideos)">$LOCALIZE[133]</value>
		<value>$LOCALIZE[206]</value>
	</variable>

<!---OSD------>
	<variable name="osd.Title">
		<value condition="Window.IsActive(visualisation) | Window.IsActive(slideshow)">$INFO[MusicPlayer.Title]</value>
		<value condition="VideoPlayer.Content(livetv)">$INFO[VideoPlayer.ChannelNumber,,. ]$INFO[VideoPlayer.Title]</value>
		<value condition="VideoPlayer.Content(episodes)">$INFO[VideoPlayer.TVShowTitle,,: ][COLOR=Color9]$INFO[VideoPlayer.Title][/COLOR]</value>
		<value condition="VideoPlayer.Content(movies) | VideoPlayer.Content(musicvideos) | VideoPlayer.Content(files)">$INFO[VideoPlayer.Title]</value>
	</variable>
	<variable name="osd.Title.Info">
		<value condition="Window.IsActive(visualisation) | Window.IsActive(slideshow)">$INFO[MusicPlayer.Title]</value>
		<value condition="VideoPlayer.Content(livetv)">$INFO[VideoPlayer.ChannelNumber,,. ]$INFO[VideoPlayer.Title]</value>
		<value condition="VideoPlayer.Content(episodes)">$INFO[VideoPlayer.TVShowTitle,,: ][COLOR=Color3]$INFO[VideoPlayer.Title][/COLOR]</value>
		<value condition="VideoPlayer.Content(movies) | VideoPlayer.Content(musicvideos) | VideoPlayer.Content(files)">$INFO[VideoPlayer.Title]</value>
	</variable>
	<variable name="osd.Title.Black">
		<value condition="Window.IsActive(visualisation) | Window.IsActive(slideshow)">$INFO[MusicPlayer.Title]</value>
		<value condition="VideoPlayer.Content(livetv)">$INFO[VideoPlayer.ChannelNumber,,. ]$INFO[VideoPlayer.Title]</value>
		<value condition="VideoPlayer.Content(episodes)">$INFO[VideoPlayer.TVShowTitle,,: ][COLOR=ColorOSD4]$INFO[VideoPlayer.Title][/COLOR]</value>
		<value condition="VideoPlayer.Content(movies) | VideoPlayer.Content(musicvideos) | VideoPlayer.Content(files)">$INFO[VideoPlayer.Title]</value>
	</variable>
	<variable name="osd.Info">
		<value condition="Window.IsActive(visualisation) | Window.IsActive(slideshow)">$INFO[MusicPlayer.Artist]$INFO[MusicPlayer.Album, • ]$INFO[MusicPlayer.Year, • ]</value>
		<value condition="VideoPlayer.Content(movies)">$INFO[VideoPlayer.Genre,, • ]$INFO[VideoPlayer.Year]</value>
		<value condition="VideoPlayer.Content(episodes)">$INFO[VideoPlayer.Season,$LOCALIZE[20373] , -] $INFO[VideoPlayer.Episode,$LOCALIZE[20359] ]</value>
		<value condition="VideoPlayer.Content(livetv)">$INFO[VideoPlayer.ChannelName,, • ]$INFO[VideoPlayer.NextTitle,$LOCALIZE[209]: ] ($INFO[VideoPlayer.Endtime])</value>
		<value condition="VideoPlayer.Content(musicvideos)">$INFO[VideoPlayer.Artist]$INFO[VideoPlayer.Album, • ]$INFO[VideoPlayer.Year, • ]</value>
		<value condition="VideoPlayer.Content(files) | [!VideoPlayer.Content(files) + Substring(Player.Filenameandpath,http)]">$INFO[Player.Filenameandpath]</value>
		<value condition="Player.ChapterCount">$LOCALIZE[21396]$INFO[Player.Chapter,: ]$INFO[Player.ChapterCount, / ]$INFO[Player.ChapterName, • ,]</value>
	</variable>

<!---PLAYER------>
	<variable name="player_Plot.Condition">
		<value condition="!IsEmpty(VideoPlayer.Plotoutline) + !VideoPlayer.Content(livetv)">$INFO[VideoPlayer.Plotoutline]</value>
		<value condition="!IsEmpty(VideoPlayer.Plot)">$INFO[VideoPlayer.Plot]</value>
		<value>$LOCALIZE[416]</value>
	</variable>
	<variable name="player_Status.Condition">
		<value condition="Player.DisplayAfterSeek + ![Player.Forwarding | Player.Rewinding]">$LOCALIZE[773] $INFO[Player.SeekOffset]</value>
		<!--buffering--><value condition="[Player.Paused + Player.Caching] + !Player.Seeking">$LOCALIZE[15107] $INFO[Player.CacheLevel]%</value>
		<!--paused--><value condition="[Player.Paused + !Player.Caching] + !Player.Seeking + !Player.DisplayAfterSeek">$LOCALIZE[112]</value>
		<!--playing--><value condition="Player.Playing">Playing</value>
		<!--fwd2--><value condition="Player.Forwarding2x">$LOCALIZE[31041]</value>
		<!--fwd4--><value condition="Player.Forwarding4x">$LOCALIZE[31042]</value>
		<!--fwd8--><value condition="Player.Forwarding8x">$LOCALIZE[31043]</value>
		<!--fwd16--><value condition="Player.Forwarding16x">$LOCALIZE[31044]</value>
		<!--fwd32--><value condition="Player.Forwarding32x">$LOCALIZE[31045]</value>
		<!--rwd2--><value condition="Player.Rewinding2x">$LOCALIZE[31046]</value>
		<!--rwd4--><value condition="Player.Rewinding4x">$LOCALIZE[31047]</value>
		<!--rwd8--><value condition="Player.Rewinding8x">$LOCALIZE[31048]</value>
		<!--rwd16--><value condition="Player.Rewinding16x">$LOCALIZE[31049]</value>
		<!--rwd32--><value condition="Player.Rewinding32x">$LOCALIZE[31050]</value>
		<!--rwd32--><value condition="Player.Rewinding32x">$LOCALIZE[31050]</value>
	</variable>
	<variable name="nowplaying">
		<value condition="VideoPlayer.Content(episodes) + IntegerGreaterThan(VideoPlayer.Episode,9)">$INFO[VideoPlayer.TVShowTitle,, - ]$INFO[VideoPlayer.Season,,x]$INFO[VideoPlayer.Episode]</value>
		<value condition="VideoPlayer.Content(episodes) + !IntegerGreaterThan(VideoPlayer.Episode,9)">$INFO[VideoPlayer.TVShowTitle,, - ]$INFO[VideoPlayer.Season,,x0]$INFO[VideoPlayer.Episode]</value><!-- leading zero -->
		<value condition="!VideoPlayer.Content(episodes)">$INFO[VideoPlayer.Artist,, - ]$INFO[VideoPlayer.Title]</value>
	</variable>

<!---PVR------>
	<variable name="PVR_Status.Condition">
		<!--<value condition="![ListItem.HasTimer + ListItem.IsRecording]">pvr/status_none.png</value>-->
		<value condition="ListItem.HasTimer + !ListItem.IsRecording">pvr/status_timer.png</value>
		<value condition="ListItem.IsRecording">pvr/status_recording.png</value>
		<value>pvr/status_none.png</value>
	</variable>

<!---WIDGETS------>
	<variable name="tvshows_posters">
		<value condition="Skin.HasSetting(home.widgets.watchlist.tvshows)">$LOCALIZE[32209]</value>
		<value condition="Skin.HasSetting(home.widgets.watchlistrecent.tvshows)">$LOCALIZE[32059]</value>
		<value>$LOCALIZE[32209]</value>
	</variable>
	<variable name="tvshows_fanart">
		<value condition="Skin.HasSetting(home.widgets.watchlist.tvshows)">$LOCALIZE[32210]</value>
		<value condition="Skin.HasSetting(home.widgets.watchlistrecent.tvshows)">$LOCALIZE[32205]</value>
		<value>$LOCALIZE[32210]</value>
	</variable>
	<variable name="tvshows_homemenu">
		<value condition="!Skin.HasSetting(home.widgets.tvmovies) + Control.HasFocus(80081) + Skin.HasSetting(home.widgets) + !Skin.HasSetting(home.widgets.tvmovies)">$LOCALIZE[32051]</value>
		<value condition="!Skin.HasSetting(home.widgets.tvmovies) + Control.HasFocus(80091) + Skin.HasSetting(home.widgets) + !Skin.HasSetting(home.widgets.tvmovies)">$LOCALIZE[32052]</value>
		<value condition="Control.HasFocus(600) + [Container(9000).HasFocus(1) | Container(9000).HasFocus(2)]">$LOCALIZE[208]</value>
		<value>$LOCALIZE[3]</value>
	</variable>
	<variable name="tvshows_homemenu_tvshows">
		<value condition="Control.HasFocus(8008) + Skin.HasSetting(home.widgets) + Skin.HasSetting(home.widgets.watchlistrecent) + Skin.HasSetting(home.widgets.recentpostersdouble)">$LOCALIZE[32051]</value>
		<value condition="Control.HasFocus(8009) + Skin.HasSetting(home.widgets) + Skin.HasSetting(home.widgets.watchlistrecent) + Skin.HasSetting(home.widgets.watchlistpostersdouble) + Skin.HasSetting(home.widgets.recentpostersdouble)">$LOCALIZE[32052]</value>
		<value condition="Control.HasFocus(600) + [Container(9000).HasFocus(5) | Container(9000).HasFocus(6)]">$LOCALIZE[208]</value>
		<value>$LOCALIZE[20343]</value>
	</variable>
	<variable name="movies_homemenu">
		<value condition="Control.HasFocus(600) + [Container(9000).HasFocus(3) | Container(9000).HasFocus(4)]">$LOCALIZE[208]</value>
		<value>$LOCALIZE[342]</value>
	</variable>
	<variable name="livetv_homemenu">
		<value condition="Control.HasFocus(600) + [Container(9000).HasFocus(7) | Container(9000).HasFocus(8)]">$LOCALIZE[208]</value>
		<value>$LOCALIZE[31090]</value>
	</variable>
	<variable name="music_homemenu">
		<value condition="Control.HasFocus(600) + [Container(9000).HasFocus(9) | Container(9000).HasFocus(10)]">$LOCALIZE[208]</value>
		<value>$LOCALIZE[2]</value>
	</variable>
	<variable name="pictures_homemenu">
		<value condition="Control.HasFocus(600) + [Container(9000).HasFocus(11) | Container(9000).HasFocus(12)]">$LOCALIZE[208]</value>
		<value>$LOCALIZE[1]</value>
	</variable>
	<variable name="addons_homemenu">
		<value condition="Control.HasFocus(600) + [Container(9000).HasFocus(13) | Container(9000).HasFocus(14)]">$LOCALIZE[208]</value>
		<value>$LOCALIZE[24001]</value>
	</variable>
	<variable name="system_homemenu">
		<value condition="Control.HasFocus(600) + [Container(9000).HasFocus(15) | Container(9000).HasFocus(16)]">$LOCALIZE[208]</value>
		<value>$LOCALIZE[13000]</value>
	</variable>
	<variable name="weather_homemenu">
		<value condition="Control.HasFocus(600) + [Container(9000).HasFocus(17) | Container(9000).HasFocus(17)]">$LOCALIZE[208]</value>
		<value>$LOCALIZE[8]</value>
	</variable>
	<variable name="favourites_homemenu">
		<value condition="Control.HasFocus(600) + [Container(9000).HasFocus(18) | Container(9000).HasFocus(18)]">$LOCALIZE[208]</value>
		<value>$LOCALIZE[1036]</value>
	</variable>


<!-- Home menu background -->
	<variable name="value_mainmenubg_category1">
		<value condition="!IsEmpty(Skin.String(fanart.category1.image))">$INFO[Skin.String(fanart.category1.image)]</value>
		<value condition="!IsEmpty(Skin.String(fanart.category1.path))">$INFO[Skin.String(fanart.category1.path)]</value>
	</variable>
	<variable name="value_mainmenubg_category2">
		<value condition="!IsEmpty(Skin.String(fanart.category2.image))">$INFO[Skin.String(fanart.category2.image)]</value>
		<value condition="!IsEmpty(Skin.String(fanart.category2.path))">$INFO[Skin.String(fanart.category2.path)]</value>
	</variable>
	<variable name="value_mainmenubg_category3">
		<value condition="!IsEmpty(Skin.String(fanart.category3.image))">$INFO[Skin.String(fanart.category3.image)]</value>
		<value condition="!IsEmpty(Skin.String(fanart.category3.path))">$INFO[Skin.String(fanart.category3.path)]</value>
	</variable>
	<variable name="value_mainmenubg_category4">
		<value condition="!IsEmpty(Skin.String(fanart.category4.image))">$INFO[Skin.String(fanart.category4.image)]</value>
		<value condition="!IsEmpty(Skin.String(fanart.category4.path))">$INFO[Skin.String(fanart.category4.path)]</value>
	</variable>
	<variable name="value_mainmenubg_category5">
		<value condition="!IsEmpty(Skin.String(fanart.category5.image))">$INFO[Skin.String(fanart.category5.image)]</value>
		<value condition="!IsEmpty(Skin.String(fanart.category5.path))">$INFO[Skin.String(fanart.category5.path)]</value>
	</variable>
	<variable name="value_mainmenubg_videos">
		<value condition="!IsEmpty(Skin.String(fanart.video.image))">$INFO[Skin.String(fanart.video.image)]</value>
		<value condition="!IsEmpty(Skin.String(fanart.video.path))">$INFO[Skin.String(fanart.video.path)]</value>
	</variable>
	<variable name="value_mainmenubg_movies">
		<value condition="!IsEmpty(Skin.String(fanart.movies.image))">$INFO[Skin.String(fanart.movies.image)]</value>
		<value condition="!IsEmpty(Skin.String(fanart.movies.path))">$INFO[Skin.String(fanart.movies.path)]</value>
	</variable>
	<variable name="value_mainmenubg_tvshows">
		<value condition="!IsEmpty(Skin.String(fanart.tvshows.image))">$INFO[Skin.String(fanart.tvshows.image)]</value>
		<value condition="!IsEmpty(Skin.String(fanart.tvshows.path))">$INFO[Skin.String(fanart.tvshows.path)]</value>
	</variable>
	<variable name="value_mainmenubg_pvr">
		<value condition="!IsEmpty(Skin.String(fanart.pvr.image))">$INFO[Skin.String(fanart.pvr.image)]</value>
		<value condition="!IsEmpty(Skin.String(fanart.pvr.path))">$INFO[Skin.String(fanart.pvr.path)]</value>
	</variable>
	<variable name="value_mainmenubg_music">
		<value condition="!IsEmpty(Skin.String(fanart.music.image))">$INFO[Skin.String(fanart.music.image)]</value>
		<value condition="!IsEmpty(Skin.String(fanart.music.path))">$INFO[Skin.String(fanart.music.path)]</value>
	</variable>
	<variable name="value_mainmenubg_pictures">
		<value condition="!IsEmpty(Skin.String(fanart.pictures.image))">$INFO[Skin.String(fanart.pictures.image)]</value>
		<value condition="!IsEmpty(Skin.String(fanart.pictures.path))">$INFO[Skin.String(fanart.pictures.path)]</value>
	</variable>
	<variable name="value_mainmenubg_addons">
		<value condition="!IsEmpty(Skin.String(fanart.addons.image))">$INFO[Skin.String(fanart.addons.image)]</value>
		<value condition="!IsEmpty(Skin.String(fanart.addons.path))">$INFO[Skin.String(fanart.addons.path)]</value>
	</variable>
	<variable name="value_mainmenubg_system">
		<value condition="!IsEmpty(Skin.String(fanart.system.image))">$INFO[Skin.String(fanart.system.image)]</value>
		<value condition="!IsEmpty(Skin.String(fanart.system.path))">$INFO[Skin.String(fanart.system.path)]</value>
	</variable>
	<variable name="value_mainmenubg_favourites">
		<value condition="!IsEmpty(Skin.String(fanart.favourites.image))">$INFO[Skin.String(fanart.favourites.image)]</value>
		<value condition="!IsEmpty(Skin.String(fanart.favourites.path))">$INFO[Skin.String(fanart.favourites.path)]</value>
	</variable>
	<variable name="value_mainmenubg_disc">
		<value condition="!IsEmpty(Skin.String(fanart.disc.image))">$INFO[Skin.String(fanart.disc.image)]</value>
		<value condition="!IsEmpty(Skin.String(fanart.disc.path))">$INFO[Skin.String(fanart.disc.path)]</value>
	</variable>
	<variable name="value_mainmenubg_favourites">
		<value condition="!IsEmpty(Skin.String(fanart.favourites.image))">$INFO[Skin.String(fanart.favourites.image)]</value>
		<value condition="!IsEmpty(Skin.String(fanart.favourites.path))">$INFO[Skin.String(fanart.favourites.path)]</value>
	</variable>
	<variable name="value_mainmenubg_weather">
		<value condition="!IsEmpty(Skin.String(fanart.weather.image))">$INFO[Skin.String(fanart.weather.image)]</value>
		<value condition="!IsEmpty(Skin.String(fanart.weather.singlepath))">$INFO[Skin.String(fanart.weather.singlepath)]</value>
		<value condition="Skin.HasSetting(fanart.weather) + !IsEmpty(Skin.String(fanart.weather.path))">$INFO[Skin.String(fanart.weather.path)]/$INFO[Weather.FanartCode]</value>
	</variable>

</includes>
