﻿<?xml version="1.0" encoding="UTF-8"?>
<includes>
	<include name="ContainerMovieSets">
		<control type="list" id="7000">
			<description>Container Movie Sets</description>
			<hitrect x="0" y="0" w="0" h="0" />
			<posx>0</posx>
			<posy>0</posy>
			<width>1</width>
			<height>1</height>
			<onleft>-</onleft>
			<onright>-</onright>
			<onup>-</onup>
			<ondown>-</ondown>
			<pagecontrol>-</pagecontrol>
			<itemlayout height="1" width="1" />
			<focusedlayout height="1" width="1" />
		</control>
	</include>

	<include name="view_MovieSets">
		<control type="wraplist" id="523">
			<viewtype label="Movie Sets">wraplist</viewtype>
			<posx>-154</posx>
			<posy>130</posy>
			<width>2200</width>
			<height>330</height>
			<onleft>523</onleft>
			<onright>523</onright>
			<onup>6000</onup>
			<ondown>72</ondown>
			<focusposition>1</focusposition>
			<pagecontrol>72</pagecontrol>
			<scrolltime tween="Cubic" easing="Out">400</scrolltime>
			<preloaditems>3</preloaditems>
			<orientation>horizontal</orientation>
			<include>transition_Container</include>
			<include>infoDialogHide</include>
			<include>toggle_Menu</include>
			<visible>Window.IsVisible(VideoFiles) | Window.IsVisible(VideoLibrary) + Container.Content(Movies) + !Container.Content(TVShows) + !Container.Content(Seasons) + !Container.Content(Episodes)</visible>
			<itemlayout width="283" height="200">
				<control type="group">
					<control type="image">
						<width>308</width>
						<height>186</height>
						<texture background="true">$VAR[thumb_Landscape.Condition]</texture>
						<aspectratio align="center">scale</aspectratio>
						<bordertexture border="37">frames/frame_Square.png</bordertexture>
						<bordersize>26</bordersize>
					</control>
					<control type="image">
						<posx>210</posx><!--396-->
						<posy>117</posy><!--219-->
						<include>overlay_UnWatched</include>
					</control>
					<control type="image">
						<posx>254</posx>
						<posy>133</posy>
						<include>overlay_Resumable</include>
					</control>
				</control>
			</itemlayout>
			<focusedlayout width="283" height="200">
				<control type="group">
					<include>focus_SlideWide</include>
					<control type="image">
						<width>308</width>
						<height>186</height>
						<texture background="true">$VAR[thumb_Landscape.Condition]</texture>
						<bordertexture border="37">frames/frame_Square.png</bordertexture>
						<aspectratio align="center">scale</aspectratio>
						<bordersize>26</bordersize>
						<fadetime>fadetime_Thumb</fadetime>
					</control>
					<control type="image">
						<posx>6</posx>
						<posy>120</posy>
						<width>128</width>
						<height>166</height>
						<visible>!Container.Content(episodes)</visible>
						<texture background="true">$VAR[thumb_Portrait.Condition]</texture>
						<bordertexture border="42">frames/frame_Square.png</bordertexture>
						<aspectratio align="center">scale</aspectratio>
						<bordersize>26</bordersize>
						<fadetime>fadetime_Thumb</fadetime>
					</control>
					<control type="image">
						<description>Unrated</description>
						<posx>60</posx>
						<posy>84</posy>
						<width>136</width>
						<height>59</height>
						<aspectratio align="center">scale</aspectratio>
						<texture>flags/mpaa/mpaaU.png</texture>
						<visible>Skin.HasSetting(extflags.enable) + [substring(ListItem.filename,.unrated) | substring(ListItem.foldername,.unrated) | substring(ListItem.filename,.dircut) | substring(ListItem.foldername,.dircut)]</visible>
						<visible>Container.Content(movies)</visible>
					</control>
					<control type="image">
						<posx>210</posx><!--396-->
						<posy>117</posy><!--219-->
						<include>overlay_UnWatched</include>
					</control>
					<control type="image">
						<posx>254</posx><!--396-->
						<posy>133</posy><!--219-->
						<include>overlay_Resumable</include>
					</control>
				</control>
			</focusedlayout>
		</control>
	</include>
</includes>
