<?xml version="1.0" encoding="UTF-8"?>
<window id="3001">
	<defaultcontrol always="true">1001</defaultcontrol>
	<include>dialogOpen</include>
	<coordinates>
		<system>1</system>
		<posx>640</posx>
		<posy>-110</posy>
	</coordinates>
	<controls>
		<control type="grouplist" id="1000">
			<width>340</width>
			<height>645</height>
			<align>bottom</align>
			<onleft>1000</onleft>
			<onright>1000</onright>
			<onup>1000</onup>
			<ondown>1000</ondown>
			<itemgap>0</itemgap>
			<control type="group" id="1">
				<width>340</width>
				<height>30</height>
				<control type="image">
					<description>background top image</description>
					<posx>0</posx>
					<posy>0</posy>
					<width>340</width>
					<height>645</height>
					<texture border="16">dialogs/button_Menu.png</texture>
				</control>
				<control type="image">
					<posx>0</posx>
					<posy>32</posy>
					<width>335</width>
					<include>dialog_Separator</include>
				</control>
			</control>
			<control type="button" id="1001">
				<width>335</width>
				<pulseonselect>no</pulseonselect>
				<label>-</label>
				<include>dialog_Button-list</include>
			</control>
			<control type="button" id="1002">
				<width>335</width>
				<pulseonselect>no</pulseonselect>
				<label>-</label>
				<include>dialog_Button-list</include>
			</control>
			<control type="button" id="1003">
				<width>335</width>
				<pulseonselect>no</pulseonselect>
				<label>-</label>
				<include>dialog_Button-list</include>
			</control>
			<control type="button" id="1004">
				<width>335</width>
				<pulseonselect>no</pulseonselect>
				<label>-</label>
				<include>dialog_Button-list</include>
			</control>
			<control type="button" id="1005">
				<width>335</width>
				<pulseonselect>no</pulseonselect>
				<label>-</label>
				<include>dialog_Button-list</include>
			</control>
			<control type="button" id="1006">
				<width>335</width>
				<pulseonselect>no</pulseonselect>
				<label>-</label>
				<include>dialog_Button-list</include>
			</control>
			<control type="button" id="1007">
				<width>335</width>
				<pulseonselect>no</pulseonselect>
				<label>-</label>
				<include>dialog_Button-list</include>
			</control>
			<control type="button" id="1008">
				<width>335</width>
				<pulseonselect>no</pulseonselect>
				<label>-</label>
				<include>dialog_Button-list</include>
			</control>
			<control type="button" id="1009">
				<width>335</width>
				<pulseonselect>no</pulseonselect>
				<label>-</label>
				<include>dialog_Button-list</include>
			</control>
			<control type="button" id="1010">
				<width>335</width>
				<pulseonselect>no</pulseonselect>
				<label>-</label>
				<include>dialog_Button-list</include>
			</control>
			<control type="button" id="1011">
				<width>335</width>
				<pulseonselect>no</pulseonselect>
				<label>-</label>
				<include>dialog_Button-list</include>
			</control>
			<control type="image" id="1998">
				<description>background bottom image</description>
				<posx>0</posx>
				<width>340</width>
				<height>22</height>
				<texture border="20,0,19,20">DialogContextBottom.png</texture>
			</control>
		</control>
	</controls>
</window>
