﻿<?xml version="1.0" encoding="UTF-8"?>
<window type="dialog">
	<defaultcontrol>-</defaultcontrol>
	<include>dialogOpen</include>
	<coordinates>
		<system>1</system>
		<posx>315</posx>
		<posy>65</posy>
	</coordinates>
	<controls>
		<control type="list" id="100">
			<posx>-10</posx>
			<posy>-10</posy>
			<width>1</width>
			<height>1</height>
			<visible>false</visible>
			<itemlayout width="1" height="1"/>
			<focusedlayout width="1" height="1"/>
		</control>
		<control type="group">
			<control type="image">
				<width>650</width>
				<height>590</height>
				<include>dialogWindow</include>
			</control>
			<control type="label" id="1">
				<width>613</width>
				<label>$INFO[Container(100).ListItem.Label]</label>
				<include>dialog_Windowtitle</include>
			</control>

		<!---MAIN CONTAINER------>
			<control type="group" id="101">
				<posx>19</posx>
				<posy>75</posy>
				<control type="image">
					<width>613</width>
					<include>dialog_Separator</include>
				</control>
			<!---MOVIES------>
				<control type="list" id="110">
					<width>800</width>
					<height>200</height>
					<onleft>190</onleft>
					<onright>190</onright>
					<onup>190</onup>
					<ondown>195</ondown>
					<pagecontrol>-</pagecontrol>
					<scrolltime tween="Cubic" easing="Out">400</scrolltime>
					<itemlayout height="40">
						<control type="image">
							<width>613</width>
							<height>40</height>
							<include>dialog_CommonList</include>
						</control>
						<control type="label">
							<width>532</width>
							<height>36</height>
							<label>$INFO[ListItem.Label]</label>
							<include>dialog_CommonListItem</include>
						</control>
						<control type="label">
							<posx>595</posx>
							<width>550</width>
							<height>36</height>
							<align>right</align>
							<label fallback="231">$INFO[ListItem.Label2]</label>
							<scroll>true</scroll>
							<include>dialog_CommonListItem</include>
						</control>
					</itemlayout>
					<focusedlayout height="40">
						<control type="image">
							<width>613</width>
							<include>dialog_CommonList</include>
							<visible>!Control.HasFocus(110)</visible>
						</control>
						<control type="image">
							<width>613</width>
							<include>dialog_CommonListFocus</include>
							<visible>Control.HasFocus(110)</visible>
						</control>
						<control type="label">
							<width>532</width>
							<height>36</height>
							<label>$INFO[ListItem.Label]</label>
							<include>dialog_CommonListItem</include>
							<visible>!Control.HasFocus(110)</visible>
						</control>
						<control type="label">
							<width>532</width>
							<height>36</height>
							<label>$INFO[ListItem.Label]</label>
							<include>dialog_CommonListItemFocus</include>
							<visible>Control.HasFocus(110)</visible>
						</control>
						<control type="label">
							<posx>595</posx>
							<width>550</width>
							<height>36</height>
							<align>right</align>
							<label fallback="231">$INFO[ListItem.Label2]</label>
							<scroll>true</scroll>
							<include>dialog_CommonListItem</include>
							<visible>!Control.HasFocus(110)</visible>
						</control>
						<control type="label">
							<posx>595</posx>
							<width>550</width>
							<height>36</height>
							<align>right</align>
							<label fallback="231">$INFO[ListItem.Label2]</label>
							<scroll>true</scroll>
							<include>dialog_CommonListItemFocus</include>
							<visible>Control.HasFocus(110)</visible>
						</control>
					</focusedlayout>
					<content>
						<item>
							<label>$LOCALIZE[515]</label>
							<label2>$INFO[Container(100).ListItem.Property(Genre)]</label2>
							<onclick>-</onclick>
							<visible>!IsEmpty(Container(100).ListItem.Property(Genre))</visible>
						</item>
						<item>
							<label>$LOCALIZE[2050]</label>
							<label2>$INFO[Container(100).ListItem.Property(Duration),, $LOCALIZE[12391]]</label2>
							<onclick>-</onclick>
							<visible>!IsEmpty(Container(100).ListItem.Property(Duration)) + !SubString(Container(100).ListItem.Property(Duration),min)</visible>
						</item>
						<item>
							<label>$LOCALIZE[2050]</label>
							<label2>$INFO[Container(100).ListItem.Property(Duration)]</label2>
							<onclick>-</onclick>
							<visible>!IsEmpty(Container(100).ListItem.Property(Duration)) + SubString(Container(100).ListItem.Property(Duration),min)</visible>
						</item>
						<item>
							<label>$LOCALIZE[562]</label>
							<label2>$INFO[Container(100).ListItem.Property(Year)]</label2>
							<onclick>-</onclick>
							<visible>!IsEmpty(Container(100).ListItem.Property(Year))</visible>
						</item>
						<item>
							<label>$LOCALIZE[563]</label>
							<label2>$INFO[Container(100).ListItem.Property(Rating)]</label2>
							<onclick>-</onclick>
							<visible>!IsEmpty(Container(100).ListItem.Property(Rating))</visible>
						</item>
						<item>
							<label>$LOCALIZE[20074]</label>
							<label2>$INFO[Container(100).ListItem.Property(Mpaa)]</label2>
							<onclick>-</onclick>
							<visible>!IsEmpty(Container(100).ListItem.Property(Mpaa))</visible>
						</item>
						<item>
							<label>$LOCALIZE[20339]</label>
							<label2>$INFO[Container(100).ListItem.Property(Director)]</label2>
							<onclick>-</onclick>
							<visible>!IsEmpty(Container(100).ListItem.Property(Director))</visible>
						</item>
						<item>
							<label>$LOCALIZE[572]</label>
							<label2>$INFO[Container(100).ListItem.Property(Studio)]</label2>
							<onclick>-</onclick>
							<visible>!IsEmpty(Container(100).ListItem.Property(Studio))</visible>
						</item>
						<item>
							<label>$LOCALIZE[567]</label>
							<label2>$INFO[Container(100).ListItem.Property(Playcount)]</label2>
							<onclick>-</onclick>
							<visible>!IsEmpty(Container(100).ListItem.Property(Playcount))</visible>
						</item>
						<item>
							<label>$LOCALIZE[15311]</label>
							<label2>$INFO[Container(100).ListItem.Property(Path)]</label2>
							<onclick>-</onclick>
							<visible>!IsEmpty(Container(100).ListItem.Property(Path))</visible>
						</item>
					</content>
				</control>
			<!---TV SHOWS------>
				<control type="list" id="120">
					<width>800</width>
					<height>200</height>
					<onleft>120</onleft>
					<onright>120</onright>
					<onup>120</onup>
					<ondown>195</ondown>
					<pagecontrol>-</pagecontrol>
					<scrolltime tween="Cubic" easing="Out">400</scrolltime>
					<itemlayout height="40">
						<control type="image">
							<width>613</width>
							<height>40</height>
							<include>dialog_CommonList</include>
						</control>
						<control type="label">
							<width>532</width>
							<height>36</height>
							<label>$INFO[ListItem.Label]</label>
							<include>dialog_CommonListItem</include>
						</control>
						<control type="label">
							<posx>595</posx>
							<width>550</width>
							<height>36</height>
							<align>right</align>
							<label fallback="231">$INFO[ListItem.Label2]</label>
							<scroll>true</scroll>
							<include>dialog_CommonListItem</include>
						</control>
					</itemlayout>
					<focusedlayout height="40">
						<control type="image">
							<width>613</width>
							<include>dialog_CommonList</include>
							<visible>!Control.HasFocus(120)</visible>
						</control>
						<control type="image">
							<width>613</width>
							<include>dialog_CommonListFocus</include>
							<visible>Control.HasFocus(120)</visible>
						</control>
						<control type="label">
							<width>532</width>
							<height>36</height>
							<label>$INFO[ListItem.Label]</label>
							<include>dialog_CommonListItem</include>
							<visible>!Control.HasFocus(120)</visible>
						</control>
						<control type="label">
							<width>532</width>
							<height>36</height>
							<label>$INFO[ListItem.Label]</label>
							<include>dialog_CommonListItemFocus</include>
							<visible>Control.HasFocus(120)</visible>
						</control>
						<control type="label">
							<posx>595</posx>
							<width>550</width>
							<height>36</height>
							<align>right</align>
							<label fallback="231">$INFO[ListItem.Label2]</label>
							<scroll>true</scroll>
							<include>dialog_CommonListItem</include>
							<visible>!Control.HasFocus(120)</visible>
						</control>
						<control type="label">
							<posx>595</posx>
							<width>550</width>
							<height>36</height>
							<align>right</align>
							<label fallback="231">$INFO[ListItem.Label2]</label>
							<scroll>true</scroll>
							<include>dialog_CommonListItemFocus</include>
							<visible>Control.HasFocus(120)</visible>
						</control>
					</focusedlayout>
					<content>
						<item>
							<label>$LOCALIZE[20360]</label>
							<label2>$INFO[Container(100).ListItem.Property(Episode)]</label2>
							<onclick>-</onclick>
							<visible>!IsEmpty(Container(100).ListItem.Property(Episode))</visible>
						</item>
						<item>
							<label>$LOCALIZE[515]</label>
							<label2>$INFO[Container(100).ListItem.Property(Genre)]</label2>
							<onclick>-</onclick>
							<visible>!IsEmpty(Container(100).ListItem.Property(Genre))</visible>
						</item>
						<item>
							<label>$LOCALIZE[20074]</label>
							<label2>$INFO[Container(100).ListItem.Property(Mpaa)]</label2>
							<onclick>-</onclick>
							<visible>!IsEmpty(Container(100).ListItem.Property(Mpaa))</visible>
						</item>
						<item>
							<label>$LOCALIZE[20416]</label>
							<label2>$INFO[Container(100).ListItem.Property(Premiered)]</label2>
							<onclick>-</onclick>
							<visible>!IsEmpty(Container(100).ListItem.Property(Premiered))</visible>
						</item>
						<item>
							<label>$LOCALIZE[563]</label>
							<label2>$INFO[Container(100).ListItem.Property(Rating)]</label2>
							<onclick>-</onclick>
							<visible>!IsEmpty(Container(100).ListItem.Property(Rating))</visible>
						</item>
						<item>
							<label>$LOCALIZE[572]</label>
							<label2>$INFO[Container(100).ListItem.Property(Studio)]</label2>
							<onclick>-</onclick>
							<visible>!IsEmpty(Container(100).ListItem.Property(Studio))</visible>
						</item>
						<item>
							<label>$LOCALIZE[15311]</label>
							<label2>$INFO[Container(100).ListItem.Property(Path)]</label2>
							<onclick>-</onclick>
							<visible>!IsEmpty(Container(100).ListItem.Property(Path))</visible>
						</item>
					</content>
				</control>
			<!---SEASONS------>
				<control type="list" id="130">
					<width>800</width>
					<height>200</height>
					<onleft>130</onleft>
					<onright>130</onright>
					<onup>190</onup>
					<ondown>195</ondown>
					<pagecontrol>-</pagecontrol>
					<scrolltime tween="Cubic" easing="Out">400</scrolltime>
					<itemlayout height="40">
						<control type="image">
							<width>613</width>
							<height>40</height>
							<include>dialog_CommonList</include>
						</control>
						<control type="label">
							<width>532</width>
							<height>36</height>
							<label>$INFO[ListItem.Label]</label>
							<include>dialog_CommonListItem</include>
						</control>
						<control type="label">
							<posx>595</posx>
							<width>550</width>
							<height>36</height>
							<align>right</align>
							<label fallback="231">$INFO[ListItem.Label2]</label>
							<scroll>true</scroll>
							<include>dialog_CommonListItem</include>
						</control>
					</itemlayout>
					<focusedlayout height="40">
						<control type="image">
							<width>613</width>
							<include>dialog_CommonList</include>
							<visible>!Control.HasFocus(130)</visible>
						</control>
						<control type="image">
							<width>613</width>
							<include>dialog_CommonListFocus</include>
							<visible>Control.HasFocus(130)</visible>
						</control>
						<control type="label">
							<width>532</width>
							<height>36</height>
							<label>$INFO[ListItem.Label]</label>
							<include>dialog_CommonListItem</include>
							<visible>!Control.HasFocus(130)</visible>
						</control>
						<control type="label">
							<width>532</width>
							<height>36</height>
							<label>$INFO[ListItem.Label]</label>
							<include>dialog_CommonListItemFocus</include>
							<visible>Control.HasFocus(130)</visible>
						</control>
						<control type="label">
							<posx>595</posx>
							<width>550</width>
							<height>36</height>
							<align>right</align>
							<label fallback="231">$INFO[ListItem.Label2]</label>
							<scroll>true</scroll>
							<include>dialog_CommonListItem</include>
							<visible>!Control.HasFocus(130)</visible>
						</control>
						<control type="label">
							<posx>595</posx>
							<width>550</width>
							<height>36</height>
							<align>right</align>
							<label fallback="231">$INFO[ListItem.Label2]</label>
							<scroll>true</scroll>
							<include>dialog_CommonListItemFocus</include>
							<visible>Control.HasFocus(130)</visible>
						</control>
					</focusedlayout>
					<content>
						<item>
							<label>$LOCALIZE[20364]</label>
							<label2>$INFO[Container(100).ListItem.Property(TVShowTitle)]</label2>
							<onclick>-</onclick>
							<visible>!IsEmpty(Container(100).ListItem.Property(TVShowTitle))</visible>
						</item>
						<item>
							<label>$LOCALIZE[20360]</label>
							<label2>$INFO[Container(100).ListItem.Property(Episode)]</label2>
							<onclick>-</onclick>
							<visible>!IsEmpty(Container(100).ListItem.Property(Episode))</visible>
						</item>
						<item>
							<label>$LOCALIZE[567]</label>
							<label2>$INFO[Container(100).ListItem.Property(Playcount)]</label2>
							<onclick>-</onclick>
							<visible>!IsEmpty(Container(100).ListItem.Property(Playcount))</visible>
						</item>
						<item>
							<label>$LOCALIZE[15311]</label>
							<label2>$INFO[Container(100).ListItem.Property(Path)]</label2>
							<onclick>-</onclick>
							<visible>!IsEmpty(Container(100).ListItem.Property(Path))</visible>
						</item>
					</content>
				</control>
			<!---EPISODES------>
				<control type="list" id="140">
					<width>800</width>
					<height>200</height>
					<onleft>140</onleft>
					<onright>140</onright>
					<onup>190</onup>
					<ondown>195</ondown>
					<pagecontrol>-</pagecontrol>
					<scrolltime tween="Cubic" easing="Out">400</scrolltime>
					<itemlayout height="40">
						<control type="image">
							<width>613</width>
							<height>40</height>
							<include>dialog_CommonList</include>
						</control>
						<control type="label">
							<width>532</width>
							<height>36</height>
							<label>$INFO[ListItem.Label]</label>
							<include>dialog_CommonListItem</include>
						</control>
						<control type="label">
							<posx>595</posx>
							<width>550</width>
							<height>36</height>
							<align>right</align>
							<label fallback="231">$INFO[ListItem.Label2]</label>
							<scroll>true</scroll>
							<include>dialog_CommonListItem</include>
						</control>
					</itemlayout>
					<focusedlayout height="40">
						<control type="image">
							<width>613</width>
							<include>dialog_CommonList</include>
							<visible>!Control.HasFocus(140)</visible>
						</control>
						<control type="image">
							<width>613</width>
							<include>dialog_CommonListFocus</include>
							<visible>Control.HasFocus(140)</visible>
						</control>
						<control type="label">
							<width>532</width>
							<height>36</height>
							<include>dialog_CommonListItem</include>
							<visible>!Control.HasFocus(140)</visible>
						</control>
						<control type="label">
							<width>532</width>
							<height>36</height>
							<label>$INFO[ListItem.Label]</label>
							<include>dialog_CommonListItemFocus</include>
							<visible>Control.HasFocus(140)</visible>
						</control>
						<control type="label">
							<posx>595</posx>
							<width>550</width>
							<height>36</height>
							<align>right</align>
							<label fallback="231">$INFO[ListItem.Label2]</label>
							<scroll>true</scroll>
							<include>dialog_CommonListItem</include>
							<visible>!Control.HasFocus(140)</visible>
						</control>
						<control type="label">
							<posx>595</posx>
							<width>550</width>
							<height>36</height>
							<align>right</align>
							<label fallback="231">$INFO[ListItem.Label2]</label>
							<scroll>true</scroll>
							<include>dialog_CommonListItemFocus</include>
							<visible>Control.HasFocus(140)</visible>
						</control>
					</focusedlayout>
					<content>
						<item>
							<label>$LOCALIZE[20364]</label>
							<label2>$INFO[Container(100).ListItem.Property(TVShowTitle)]</label2>
							<onclick>-</onclick>
							<visible>!IsEmpty(Container(100).ListItem.Property(TVShowTitle))</visible>
						</item>
						<item>
							<label>$LOCALIZE[20373]</label>
							<label2>$INFO[Container(100).ListItem.Property(Season)]</label2>
							<onclick>-</onclick>
							<visible>!IsEmpty(Container(100).ListItem.Property(Season))</visible>
						</item>
						<item>
							<label>$LOCALIZE[20359]</label>
							<label2>$INFO[Container(100).ListItem.Property(Episode)]</label2>
							<onclick>-</onclick>
							<visible>!IsEmpty(Container(100).ListItem.Property(Episode))</visible>
						</item>
						<item>
							<label>$LOCALIZE[20416]</label>
							<label2>$INFO[Container(100).ListItem.Property(Premiered)]</label2>
							<onclick>-</onclick>
							<visible>!IsEmpty(Container(100).ListItem.Property(Premiered))</visible>
						</item>
						<item>
							<label>$LOCALIZE[2050]</label>
							<label2>$INFO[Container(100).ListItem.Property(Duration),, $LOCALIZE[12391]]</label2>
							<onclick>-</onclick>
							<visible>!IsEmpty(Container(100).ListItem.Property(Duration)) + !SubString(Container(100).ListItem.Property(Duration),min)</visible>
						</item>
						<item>
							<label>$LOCALIZE[2050]</label>
							<label2>$INFO[Container(100).ListItem.Property(Duration)]</label2>
							<onclick>-</onclick>
							<visible>!IsEmpty(Container(100).ListItem.Property(Duration)) + SubString(Container(100).ListItem.Property(Duration),min)</visible>
						</item>
						<item>
							<label>$LOCALIZE[20339]</label>
							<label2>$INFO[Container(100).ListItem.Property(Director)]</label2>
							<onclick>-</onclick>
							<visible>!IsEmpty(Container(100).ListItem.Property(Director))</visible>
						</item>
						<item>
							<label>$LOCALIZE[563]</label>
							<label2>$INFO[Container(100).ListItem.Property(Rating)]</label2>
							<onclick>-</onclick>
							<visible>!IsEmpty(Container(100).ListItem.Property(Rating))</visible>
						</item>
						<item>
							<label>$LOCALIZE[567]</label>
							<label2>$INFO[Container(100).ListItem.Property(Playcount)]</label2>
							<onclick>-</onclick>
							<visible>!IsEmpty(Container(100).ListItem.Property(Playcount))</visible>
						</item>
						<item>
							<label>$LOCALIZE[15311]</label>
							<label2>$INFO[Container(100).ListItem.Property(Path)]</label2>
							<onclick>-</onclick>
							<visible>!IsEmpty(Container(100).ListItem.Property(Path))</visible>
						</item>
					</content>
				</control>
			<!---MUSIC VIDEOS------>
				<control type="list" id="150">
					<width>800</width>
					<height>200</height>
					<onleft>150</onleft>
					<onright>150</onright>
					<onup>190</onup>
					<ondown>195</ondown>
					<pagecontrol>-</pagecontrol>
					<scrolltime tween="Cubic" easing="Out">400</scrolltime>
					<itemlayout height="40">
						<control type="image">
							<width>613</width>
							<height>40</height>
							<include>dialog_CommonList</include>
						</control>
						<control type="label">
							<width>532</width>
							<height>36</height>
							<label>$INFO[ListItem.Label]</label>
							<include>dialog_CommonListItem</include>
						</control>
						<control type="label">
							<posx>595</posx>
							<width>550</width>
							<height>36</height>
							<align>right</align>
							<label fallback="231">$INFO[ListItem.Label2]</label>
							<scroll>true</scroll>
							<include>dialog_CommonListItem</include>
						</control>
					</itemlayout>
					<focusedlayout height="40">
						<control type="image">
							<width>613</width>
							<include>dialog_CommonList</include>
							<visible>!Control.HasFocus(150)</visible>
						</control>
						<control type="image">
							<width>613</width>
							<include>dialog_CommonListFocus</include>
							<visible>Control.HasFocus(150)</visible>
						</control>
						<control type="label">
							<width>532</width>
							<height>36</height>
							<label>$INFO[ListItem.Label]</label>
							<include>dialog_CommonListItem</include>
							<visible>!Control.HasFocus(150)</visible>
						</control>
						<control type="label">
							<width>532</width>
							<height>36</height>
							<label>$INFO[ListItem.Label]</label>
							<include>dialog_CommonListItemFocus</include>
							<visible>Control.HasFocus(150)</visible>
						</control>
						<control type="label">
							<posx>595</posx>
							<width>550</width>
							<height>36</height>
							<align>right</align>
							<label fallback="231">$INFO[ListItem.Label2]</label>
							<scroll>true</scroll>
							<include>dialog_CommonListItem</include>
							<visible>!Control.HasFocus(150)</visible>
						</control>
						<control type="label">
							<posx>595</posx>
							<width>550</width>
							<height>36</height>
							<align>right</align>
							<label fallback="231">$INFO[ListItem.Label2]</label>
							<scroll>true</scroll>
							<include>dialog_CommonListItemFocus</include>
							<visible>Control.HasFocus(150)</visible>
						</control>
					</focusedlayout>
					<content>
						<item>
							<label>$LOCALIZE[557]</label>
							<label2>$INFO[Container(100).ListItem.Property(Artist)]</label2>
							<onclick>-</onclick>
							<visible>!IsEmpty(Container(100).ListItem.Property(Artist))</visible>
						</item>
						<item>
							<label>$LOCALIZE[558]</label>
							<label2>$INFO[Container(100).ListItem.Property(Album)]</label2>
							<onclick>-</onclick>
							<visible>!IsEmpty(Container(100).ListItem.Property(Album))</visible>
						</item>
						<item>
							<label>$LOCALIZE[515]</label>
							<label2>$INFO[Container(100).ListItem.Property(Genre)]</label2>
							<onclick>-</onclick>
							<visible>!IsEmpty(Container(100).ListItem.Property(Genre))</visible>
						</item>
						<item>
							<label>$LOCALIZE[572]</label>
							<label2>$INFO[Container(100).ListItem.Property(Studio)]</label2>
							<onclick>-</onclick>
							<visible>!IsEmpty(Container(100).ListItem.Property(Studio))</visible>
						</item>
						<item>
							<label>$LOCALIZE[20339]</label>
							<label2>$INFO[Container(100).ListItem.Property(Director)]</label2>
							<onclick>-</onclick>
							<visible>!IsEmpty(Container(100).ListItem.Property(Director))</visible>
						</item>
						<item>
							<label>$LOCALIZE[562]</label>
							<label2>$INFO[Container(100).ListItem.Property(Year)]</label2>
							<onclick>-</onclick>
							<visible>!IsEmpty(Container(100).ListItem.Property(Year))</visible>
						</item>
						<item>
							<label>$LOCALIZE[2050]</label>
							<label2>$INFO[Container(100).ListItem.Property(Duration)]</label2>
							<onclick>-</onclick>
							<visible>!IsEmpty(Container(100).ListItem.Property(Duration))</visible>
						</item>
						<item>
							<label>$LOCALIZE[567]</label>
							<label2>$INFO[Container(100).ListItem.Property(Playcount)]</label2>
							<onclick>-</onclick>
							<visible>!IsEmpty(Container(100).ListItem.Property(Playcount))</visible>
						</item>
						<item>
							<label>$LOCALIZE[15311]</label>
							<label2>$INFO[Container(100).ListItem.Property(Path)]</label2>
							<onclick>-</onclick>
							<visible>!IsEmpty(Container(100).ListItem.Property(Path))</visible>
						</item>
					</content>
				</control>

			<!---ARTISTS------>
				<control type="list" id="160">
					<width>800</width>
					<height>200</height>
					<onleft>160</onleft>
					<onright>160</onright>
					<onup>190</onup>
					<ondown>195</ondown>
					<pagecontrol>-</pagecontrol>
					<scrolltime tween="Cubic" easing="Out">400</scrolltime>
					<itemlayout height="40">
						<control type="image">
							<width>613</width>
							<height>40</height>
							<include>dialog_CommonList</include>
						</control>
						<control type="label">
							<width>532</width>
							<height>36</height>
							<label>$INFO[ListItem.Label]</label>
							<include>dialog_CommonListItem</include>
						</control>
						<control type="label">
							<posx>595</posx>
							<width>550</width>
							<height>36</height>
							<align>right</align>
							<label fallback="231">$INFO[ListItem.Label2]</label>
							<scroll>true</scroll>
							<include>dialog_CommonListItem</include>
						</control>
					</itemlayout>
					<focusedlayout height="40">
						<control type="image">
							<width>613</width>
							<include>dialog_CommonList</include>
							<visible>!Control.HasFocus(160)</visible>
						</control>
						<control type="image">
							<width>613</width>
							<include>dialog_CommonListFocus</include>
							<visible>Control.HasFocus(160)</visible>
						</control>
						<control type="label">
							<width>532</width>
							<height>36</height>
							<label>$INFO[ListItem.Label]</label>
							<include>dialog_CommonListItem</include>
							<visible>!Control.HasFocus(160)</visible>
						</control>
						<control type="label">
							<width>532</width>
							<height>36</height>
							<label>$INFO[ListItem.Label]</label>
							<include>dialog_CommonListItemFocus</include>
							<visible>Control.HasFocus(160)</visible>
						</control>
						<control type="label">
							<posx>595</posx>
							<width>550</width>
							<height>36</height>
							<align>right</align>
							<label fallback="231">$INFO[ListItem.Label2]</label>
							<scroll>true</scroll>
							<include>dialog_CommonListItem</include>
							<visible>!Control.HasFocus(160)</visible>
						</control>
						<control type="label">
							<posx>595</posx>
							<width>550</width>
							<height>36</height>
							<align>right</align>
							<label fallback="231">$INFO[ListItem.Label2]</label>
							<scroll>true</scroll>
							<include>dialog_CommonListItemFocus</include>
							<visible>Control.HasFocus(160)</visible>
						</control>
					</focusedlayout>
					<content>
						<item>
							<label>$LOCALIZE[21893]</label>
							<label2>$INFO[Container(100).ListItem.Property(Artist_Born)]</label2>
							<onclick>-</onclick>
							<visible>!IsEmpty(Container(100).ListItem.Property(Artist_Born))</visible>
						</item>
						<item>
							<label>$LOCALIZE[21894]</label>
							<label2>$INFO[Container(100).ListItem.Property(Artist_Formed)]</label2>
							<onclick>-</onclick>
							<visible>!IsEmpty(Container(100).ListItem.Property(Artist_Formed))</visible>
						</item>
						<item>
							<label>$LOCALIZE[21897]</label>
							<label2>$INFO[Container(100).ListItem.Property(Artist_Died)]</label2>
							<onclick>-</onclick>
							<visible>!IsEmpty(Container(100).ListItem.Property(Artist_Died))</visible>
						</item>
						<item>
							<label>$LOCALIZE[21896]</label>
							<label2>$INFO[Container(100).ListItem.Property(Artist_Disbanded)]</label2>
							<onclick>-</onclick>
							<visible>!IsEmpty(Container(100).ListItem.Property(Artist_Disbanded))</visible>
						</item>
						<item>
							<label>$LOCALIZE[21898]</label>
							<label2>$INFO[Container(100).ListItem.Property(Artist_YearsActive)]</label2>
							<onclick>-</onclick>
							<visible>!IsEmpty(Container(100).ListItem.Property(Artist_YearsActive))</visible>
						</item>
						<item>
							<label>$LOCALIZE[175]</label>
							<label2>$INFO[Container(100).ListItem.Property(Artist_Mood)]</label2>
							<onclick>-</onclick>
							<visible>!IsEmpty(Container(100).ListItem.Property(Artist_Mood))</visible>
						</item>
						<item>
							<label>$LOCALIZE[176]</label>
							<label2>$INFO[Container(100).ListItem.Property(Artist_Style)]</label2>
							<onclick>-</onclick>
							<visible>!IsEmpty(Container(100).ListItem.Property(Artist_Style))</visible>
						</item>
						<item>
							<label>$LOCALIZE[515]</label>
							<label2>$INFO[Container(100).ListItem.Property(Genre)]</label2>
							<onclick>-</onclick>
							<visible>!IsEmpty(Container(100).ListItem.Property(Genre))</visible>
						</item>
						<item>
							<label>$LOCALIZE[15311]</label>
							<label2>$INFO[Container(100).ListItem.Property(Path)]</label2>
							<onclick>-</onclick>
							<visible>!IsEmpty(Container(100).ListItem.Property(Path))</visible>
						</item>
					</content>
				</control>
			<!---ALBUMS------>
				<control type="list" id="170">
					<width>800</width>
					<height>200</height>
					<onleft>170</onleft>
					<onright>170</onright>
					<onup>190</onup>
					<ondown>195</ondown>
					<pagecontrol>-</pagecontrol>
					<scrolltime tween="Cubic" easing="Out">400</scrolltime>
					<itemlayout height="40">
						<control type="image">
							<width>613</width>
							<height>40</height>
							<include>dialog_CommonList</include>
						</control>
						<control type="label">
							<width>532</width>
							<height>36</height>
							<label>$INFO[ListItem.Label]</label>
							<include>dialog_CommonListItem</include>
						</control>
						<control type="label">
							<posx>595</posx>
							<width>550</width>
							<height>36</height>
							<align>right</align>
							<label fallback="231">$INFO[ListItem.Label2]</label>
							<scroll>true</scroll>
							<include>dialog_CommonListItem</include>
						</control>
					</itemlayout>
					<focusedlayout height="40">
						<control type="image">
							<width>613</width>
							<include>dialog_CommonList</include>
							<visible>!Control.HasFocus(170)</visible>
						</control>
						<control type="image">
							<width>613</width>
							<include>dialog_CommonListFocus</include>
							<visible>Control.HasFocus(170)</visible>
						</control>
						<control type="label">
							<width>532</width>
							<height>36</height>
							<label>$INFO[ListItem.Label]</label>
							<font>smallerCaps</font>
							<include>dialog_CommonListItem</include>
							<visible>!Control.HasFocus(170)</visible>
						</control>
						<control type="label">
							<width>532</width>
							<height>36</height>
							<label>$INFO[ListItem.Label]</label>
							<include>dialog_CommonListItemFocus</include>
							<visible>Control.HasFocus(170)</visible>
						</control>
						<control type="label">
							<posx>595</posx>
							<width>550</width>
							<height>36</height>
							<align>right</align>
							<label fallback="231">$INFO[ListItem.Label2]</label>
							<scroll>true</scroll>
							<include>dialog_CommonListItem</include>
							<visible>!Control.HasFocus(170)</visible>
						</control>
						<control type="label">
							<posx>595</posx>
							<width>550</width>
							<height>36</height>
							<align>right</align>
							<label fallback="231">$INFO[ListItem.Label2]</label>
							<scroll>true</scroll>
							<include>dialog_CommonListItemFocus</include>
							<visible>Control.HasFocus(170)</visible>
						</control>
					</focusedlayout>
					<content>
						<item>
							<label>$LOCALIZE[557]</label>
							<label2>$INFO[Container(100).ListItem.Property(Artist)]</label2>
							<onclick>-</onclick>
							<visible>!IsEmpty(Container(100).ListItem.Property(Artist))</visible>
						</item>
						<item>
							<label>$LOCALIZE[515]</label>
							<label2>$INFO[Container(100).ListItem.Property(Genre)]</label2>
							<onclick>-</onclick>
							<visible>!IsEmpty(Container(100).ListItem.Property(Genre))</visible>
						</item>
						<item>
							<label>$LOCALIZE[563]</label>
							<label2>$INFO[Container(100).ListItem.Property(Album_Rating)]</label2>
							<onclick>-</onclick>
							<visible>!IsEmpty(Container(100).ListItem.Property(Rating))</visible>
						</item>
						<item>
							<label>$LOCALIZE[562]</label>
							<label2>$INFO[Container(100).ListItem.Property(Year)]</label2>
							<onclick>-</onclick>
							<visible>!IsEmpty(Container(100).ListItem.Property(Year))</visible>
						</item>
						<item>
							<label>$LOCALIZE[21899]</label>
							<label2>$INFO[Container(100).ListItem.Property(Album_Label)]</label2>
							<onclick>-</onclick>
							<visible>!IsEmpty(Container(100).ListItem.Property(Album_Label))</visible>
						</item>
						<item>
							<label>$LOCALIZE[146]</label>
							<label2>$INFO[Container(100).ListItem.Property(Album_Type)]</label2>
							<onclick>-</onclick>
							<visible>!IsEmpty(Container(100).ListItem.Property(Album_Type))</visible>
						</item>
						<item>
							<label>$LOCALIZE[175]</label>
							<label2>$INFO[Container(100).ListItem.Property(Album_Mood)]</label2>
							<onclick>-</onclick>
							<visible>!IsEmpty(Container(100).ListItem.Property(Album_Mood))</visible>
						</item>
						<item>
							<label>$LOCALIZE[176]</label>
							<label2>$INFO[Container(100).ListItem.Property(Album_Style)]</label2>
							<onclick>-</onclick>
							<visible>!IsEmpty(Container(100).ListItem.Property(Album_Style))</visible>
						</item>
						<item>
							<label>$LOCALIZE[21895]</label>
							<label2>$INFO[Container(100).ListItem.Property(Album_Theme)]</label2>
							<onclick>-</onclick>
							<visible>!IsEmpty(Container(100).ListItem.Property(Album_Theme))</visible>
						</item>
						<item>
							<label>$LOCALIZE[15311]</label>
							<label2>$INFO[Container(100).ListItem.Property(Path)]</label2>
							<onclick>-</onclick>
							<visible>!IsEmpty(Container(100).ListItem.Property(Path))</visible>
						</item>
					</content>
				</control>
			<!---SONGS------>
				<control type="list" id="180">
					<width>800</width>
					<height>200</height>
					<onleft>180</onleft>
					<onright>180</onright>
					<onup>190</onup>
					<ondown>195</ondown>
					<pagecontrol>-</pagecontrol>
					<scrolltime tween="Cubic" easing="Out">400</scrolltime>
					<itemlayout height="40">
						<control type="image">
							<width>613</width>
							<height>40</height>
							<include>dialog_CommonList</include>
						</control>
						<control type="label">
							<width>532</width>
							<height>36</height>
							<label>$INFO[ListItem.Label]</label>
							<include>dialog_CommonListItem</include>
						</control>
						<control type="label">
							<posx>595</posx>
							<width>550</width>
							<height>36</height>
							<align>right</align>
							<label fallback="231">$INFO[ListItem.Label2]</label>
							<scroll>true</scroll>
							<include>dialog_CommonListItem</include>
						</control>
					</itemlayout>
					<focusedlayout height="40">
						<control type="image">
							<width>613</width>
							<include>dialog_CommonList</include>
							<visible>!Control.HasFocus(180)</visible>
						</control>
						<control type="image">
							<width>613</width>
							<include>dialog_CommonListFocus</include>
							<visible>Control.HasFocus(180)</visible>
						</control>
						<control type="label">
							<width>532</width>
							<height>36</height>
							<label>$INFO[ListItem.Label]</label>
							<include>dialog_CommonListItem</include>
							<visible>!Control.HasFocus(180)</visible>
						</control>
						<control type="label">
							<width>532</width>
							<height>36</height>
							<label>$INFO[ListItem.Label]</label>
							<include>dialog_CommonListItemFocus</include>
							<visible>Control.HasFocus(180)</visible>
						</control>
						<control type="label">
							<posx>595</posx>
							<width>550</width>
							<height>36</height>
							<align>right</align>
							<label fallback="231">$INFO[ListItem.Label2]</label>
							<scroll>true</scroll>
							<include>dialog_CommonListItem</include>
							<visible>!Control.HasFocus(180)</visible>
						</control>
						<control type="label">
							<posx>595</posx>
							<width>550</width>
							<height>36</height>
							<align>right</align>
							<label fallback="231">$INFO[ListItem.Label2]</label>
							<scroll>true</scroll>
							<include>dialog_CommonListItemFocus</include>
							<visible>Control.HasFocus(180)</visible>
						</control>
					</focusedlayout>
					<content>
						<item>
							<label>$LOCALIZE[557]</label>
							<label2>$INFO[Container(100).ListItem.Property(Artist)]</label2>
							<onclick>-</onclick>
							<visible>!IsEmpty(Container(100).ListItem.Property(Artist))</visible>
						</item>
						<item>
							<label>$LOCALIZE[558]</label>
							<label2>$INFO[Container(100).ListItem.Property(Album)]</label2>
							<onclick>-</onclick>
							<visible>!IsEmpty(Container(100).ListItem.Property(Album))</visible>
						</item>
						<item>
							<label>$LOCALIZE[554]</label>
							<label2>$INFO[Container(100).ListItem.Property(Track)]</label2>
							<onclick>-</onclick>
							<visible>!IsEmpty(Container(100).ListItem.Property(Track))</visible>
						</item>
						<item>
							<label>$LOCALIZE[2050]</label>
							<label2>$INFO[Container(100).ListItem.Property(Duration),, $LOCALIZE[12391]]</label2>
							<onclick>-</onclick>
							<visible>!IsEmpty(Container(100).ListItem.Property(Duration)) + !SubString(Container(100).ListItem.Property(Duration),min)</visible>
						</item>
						<item>
							<label>$LOCALIZE[2050]</label>
							<label2>$INFO[Container(100).ListItem.Property(Duration)]</label2>
							<onclick>-</onclick>
							<visible>!IsEmpty(Container(100).ListItem.Property(Duration)) + SubString(Container(100).ListItem.Property(Duration),min)</visible>
						</item>
						<item>
							<label>$LOCALIZE[563]</label>
							<label2>$INFO[Container(100).ListItem.Property(Rating)]</label2>
							<onclick>-</onclick>
							<visible>!IsEmpty(Container(100).ListItem.Property(Rating))</visible>
						</item>
						<item>
							<label>$LOCALIZE[515]</label>
							<label2>$INFO[Container(100).ListItem.Property(Genre)]</label2>
							<onclick>-</onclick>
							<visible>!IsEmpty(Container(100).ListItem.Property(Genre))</visible>
						</item>
						<item>
							<label>$LOCALIZE[562]</label>
							<label2>$INFO[Container(100).ListItem.Property(Year)]</label2>
							<onclick>-</onclick>
							<visible>!IsEmpty(Container(100).ListItem.Property(Year))</visible>
						</item>
						<item>
							<label>$LOCALIZE[567]</label>
							<label2>$INFO[Container(100).ListItem.Property(Playcount)]</label2>
							<onclick>-</onclick>
							<visible>!IsEmpty(Container(100).ListItem.Property(Playcount))</visible>
						</item>
						<item>
							<label>$LOCALIZE[15311]</label>
							<label2>$INFO[Container(100).ListItem.Property(Path)]</label2>
							<onclick>-</onclick>
							<visible>!IsEmpty(Container(100).ListItem.Property(Path))</visible>
						</item>
					</content>
				</control>
			<!---DESCRIPTION------>
				<control type="group">
					<posx>15</posx>	
					<posy>213</posy>
					<control type="textbox">
						<width>575</width>
						<height>195</height>
						<label>$INFO[Container(100).ListItem.Property(Plot)]</label>
						<include>dialog_Textbox</include>
						<visible>Control.IsVisible(110) | Control.IsVisible(120) | Control.IsVisible(140) | Control.IsVisible(150)</visible>
					</control>
					<control type="textbox">
						<width>575</width>
						<height>195</height>
						<label>$INFO[Container(100).ListItem.Property(Artist_Description)]</label>
						<include>dialog_Textbox</include>
						<visible>Control.IsVisible(160)</visible>
					</control>
					<control type="textbox">
						<width>575</width>
						<height>195</height>
						<label>$INFO[Container(100).ListItem.Property(Album_Description)]</label>
						<include>dialog_Textbox</include>
						<visible>Control.IsVisible(170)</visible>
					</control>
					<control type="textbox">
						<width>575</width>
						<height>195</height>
						<label>$INFO[Container(100).ListItem.Property(Comment)]</label>
						<include>dialog_Textbox</include>
						<visible>Control.IsVisible(180)</visible>
					</control>
				</control>
				<control type="image">
					<posy>420</posy>
					<width>613</width>
					<include>dialog_Separator</include>
				</control>
			</control>
		<!--dialog controls------>
			<control type="group" id="190">
				<posx>97</posx>
				<posy>515</posy>
				<animation type="Conditional" condition="Control.IsVisible(120)">
					<effect type="slide" start="0" end="63" time="0" />
				</animation>
				<animation type="Conditional" condition="Control.IsVisible(130)">
					<effect type="slide" start="10" end="63" time="0" />
				</animation>
				<animation type="Conditional" condition="Control.IsVisible(140)">
					<effect type="slide" start="10" end="63" time="0" />
				</animation>
				<animation type="Conditional" condition="Control.IsVisible(150)">
					<effect type="slide" start="0" end="63" time="0" />
				</animation>
				<animation type="Conditional" condition="Control.IsVisible(160)">
					<effect type="slide" start="10" end="63" time="0" />
				</animation>
				<animation type="Conditional" condition="Control.IsVisible(180)">
					<effect type="slide" start="10" end="63" time="0" />
				</animation>
				<control type="button" id="191">
					<label>$LOCALIZE[186]</label>
					<onleft>193</onleft>
					<onright>192</onright>
					<onup>101</onup>
					<ondown>-</ondown>
					<include>dialog_Button</include>
				</control>
				<control type="button" id="192">
					<posx>130</posx>
					<label>-</label>
					<onleft>191</onleft>
					<onright>193</onright>
					<onup>110</onup>
					<ondown>-</ondown>
					<include>dialog_Button</include>
				</control>
				<control type="button" id="193">
					<posx>260</posx>
					<label>-</label>
					<onleft>192</onleft>
					<onright>191</onright>
					<onup>110</onup>
					<ondown>-</ondown>
					<include>dialog_Button</include>
				</control>
			</control>
		</control>
		<!---unused--->
		<control type="spincontrol" id="195">
			<visible>false</visible>
		</control>
		<control type="image" id="199">
			<visible>false</visible>
		</control>
		<!--
		<control type="grouplist" >
			<posy>380</posy>
			<width>900</width>
			<height>64</height>
			<itemgap>10</itemgap>
			<orientation>horizontal</orientation>
			<control type="image">
				<width>96</width>
				<height>64</height>
				<aspectratio align="center">keep</aspectratio>
				<texture>flags/codec/$INFO[Container(100).ListItem.Property(VideoCodec),,.png]</texture>
			</control>
			<control type="image">
				<width>96</width>
				<height>64</height>
				<aspectratio align="center">keep</aspectratio>
				<texture>flags/video/resolution/mono/$INFO[Container(100).ListItem.Property(VideoResolution),,.png]</texture>
				<colordiffuse>Color4</colordiffuse>
			</control>
			<control type="image">
				<width>96</width>
				<height>48</height>
				<aspectratio align="center">keep</aspectratio>
				<texture>flags/audio/mono/$INFO[Container(100).ListItem.Property(AudioChannels),,.png]</texture>
				<colordiffuse>Color4</colordiffuse>
			</control>
		</control>
		<control type="group">
			<visible>Control.IsVisible(110) | Control.IsVisible(140) | Control.IsVisible(150)</visible>
			<control type="image">
				<posx>207</posx>
				<posy>425</posy>
				<width>48</width>
				<height>36</height>
				<aspectratio>keep</aspectratio>
				<texture>mediaflags/videoaspect/$INFO[Container(100).ListItem.Property(VideoAspect),,.png]</texture>
			</control>
			<control type="image">
				<posx>257</posx>
				<posy>425</posy>
				<width>75</width>
				<height>36</height>
				<aspectratio>keep</aspectratio>
				<texture>mediaflags/audiocodec/$INFO[Container(100).ListItem.Property(AudioCodec),,.png]</texture>
			</control>
			<control type="image">
				<posx>334</posx>
				<posy>425</posy>
				<width>48</width>
				<height>36</height>
				<aspectratio>keep</aspectratio>
				<texture>mediaflags/audiochannels/$INFO[Container(100).ListItem.Property(AudioChannels),,.png]</texture>
			</control>
		</control>
		-->
	</controls>
</window>