﻿<?xml version="1.0" encoding="UTF-8"?>
<includes>
	<include name="homeSubMenu">
		<control type="group" id="1100">
			<posy>30</posy>
<!---VIDEO SUBMENU------->
			<control type="list" id="1110">
				<posx>-800</posx>
				<width>640</width>
				<height>640</height>
				<onback>9000</onback>
				<onleft>9000</onleft>
				<onright>888</onright>
				<onup>1110</onup>
				<ondown>1110</ondown>
				<orientation>vertical</orientation>
				<scrolltime tween="Cubic" easing="Out">400</scrolltime>
				<include>home_SubFocus</include>
				<include>homeMenusLayoutOriginal</include>
				<visible allowhiddenfocus="true">Container(9000).HasFocus(1)</visible>
				<content>
					<item id="1">
						<label>$LOCALIZE[1024]</label>
						<onclick>ActivateWindow(Videos,Files,$INFO[Skin.String(backspacehome)])</onclick>
					</item>
					<item id="2">
						<label>Update Video Library</label>
						<onclick>XBMC.UpdateLibrary(Video)</onclick>
					</item>
					<item id="3">
						<label>$INFO[Skin.String(videomenu.playlist1.label)]</label>
						<onclick>ActivateWindow(videolibrary,$INFO[Skin.String(videomenu.playlist1.path)],$INFO[Skin.String(backspacehome)])</onclick>
						<visible>!IsEmpty(Skin.String(videomenu.playlist1.path)) + !Skin.HasSetting(favourites.global)</visible>
					</item>
					<item id="4">
						<label>$INFO[Skin.String(videomenu.playlist2.label)]</label>
						<onclick>ActivateWindow(videolibrary,$INFO[Skin.String(videomenu.playlist2.path)],$INFO[Skin.String(backspacehome)])</onclick>
						<visible>!IsEmpty(Skin.String(videomenu.playlist2.path)) + !Skin.HasSetting(favourites.global)</visible>
					</item>
					<item id="5">
						<label>$INFO[Skin.String(videomenu.playlist3.label)]</label>
						<onclick>ActivateWindow(videolibrary,$INFO[Skin.String(videomenu.playlist3.path)],$INFO[Skin.String(backspacehome)])</onclick>
						<visible>!IsEmpty(Skin.String(videomenu.playlist3.path)) + !Skin.HasSetting(favourites.global)</visible>
					</item>
					<item id="6">
						<label>$INFO[Skin.String(videomenu.playlist4.label)]</label>
						<onclick>ActivateWindow(videolibrary,$INFO[Skin.String(videomenu.playlist4.path)],$INFO[Skin.String(backspacehome)])</onclick>
						<visible>!IsEmpty(Skin.String(videomenu.playlist4.path)) + !Skin.HasSetting(favourites.global)</visible>
					</item>
					<item id="7">
						<label>$INFO[Skin.String(videomenu.playlist5.label)]</label>
						<onclick>ActivateWindow(Videos,$INFO[Skin.String(videomenu.playlist5.path)],$INFO[Skin.String(backspacehome)])</onclick>
						<visible>!IsEmpty(Skin.String(videomenu.playlist5.path)) + !Skin.HasSetting(favourites.global)</visible>
					</item>
					<item id="8">
						<label>$INFO[Skin.String(videomenu.playlist6.label)]</label>
						<onclick>ActivateWindow(Videos,$INFO[Skin.String(videomenu.playlist6.path)],$INFO[Skin.String(backspacehome)])</onclick>
						<visible>!IsEmpty(Skin.String(videomenu.playlist6.path)) + !Skin.HasSetting(favourites.global)</visible>
					</item>
					<item id="9">
						<label>$INFO[Skin.String(videomenu.playlist7.label)]</label>
						<onclick>ActivateWindow(Videos,$INFO[Skin.String(videomenu.playlist7.path)],$INFO[Skin.String(backspacehome)])</onclick>
						<visible>!IsEmpty(Skin.String(videomenu.playlist7.path)) + !Skin.HasSetting(favourites.global)</visible>
					</item>
					<item id="10">
						<label>$LOCALIZE[24001]</label>
						<onclick>ActivateWindow(VideoLibrary,Addons,$INFO[Skin.String(backspacehome)])</onclick>
						<visible>!Skin.HasSetting(videomenu.addons)</visible>
					</item>
					<item id="11">
						<label>$LOCALIZE[136]</label>
						<onclick>ActivateWindow(videolibrary,playlists, $INFO[Skin.String(backspacehome)])</onclick>
						<visible>!Skin.HasSetting(videomenu.videoplaylists)</visible>
					</item>
					<item id="12">
						<visible>!IsEmpty(Skin.String(CustomVideo.1.Path)) + Skin.HasSetting(favourites.global)</visible>
            					<label>$INFO[Skin.String(CustomVideo.1.Label)]</label>
            					<onclick>$INFO[Skin.String(CustomVideo.1.Path)]</onclick>
					</item>
					<item id="13">
						<visible>!IsEmpty(Skin.String(CustomVideo.2.Path)) + Skin.HasSetting(favourites.global)</visible>
            					<label>$INFO[Skin.String(CustomVideo.2.Label)]</label>
            					<onclick>$INFO[Skin.String(CustomVideo.2.Path)]</onclick>
					</item>
					<item id="14">
						<visible>!IsEmpty(Skin.String(CustomVideo.3.Path)) + Skin.HasSetting(favourites.global)</visible>
            					<label>$INFO[Skin.String(CustomVideo.3.Label)]</label>
            					<onclick>$INFO[Skin.String(CustomVideo.3.Path)]</onclick>
					</item>
					<item id="15">
						<visible>!IsEmpty(Skin.String(CustomVideo.4.Path)) + Skin.HasSetting(favourites.global)</visible>
            					<label>$INFO[Skin.String(CustomVideo.4.Label)]</label>
            					<onclick>$INFO[Skin.String(CustomVideo.4.Path)]</onclick>
					</item>
					<item id="16">
						<visible>!IsEmpty(Skin.String(CustomVideo.5.Path)) + Skin.HasSetting(favourites.global)</visible>
            					<label>$INFO[Skin.String(CustomVideo.5.Label)]</label>
            					<onclick>$INFO[Skin.String(CustomVideo.5.Path)]</onclick>
					</item>
					<item id="17">
						<visible>!IsEmpty(Skin.String(CustomVideo.6.Path)) + Skin.HasSetting(favourites.global)</visible>
            					<label>$INFO[Skin.String(CustomVideo.6.Label)]</label>
            					<onclick>$INFO[Skin.String(CustomVideo.6.Path)]</onclick>
					</item>
					<item id="18">
						<visible>!IsEmpty(Skin.String(CustomVideo.7.Path)) + Skin.HasSetting(favourites.global)</visible>
            					<label>$INFO[Skin.String(CustomVideo.7.Label)]</label>
            					<onclick>$INFO[Skin.String(CustomVideo.7.Path)]</onclick>
					</item>
					<item id="19">
						<visible>!IsEmpty(Skin.String(CustomVideo.8.Path)) + Skin.HasSetting(favourites.global)</visible>
            					<label>$INFO[Skin.String(CustomVideo.8.Label)]</label>
            					<onclick>$INFO[Skin.String(CustomVideo.8.Path)]</onclick>
					</item>
				</content>
			</control>
<!---LIVE TV SUBMENU------>
			<control type="list" id="1120">
				<posx>-800</posx>
				<width>900</width>
				<height>800</height>
				<onback>9000</onback>
				<onleft>9000</onleft>
				<onup>1120</onup>
				<ondown>1120</ondown>
				<orientation>vertical</orientation>
				<scrolltime>150</scrolltime>
				<visible allowhiddenfocus="true">Container(9000).HasFocus(7)</visible>
				<include>home_SubFocus</include>
				<include>homeMenusLayoutOriginal</include>
				<content>
					<!--channels-->
					<item id="1">
						<label>$LOCALIZE[19019]</label>
						<onclick>ActivateWindow(TV)</onclick>
						<onclick>Setfocus(32)</onclick>
						<onclick>Setfocus(11)</onclick>
						<visible>Skin.HasSetting(tvmenu.channels)</visible>
					</item>
					<!--guide-->
					<item id="2">
						<label>$LOCALIZE[31987]</label>
						<onclick>ActivateWindow(TV)</onclick>
						<onclick>Setfocus(31)</onclick>
						<onclick>Setfocus(11)</onclick>
						<visible>Skin.HasSetting(tvmenu.guide)</visible>
					</item>
					<!--recordings-->
					<item id="3">
						<label>$LOCALIZE[19163]</label>
						<onclick>ActivateWindow(TV)</onclick>
						<onclick>Setfocus(34)</onclick>
						<onclick>Setfocus(13)</onclick>
						<visible>Skin.HasSetting(tvmenu.recordings)</visible>
					</item>
					<!--timers-->
					<item id="4">
						<label>$LOCALIZE[31085]</label>
						<onclick>ActivateWindow(TV)</onclick>
						<onclick>Setfocus(35)</onclick>
						<onclick>Setfocus(14)</onclick>
						<visible>Skin.HasSetting(tvmenu.timers)</visible>
					</item>
				</content>
			</control>
<!---MUSIC SUBMENU------>
			<control type="list" id="1130">
				<posx>-800</posx>
				<width>410</width>
				<height>800</height>
				<onback>9000</onback>
				<onleft>9000</onleft>
				<onright>8004</onright>
				<onup>1130</onup>
				<ondown>1130</ondown>
				<orientation>vertical</orientation>
				<scrolltime>150</scrolltime>
				<visible>Container(9000).HasFocus(9)</visible>
				<include>home_SubFocus</include>
				<include>homeMenusLayoutOriginal</include>
				<content>
					<item id="1">
						<label>$LOCALIZE[132]</label>
						<onclick>ActivateWindow(MusicLibrary,albums,$INFO[Skin.String(backspacehome)])</onclick>
						<visible>Library.HasContent(music)</visible>
					</item>
					<item id="2">
						<label>$LOCALIZE[31970]</label>
						<onclick>ActivateWindow(MusicLibrary,recentlyaddedalbums,$INFO[Skin.String(backspacehome)])</onclick>
						<visible>Library.HasContent(music) + Skin.HasSetting(musicmenu.recent)</visible>
					</item>
					<item id="3">
						<label>$LOCALIZE[31971]</label>
						<onclick>ActivateWindow(MusicLibrary,recentlyplayedalbums,$INFO[Skin.String(backspacehome)])</onclick>
						<visible>Library.HasContent(music) + Skin.HasSetting(musicmenu.played)</visible>
					</item>
					<item id="4">
						<label>$LOCALIZE[133]</label>
						<onclick>ActivateWindow(MusicLibrary,artists,$INFO[Skin.String(backspacehome)])</onclick>
						<visible>Library.HasContent(music) + Skin.HasSetting(musicmenu.artists)</visible>
					</item>
					<item id="5">
						<label>$LOCALIZE[135]</label>
						<onclick>ActivateWindow(MusicLibrary,genres,$INFO[Skin.String(backspacehome)])</onclick>
						<visible>Library.HasContent(music) + Skin.HasSetting(musicmenu.genres)</visible>
					</item>
					<item id="6">
						<label>$LOCALIZE[24001]</label>
						<onclick>ActivateWindow(MusicLibrary,Addons,$INFO[Skin.String(backspacehome)])</onclick>
						<visible>Library.HasContent(music) + Skin.HasSetting(musicmenu.addons)</visible>
					</item>
					<item id="8">
						<label>$LOCALIZE[136]</label>
						<onclick>ActivateWindow(MusicLibrary,playlists,$INFO[Skin.String(backspacehome)]))</onclick>
						<visible>Skin.HasSetting(musicmenu.playlists)</visible>
					</item>
					<item id="9">
						<label>$LOCALIZE[589]</label>
						<onclick>XBMC.PlayerControl(Partymode)</onclick>
						<visible>Library.HasContent(music) + Skin.HasSetting(musicmenu.partymode)</visible>
					</item>
					<item id="10">
						<label>$LOCALIZE[15200]</label>
						<onclick>ActivateWindow(MyMusicLibrary,lastfm://)</onclick>
						<visible>Skin.HasSetting(musicmenu.lastfm)</visible>
					</item>
					<item id="11">
						<label>$LOCALIZE[20389]</label>
						<onclick>ActivateWindow(videolibrary,musicvideotitles,$INFO[Skin.String(backspacehome)]))</onclick>
						<visible>Library.HasContent(musicvideos) + Skin.HasSetting(musicmenu.videos)</visible>
					</item>
					<item id="12">
						<label>$LOCALIZE[1024]</label>
						<onclick>ActivateWindow(MusicFiles)</onclick>
					</item>
					<item id="13">
						<label>$INFO[Skin.String(musicmenu.playlist1.label)]</label>
						<onclick>ActivateWindow(musiclibrary,$INFO[Skin.String(musicmenu.playlist1.path)],$INFO[Skin.String(backspacehome)])</onclick>
						<visible>!IsEmpty(Skin.String(musicmenu.playlist1.path)) + !Skin.HasSetting(favourites.global)</visible>
					</item>
					<item id="13">
						<visible>!IsEmpty(Skin.String(CustomMusic.1.Path)) + Skin.HasSetting(favourites.global)</visible>
            					<label>$INFO[Skin.String(CustomMusic.1.Label)]</label>
            					<onclick>$INFO[Skin.String(CustomMusic.1.Path)]</onclick>
					</item>
				</content>
			</control>
<!---PICTURES SUBMENU------->
			<control type="list" id="1140">
				<posx>-800</posx>
				<width>900</width>
				<height>800</height>
				<onback>9000</onback>
				<onleft>9000</onleft>
				<onup>1140</onup>
				<ondown>1140</ondown>
				<orientation>vertical</orientation>
				<scrolltime>150</scrolltime>
				<visible allowhiddenfocus="true">Container(9000).HasFocus(11)</visible>
				<include>home_SubFocus</include>
				<include>homeMenusLayoutOriginal</include>
				<content>
					<item id="1">
						<label>$LOCALIZE[1024]</label>
						<onclick>ActivateWindow(2)</onclick>
					</item>
					<item id="2">
						<label>$LOCALIZE[24001]</label>
						<onclick>ActivateWindow(Pictures,Addons)</onclick>
					</item>
				</content>
			</control>
<!---ADDONS SUBMENU------>
			<control type="list" id="1150">
				<posx>-800</posx>
				<width>410</width>
				<height>800</height>
				<onback>9000</onback>
				<onleft>9000</onleft>
				<onright>8004</onright>
				<onup>1150</onup>
				<ondown>1150</ondown>
				<orientation>vertical</orientation>
				<scrolltime>150</scrolltime>
				<visible allowhiddenfocus="true">Container(9000).HasFocus(13)</visible>
				<include>home_SubFocus</include>
				<include>homeMenusLayoutOriginal</include>
				<content>
					<item id="1">
						<label>$INFO[Skin.String(addonsmenu.addon1.label)]</label>
						<onclick>RunAddon($INFO[Skin.String(addonsmenu.addon1.path)])</onclick>
						<visible>!IsEmpty(Skin.String(addonsmenu.addon1.label))</visible>
					</item>
					<item id="2">
						<label>$INFO[Skin.String(addonsmenu.addon2.label)]</label>
						<onclick>RunAddon($INFO[Skin.String(addonsmenu.addon2.path)])</onclick>
						<visible>!IsEmpty(Skin.String(addonsmenu.addon2.label))</visible>
					</item>
					<item id="3">
						<label>$INFO[Skin.String(addonsmenu.addon3.label)]</label>
						<onclick>RunAddon($INFO[Skin.String(addonsmenu.addon3.path)])</onclick>
						<visible>!IsEmpty(Skin.String(addonsmenu.addon3.label))</visible>
					</item>
					<item id="4">
						<label>$INFO[Skin.String(addonsmenu.addon4.label)]</label>
						<onclick>RunAddon($INFO[Skin.String(addonsmenu.addon4.path)])</onclick>
						<visible>!IsEmpty(Skin.String(addonsmenu.addon4.label))</visible>
					</item>
					<item id="5">
						<label>$INFO[Skin.String(addonsmenu.addon5.label)]</label>
						<onclick>RunAddon($INFO[Skin.String(addonsmenu.addon5.path)])</onclick>
						<visible>!IsEmpty(Skin.String(addonsmenu.addon5.label))</visible>
					</item>
					<item id="6">
						<label>$INFO[Skin.String(addonsmenu.addon6.label)]</label>
						<onclick>RunAddon($INFO[Skin.String(addonsmenu.addon6.path)])</onclick>
						<visible>!IsEmpty(Skin.String(addonsmenu.addon6.label))</visible>
					</item>
					<item id="7">
						<label>$INFO[Skin.String(programs.program1.label)]</label>
						<onclick>RunAddon($INFO[Skin.String(programs.program1.path)])</onclick>
						<visible>!IsEmpty(Skin.String(programs.program1.label))</visible>
					</item>
					<item id="8">
						<label>$INFO[Skin.String(programs.program2.label)]</label>
						<onclick>RunAddon($INFO[Skin.String(programs.program2.path)])</onclick>
						<visible>!IsEmpty(Skin.String(programs.program2.label))</visible>
					</item>
					<item id="9">
						<label>$LOCALIZE[24033]</label>
						<onclick>ActivateWindow(addonbrowser,addons://all/, $INFO[Skin.String(backspacehome)])</onclick>
					</item>
					<item id="10">
						<label>$LOCALIZE[24043]</label>
						<onclick>ActivateWindow(addonbrowser,addons://outdated/, $INFO[Skin.String(backspacehome)])</onclick>
						<visible>Skin.HasSetting(addonsmenu.updates)</visible>
					</item>
					<item id="11">
						<label>$LOCALIZE[24062]</label>
						<onclick>ActivateWindow(addonbrowser,addons://enabled/, $INFO[Skin.String(backspacehome)])</onclick>
						<visible>Skin.HasSetting(addonsmenu.enabled)</visible>
					</item>
					<item id="12">
						<label>$LOCALIZE[0]</label>
						<onclick>ActivateWindow(programs,addons, $INFO[Skin.String(backspacehome)])</onclick>
						<visible>Skin.HasSetting(addonsmenu.programs)</visible>
					</item>
				</content>
			</control>
<!---SYSTEM SUBMENU------>
			<control type="list" id="1160">
				<posx>-800</posx>
				<width>900</width>
				<height>800</height>
				<onback>9000</onback>
				<onleft>9000</onleft>
				<onup>1160</onup>
				<ondown>1160</ondown>
				<orientation>vertical</orientation>
				<scrolltime>150</scrolltime>
				<visible allowhiddenfocus="true">Container(9000).HasFocus(15)</visible>
				<include>home_SubFocus</include>
				<include>homeMenusLayoutOriginal</include>
				<content>
					<item id="1">
						<label>$LOCALIZE[5]</label>
						<onclick>ActivateWindow(settings)</onclick>
					</item>
					<item id="2">
						<label>$LOCALIZE[130]</label>
						<onclick>ActivateWindow(SystemInfo)</onclick>
					</item>
					<item id="3">
						<label>$LOCALIZE[7]</label>
						<onclick>ActivateWindow(Filemanager)</onclick>
					</item>
					<item id="4">
						<label>$LOCALIZE[31030]</label>
						<onclick>SetFocus(9000)</onclick>
						<onclick>ActivateWindow(61)</onclick>
					</item>
					<item id="5">
						<label>$LOCALIZE[31013]</label>
						<onclick>ActivateWindow(shutdownmenu)</onclick>
					</item>
				</content>
			</control>
<!---DISC SUBMENU------>
			<control type="list" id="1180">
				<posx>-800</posx>
				<width>900</width>
				<height>800</height>
				<onback>9000</onback>
				<onleft>9000</onleft>
				<onup>1180</onup>
				<ondown>1180</ondown>
				<orientation>vertical</orientation>
				<scrolltime>150</scrolltime>
				<visible allowhiddenfocus="true">Container(9000).HasFocus(19)</visible>
				<include>home_SubFocus</include>
				<include>homeMenusLayoutOriginal</include>
				<content>
					<item id="1">
						<description>play</description>
						<label>$LOCALIZE[208]</label>
						<onclick>PlayDVD</onclick>
					</item>
					<item id="2">
						<description>eject</description>
						<label>$LOCALIZE[13391]</label>
						<onclick>EjectTray()</onclick>
					</item>
				</content>
			</control>
<!---MOVIES SUBMENU------>
			<control type="list" id="1200">
				<posx>-800</posx>
				<width>410</width>
				<height>800</height>
				<onback>9000</onback>
				<onright>8004</onright>
				<onleft>9000</onleft>
				<onup>1200</onup>
				<ondown>1200</ondown>
				<orientation>vertical</orientation>
				<scrolltime>150</scrolltime>
				<visible allowhiddenfocus="true">Library.HasContent(movies) + Container(9000).HasFocus(3)</visible>
				<include>home_SubFocus</include>
				<include>homeMenusLayoutOriginal</include>
				<content>
					<item id="1">
						<label>$LOCALIZE[1024]</label>
						<onclick>ActivateWindow(Videos,MovieTitles,$INFO[Skin.String(backspacehome)])</onclick>
					</item>
					<item id="2">
						<label>$LOCALIZE[32052]</label>
						<onclick>Skin.SetString(Watchlist,Movies)</onclick>
						<onclick>ActivateWindow(63)</onclick>
						<onclick>SetFocus(52)</onclick>
						<visible>System.HasAddon(service.skin.widgets) + Skin.HasSetting(moviesmenu.watchlist) + !Skin.HasSetting(watchlist.disable)</visible>
					</item>
					<item id="3">
						<label>$LOCALIZE[31095]</label>
						<onclick>ActivateWindow(Videos,recentlyaddedmovies,$INFO[Skin.String(backspacehome)])</onclick>
						<visible>Skin.HasSetting(moviesmenu.recent)</visible>
					</item>
					<item id="4">
						<label>$LOCALIZE[16101]</label>
						<onclick>ActivateWindow(Videos,special://skin/playlists/Unwatched Movies.xsp,$INFO[Skin.String(backspacehome)]))</onclick>
						<visible>Skin.HasSetting(moviesmenu.unwatched)</visible>
					</item>
					<item id="5">
						<label>$LOCALIZE[575]</label>
						<onclick>ActivateWindow(videolibrary,special://skin/playlists/Movies In Progress.xsp,$INFO[Skin.String(backspacehome)]))</onclick>
						<visible>Skin.HasSetting(moviesmenu.inprogress)</visible>
					</item>
					<item id="6">
						<label>$LOCALIZE[20434]</label>
						<onclick>ActivateWindow(Videos,MovieSets,$INFO[Skin.String(backspacehome)])</onclick>
						<visible>Library.HasContent(MovieSets) + Skin.HasSetting(moviesmenu.sets)</visible>
					</item>
					<item id="7">
						<label>$LOCALIZE[31011]</label>
						<onclick>XBMC.ActivateWindow(Videos, plugin://plugin.video.the.trailers/,$INFO[Skin.String(backspacehome)]))</onclick>
						<visible>Skin.HasSetting(moviesmenu.trailers) + System.HasAddon(plugin.video.the.trailers)</visible>
					</item>
					<item id="8">
						<label>$LOCALIZE[135]</label>
						<onclick>ActivateWindow(Videos,moviegenres,$INFO[Skin.String(backspacehome)])</onclick>
						<visible>Skin.HasSetting(moviesmenu.genres)</visible>
					</item>
					<item id="9">
						<label>$LOCALIZE[652]</label>
						<onclick>ActivateWindow(Videos,movieyears,$INFO[Skin.String(backspacehome)])</onclick>
						<visible>Skin.HasSetting(moviesmenu.years)</visible>
					</item>
					<item id="10">
						<label>$LOCALIZE[344]</label>
						<onclick>ActivateWindow(Videos,movieactors,$INFO[Skin.String(backspacehome)])</onclick>
						<visible>Skin.HasSetting(moviesmenu.actors)</visible>
					</item>
					<item id="11">
						<label>$LOCALIZE[32011]</label>
						<onclick>RunScript(script.randommovie, filtergenre=True)</onclick>
						<visible>System.HasAddon(script.randommovie) + Skin.HasSetting(moviesmenu.randomgenre)</visible>
					</item>
					<item id="12">
						<label>$LOCALIZE[32012]</label>
						<onclick>RunScript(script.randommovie)</onclick>
						<visible>System.HasAddon(script.randommovie) + Skin.HasSetting(moviesmenu.randommovie)</visible>
					</item>
				</content>
			</control>

<!---TVSHOWS SUBMENU------>
			<control type="list" id="1210">
				<posx>-800</posx>
				<width>410</width>
				<height>800</height>
				<onback>9000</onback>
				<onleft>9000</onleft>
				<onright>8004</onright>
				<onup>1210</onup>
				<ondown>1210</ondown>
				<orientation>vertical</orientation>
				<scrolltime>150</scrolltime>
				<visible allowhiddenfocus="true">Library.HasContent(tvshows) + Container(9000).HasFocus(5)</visible>
				<include>home_SubFocus</include>
				<include>homeMenusLayoutOriginal</include>
				<content>
					<item id="1">
						<label>$LOCALIZE[31094]</label>
						<onclick>ActivateWindow(Videos,recentlyaddedepisodes,$INFO[Skin.String(backspacehome)])</onclick>
						<visible>Skin.HasSetting(tvshowsmenu.recent)</visible>
					</item>
					<item id="2">
						<label>$LOCALIZE[575]</label>
						<onclick>ActivateWindow(Videos,library://video/inprogressshows.xml,$INFO[Skin.String(backspacehome)])</onclick>
						<visible>Skin.HasSetting(tvshowsmenu.inprogress)</visible>
					</item>
					<item id="3">
						<label>$LOCALIZE[31070]</label>
						<onclick>RunAddon(script.tv.show.next.aired)</onclick>
						<visible>System.HasAddon(script.tv.show.next.aired) + Skin.HasSetting(tvshowsmenu.guide)</visible>
					</item>
				</content>
			</control>
		</control>
	</include>
</includes>
