﻿<?xml version="1.0" encoding="UTF-8"?>
<window id="130">
	<include>dialogOpen</include>
	<coordinates>
		<system>1</system>
		<posx>340</posx>
		<posy>75</posy>
	</coordinates>
	<controls>
		<control type="image">
			<width>600</width>
			<height>442</height>
			<include>dialogWindow</include>
		</control>
		<control type="label" id="2">
			<width>532</width>
			<include>dialog_Windowtitle</include>
		</control>
		<control type="group">
			<posx>19</posx>
			<control type="image">
				<top>75</top>
				<width>563</width>
				<include>dialog_Separator</include>
			</control>
			<control type="image" id="101">
				<description>profile image</description>
				<top>75</top>
				<width>150</width>
				<height>150</height>
				<align>left</align>
				<aspectratio>stretch</aspectratio>
				<texture>unknown-user.png</texture>
			</control>
			<control type="image">
				<top>225</top>
				<width>563</width>
				<include>dialog_Separator</include>
			</control>
			<control type="image">
				<left>150</left>
				<top>76</top>
				<height>149</height>
				<include>dialog_Separator-y</include>
			</control>
			<control type="label">
				<top>85</top>
				<left>175</left>
				<width>363</width>
				<height>36</height>
				<label>Profile Name:</label>
				<font>smallerCaps</font>
				<include>dialog_CommonListItem</include>
			</control>
			<control type="label" id="102">
				<description>profile name value</description>
				<top>105</top>
				<left>175</left>
				<width>363</width>
				<height>36</height>
				<align>left</align>
				<font>smallAlt</font>
				<scroll>true</scroll>
				<include>dialog_CommonListItem</include>
			</control>
			<control type="label">
				<top>155</top>
				<left>175</left>
				<width>363</width>
				<height>36</height>
				<label>Profile Directory:</label>
				<font>smallerCaps</font>
				<include>dialog_CommonListItem</include>
			</control>
			<control type="label" id="103">
				<description>profile directory value</description>
				<top>175</top>
				<left>175</left>
				<width>363</width>
				<height>36</height>
				<align>left</align>
				<font>smallAlt</font>
				<scroll>true</scroll>
				<include>dialog_CommonListItem</include>
			</control>
					
					
			<control type="grouplist" id="5">
				<description>control area</description>
				<posy>225</posy>
				<width>563</width>
				<height>240</height>
				<itemgap>0</itemgap>
				<pagecontrol>60</pagecontrol>
				<onup>28</onup>
				<ondown>28</ondown>
			</control>
		</control>
		<control type="button" id="7">
			<description>default Button</description>
			<include>dialog_Button-list</include>
		</control>
		<control type="radiobutton" id="8">
			<description>default radio button</description>
			<include>dialog_Radio</include>
		</control>
		<control type="spincontrolex" id="9">
			<description>default spin control</description>
			<include>dialog_Spin</include>
		</control>
		<control type="group" id="9001">
			<posx>34</posx>
			<!-- <posy>345</posy> -->
			<posy>365</posy>
			<!--ok-->
			<control type="button" id="28">
				<posx>280</posx>
				<label>186</label>
				<onleft>29</onleft>
				<onright>29</onright>
				<onup>5</onup>
				<ondown>5</ondown>
				<include>dialog_Button</include>
			</control>
			<!--cancel-->
			<control type="button" id="29">
				<posx>413</posx>
				<label>222</label>
				<onleft>28</onleft>
				<onright>28</onright>
				<onup>5</onup>
				<ondown>5</ondown>
				<include>dialog_Button</include>
			</control>
		</control>
	</controls>
</window>