﻿<?xml version="1.0" encoding="UTF-8"?>
<includes>
<!---INFO------>
	<include name="info_Slide">
		<control type="group">
			<include>toggle_Menu</include>
			<include>transition_Info</include>
			<include>infoDialogHide</include>
			<visible>Control.IsVisible(52) | Control.IsVisible(521) | Control.IsVisible(522)</visible>
			
			<!---info--->	
			<control type="group">
				<visible>!Container.Content(addons) + ![[Container.Content(albums) | Container.Content(singles) | Container.Content(songs) | Container.Content(artists) | Container.Content(programs)] | [SubString(Container.FolderPath,plugin://) + !Container.HasFiles + ![Container.Content(movies) | Container.Content(tvshows) | Container.Content(episodes)]] | [Container.Content(addons) + !StringCompare(Container.FolderName,$LOCALIZE[24032])]]</visible>
				<posx>220</posx>
				<posy>462</posy>
				<control type="label">
					<width>960</width>
					<label>$VAR[global_Title]</label>
					<font>titleSpecial</font>						
					<include>info_Title</include>
				</control>
				<control type="label">
					<posy>37</posy>
					<width>960</width>
					<label>$VAR[global_Info]</label>
					<font>titleSmallest</font>
					<include>info_Sub</include>
				</control>
				<control type="label">
					<posy>70</posy>
					<width>960</width>
					<label>$INFO[ListItem.Duration]</label>
					<include>info_Sub</include>
					<font>titleSmallest</font>
					<visible>Container.Content(songs)</visible>
				</control>
				<control type="textbox">
					<posy>60</posy>
					<width>960</width>
					<height>163</height>
					<label>$VAR[global_Plot.Condition]</label>
					<font>descriptionbig</font>
					<include>description_Small</include>
					<visible>!IsEmpty(ListItem.Property(ReleaseDate)) + !SubString(ListItem.Icon,default)</visible>
				</control>
			</control>
			<control type="group">
				<visible>Container.Content(albums) | Container.Content(singles) | Container.Content(songs) | Container.Content(artists)</visible>
				<posx>241</posx>
				<posy>462</posy>
				<control type="label">
					<width>960</width>
					<label>$VAR[global_Title]</label>
					<font>titleSpecial</font>						
						<include>info_Title</include>
				</control>
				<control type="label">
					<posy>34</posy>
						<width>960</width>
					<label>$VAR[global_Info]</label>
					<font>titleSmallest</font>
					<include>info_Sub</include>
					<!--<visible>!SubString(Container.FolderPath,plugin)</visible>-->
				</control>
				<control type="label">
					<posy>70</posy>
					<width>960</width>
					<label>$INFO[ListItem.Duration]</label>
					<include>info_Sub</include>
					<font>titleSmallest</font>
					<visible>Container.Content(songs)</visible>
				</control>
				
				<control type="textbox">
					<posy>60</posy>
					<width>960</width>
					<height>163</height>
					<label>$VAR[global_Plot.Condition]</label>
					<font>descriptionbig</font>
					<include>description_Small</include>
					<visible>!IsEmpty(ListItem.Property(ReleaseDate)) + !SubString(ListItem.Icon,default)</visible>
				</control>
			</control>
		</control>
	</include>
	<include name="info_SlideAddons">
		<!---info--->
		<control type="group">
			<posx>220</posx>
			<posy>462</posy>
			<include>toggle_Menu</include>
			<include>transition_Info</include>
			<visible>Control.IsVisible(522) + [Container.Content(addons) | Container.Content(programs)]</visible>
			<control type="label">
				<width>960</width>
				<label>$INFO[ListItem.Label]</label>
				<include>info_Title</include>
			</control>
			<control type="label">
				<posy>28</posy>
				<width>960</width>
				<label>$LOCALIZE[31979] $INFO[ListItem.Property(Addon.Version),, • ]$LOCALIZE[31106] $INFO[ListItem.Property(Addon.Creator)]</label>
				<include>info_Sub</include>
				<visible>!SubString(ListItem.Icon,default)</visible>
			</control>
			<control type="textbox">
				<posy>60</posy>
				<width>960</width>
				<height>100</height>
				<label>$INFO[ListItem.Property(Addon.Description)]</label>
				<include>description_Small</include>
				<visible>!SubString(ListItem.Icon,default)</visible>
			</control>
		</control>
	</include>

<!--PORTRAIT-->
	<include name="view_SlidePoster">
		<control type="fixedlist" id="52">
			<viewtype label="Slide">info</viewtype>
			<posx>-2</posx>
			<width>1450</width>
			<height>450</height>
			<onup>6000</onup>
			<ondown>72</ondown>
			<onleft>52</onleft>
			<onright>52</onright>
			<focusposition>1</focusposition>
			<pagecontrol>72</pagecontrol>
			<scrolltime tween="cubic" easing="out">200</scrolltime>
			<orientation>horizontal</orientation>
			<include>transition_Container</include>
			<include>infoDialogHide</include>
			<include>toggle_Menu</include>
			<visible>[Container.Content(movies) | Container.Content(tvshows) | Container.Content(seasons)] + !SubString(Container.FolderPath,plugin.video.hulu)</visible>
			<include condition="Window.IsVisible(videolibrary)">SlidePoster_Video</include>
		</control>
	</include>
	<include name="SlidePoster_Video">
		<itemlayout height="400" width="205">
			<control type="group">
				<control type="image">
					<posy>90</posy>
					<width>228</width>
					<height>316</height>
					<texture background="true" fallback="thumbs/tvshow_portrait.jpg">$VAR[thumb_Portrait.Condition]</texture>
					<bordertexture border="40">frames/frame_Square.png</bordertexture>
					<aspectratio align="center">stretch</aspectratio>
					<bordersize>22</bordersize>
				</control>
				<control type="image">
					<posx>174</posx>
					<posy>352</posy>
					<include condition="!Skin.HasSetting(watched.original)">overlay_UnWatched</include>
					<include condition="Skin.HasSetting(watched.original)">overlay_Resumable</include>
				</control>
			</control>
		</itemlayout>
		<focusedlayout height="400" width="205">
			<control type="group">
				<control type="image">
					<posx>-34</posx>
					<posy>43</posy>
					<width>296</width>
					<height>410</height>
					<texture background="true">$VAR[thumb_Portrait.Condition]</texture>
					<bordertexture border="40">frames/frame_Square.png</bordertexture>			
					<aspectratio align="center">stretch</aspectratio>
					<bordersize>22</bordersize>
				</control>
				<control type="image">
					<posx>208</posx>
					<posy>399</posy>
					<include condition="!Skin.HasSetting(watched.original)">overlay_UnWatched</include>
					<include condition="Skin.HasSetting(watched.original)">overlay_Resumable</include>
				</control>
			</control>
		</focusedlayout>
	</include>

<!---LANDSCAPE------>
	<include name="view_SlideLandscape">
		<control type="fixedlist" id="521">
			<viewtype label="WideSlide">biginfo</viewtype>
			<posx>-160</posx>
			<width>1440</width>
			<height>450</height>
			<onleft>521</onleft>
			<onright>521</onright>
			<onup>6000</onup>
			<ondown>72</ondown>
			<focusposition>1</focusposition>
			<pagecontrol>72</pagecontrol>
			<scrolltime tween="Cubic" easing="Out">300</scrolltime>
			<preloaditems>2</preloaditems>
			<orientation>horizontal</orientation>
			<include>transition_Container</include>
			<include>infoDialogHide</include>
			<include>toggle_Menu</include>
			<visible>[Container.Content(tvshows) | Container.Content(episodes) | Container.Content(musicvideos) | Container.Content(artists)] | [Container.Content(movies) + !SubString(Container.FolderPath,plugin://) + Container.HasFiles] | [Container.Content(files) + Container.HasFiles] + !StringCompare(Container.FolderPath,special://videoplaylists/)</visible>
			<include condition="Window.IsVisible(videolibrary)">SlideWideVideo</include>
			<include condition="Window.IsVisible(musiclibrary)">SlideWideMusic</include>
		</control>	
	</include>
	<include name="SlideWideVideo">		
		<itemlayout width="425" height="300">
			<control type="group">
				<control type="image">
					<posy>130</posy>
					<width>450</width>
					<height>272</height>
					<texture background="true">$VAR[thumb_Landscape.Condition]</texture>
					<aspectratio align="center">scale</aspectratio>
					<bordertexture border="31">frames/frame_Square_clear.png</bordertexture>
					<bordersize>22</bordersize>
				</control>
				<control type="image">
					<posx>396</posx>
					<posy>348</posy>
					<include condition="!Skin.HasSetting(watched.original)">overlay_UnWatched</include>
					<include condition="Skin.HasSetting(watched.original)">overlay_Resumable</include>
				</control>
			</control>
		</itemlayout>
		<focusedlayout width="425" height="380">
			<control type="group">
				<control type="image">
					<posx>-90</posx>
					<posy>76</posy>
					<width>630</width>
					<height>382</height>
					<texture background="true">$VAR[thumb_Landscape.Condition]</texture>
					<bordertexture border="27">frames/frame_Square_clear.png</bordertexture>
					<aspectratio align="center">scale</aspectratio>
					<bordersize>22</bordersize>
				</control>
				<control type="image">
					<posx>486</posx>
					<posy>404</posy>
					<include condition="!Skin.HasSetting(watched.original)">overlay_UnWatched</include>
					<include condition="Skin.HasSetting(watched.original)">overlay_Resumable</include>
				</control>
			</control>
		</focusedlayout>
	</include>
	<include name="SlideWideMusic">
		<itemlayout width="425" height="300">
			<control type="image">
				<posy>130</posy>
				<width>450</width>
				<height>272</height>
				<texture fallback="thumbs/artist_landscape.png" background="true">$INFO[ListItem.Property(Fanart_Image)]</texture>
				<bordertexture border="31">frames/frame_Square_clear.png</bordertexture>
				<bordersize>22</bordersize>
				<aspectratio align="center">stretch</aspectratio>
				<visible>Container.Content(artists)</visible>
			</control>
		</itemlayout>
		<focusedlayout width="425" height="300">
			<control type="image">
				<posx>-90</posx>
				<posy>76</posy>
				<width>630</width>
				<height>382</height>
				<texture fallback="thumbs/artist_landscape.png" background="true">$INFO[ListItem.Property(Fanart_Image)]</texture>
				<bordertexture border="27">frames/frame_Square_clear.png</bordertexture>
				<bordersize>22</bordersize>
				<aspectratio align="center">stretch</aspectratio>
				<visible>Container.Content(artists)</visible>
			</control>
			<!-- flags -->
			<control type="image" id="55455">
				<posx>60</posx>
				<posy>459</posy>
				<width>128</width>
				<height>64</height>
				<aspectratio align="right">keep</aspectratio>
				<texture fallback="empty">$VAR[flag_Studio]</texture>
			</control>
			<!-- logo -->
			<control type="image">
				<posx>20</posx>
				<posy>524</posy>
				<width>180</width>
				<height>64</height>
				<aspectratio align="center">keep</aspectratio>
				<texture>$VAR[art_Logo.Condition]</texture>
			</control>
		</focusedlayout>
	</include>

<!--SQUARE-->
	<include name="view_SlideSquare">
		<control type="fixedlist" id="522">
			<viewtype label="Slide">info</viewtype>
			<posx>-55</posx>
			<width>1400</width>
			<height>600</height>
			<onleft>52</onleft>
			<onright>52</onright>
			<onup>6000</onup>
			<ondown>72</ondown>
			<pagecontrol>72</pagecontrol>
			<focusposition>1</focusposition>
			<scrolltime tween="Cubic" easing="Out">300</scrolltime>
			<orientation>horizontal</orientation>
			<visible>[Container.Content(albums) | Container.Content(singles) | Container.Content(songs) | Container.Content(artists) | Container.Content(programs)] | [SubString(Container.FolderPath,plugin://) + !Container.HasFiles + ![Container.Content(movies) | Container.Content(tvshows) | Container.Content(episodes)]] | [Container.Content(addons) + !StringCompare(Container.FolderName,$LOCALIZE[24032])]</visible>
			<include>transition_Container</include>
			<include>infoDialogHide</include>
			<include>toggle_Menu</include>
			<itemlayout height="226" width="280">
				<control type="image">
					<posy>115</posy>
					<width>300</width>
					<height>300</height>
					<texture background="true">$VAR[thumb_Square.Condition]</texture>
					<bordertexture border="40">frames/frame_Square_clear.png</bordertexture>
					<bordersize>22</bordersize>
					<aspectratio>scale</aspectratio>
				</control>
			</itemlayout>
			<focusedlayout height="250" width="280">	
				<control type="image">
					<posx>-53</posx>
					<posy>62</posy>
					<width>405</width>
					<height>405</height>
					<texture background="true">$VAR[thumb_Square.Condition]</texture>
					<bordertexture border="40">frames/frame_Square_clear.png</bordertexture>
					<bordersize>22</bordersize>
					<aspectratio>scale</aspectratio>
				</control>
			</focusedlayout>
		</control>
	</include>
</includes>
