<?xml version="1.0" encoding="UTF-8"?>
<addon id="repo.disrupted" name="disrupted's Add-ons" version="1.0.0" provider-name="disrupted">
  <extension point="xbmc.addon.repository" name="disrupted's Repository">
    <info compressed="false">https://raw.github.com/disrupted/repo.disrupted/master/addons.xml</info>
    <checksum>https://raw.github.com/disrupted/repo.disrupted/master/addons.xml.md5</checksum>
    <datadir zip="true">https://raw.github.com/disrupted/repo.disrupted/master</datadir>
  </extension>
  <extension point="xbmc.addon.metadata">
    <assets>
      <icon>icon.png</icon>
    </assets>
    <summary>disrupted's add-ons</summary>
    <description>unofficial add-on repo for Kodi</description>
    <platform>all</platform>
    <website>https://github.com/disrupted/repo.disrupted</website>
  </extension>
</addon>
