﻿<?xml version="1.0" encoding="UTF-8"?>
<window type="dialog" id="1160">
	<defaultcontrol always="true">100</defaultcontrol>
	<include>dialogOpen</include>
	<coordinates>
		<system>1</system>
		<posx>240</posx>
		<posy>190</posy>
	</coordinates>
	<controls>
		<control type="image">
			<width>800</width>
			<height>442</height>
			<include>dialogWindow</include>
		</control>
		<control type="label">
			<label>$LOCALIZE[32208]</label>
			<width>762</width>
			<include>dialog_Windowtitle</include>
		</control>
		<control type="group">
			<posx>19</posx>
			<posy>75</posy>		
			<control type="image">
				<width>762</width>
				<include>dialog_Separator</include>
			</control>
			<control type="image">
				<posx>205</posx>
				<height>479</height>
				<include>dialog_Separator-y</include>
			</control>
			<control type="image">
				<posy>479</posy>
				<width>762</width>
				<include>dialog_Separator</include>
			</control>
			<!--button area--->	
			<control type="grouplist" id="100">
				<width>225</width>
				<height>480</height>
				<itemgap>0</itemgap>
				<onleft>12</onleft>
				<onright>200</onright>
				<onup>100</onup>
				<ondown>100</ondown>
				<scrolltime tween="Cubic" easing="Out">200</scrolltime>
				<control type="button" id="101">
					<width>206</width>
					<label>$LOCALIZE[32008]</label>
					<onfocus>Skin.SetString(Sub,Global)</onfocus>
					<include>dialog_Button-list</include>
				</control>
				<control type="button" id="102">
					<width>206</width>
					<label>$LOCALIZE[3]</label>
					<onfocus>Skin.SetString(Sub,Video)</onfocus>
					<selectedcolor>Selected</selectedcolor>
					<include>dialog_Button-list</include>
				</control>
				<control type="button" id="103">
					<width>206</width>
					<label>$LOCALIZE[342]</label>
					<onfocus>Skin.SetString(Sub,Movies)</onfocus>
					<include>dialog_Button-list</include>
				</control>
				<control type="button" id="104">
					<width>206</width>
					<label>$LOCALIZE[20343]</label>
					<onfocus>Skin.SetString(Sub,Shows)</onfocus>
					<include>dialog_Button-list</include>
				</control>
				<control type="button" id="105">
					<width>206</width>
					<label>$LOCALIZE[31090]</label>
					<onfocus>Skin.SetString(Sub,TV)</onfocus>
					<include>dialog_Button-list</include>
					<visible>false</visible>
				</control>
				<control type="button" id="106">
					<width>206</width>
					<label>$LOCALIZE[2]</label>
					<onfocus>Skin.SetString(Sub,Music)</onfocus>
					<include>dialog_Button-list</include>
				</control>
				<control type="button" id="107">
					<width>206</width>
					<label>$LOCALIZE[1]</label>
					<onfocus>Skin.SetString(Sub,Pictures)</onfocus>
					<include>dialog_Button-list</include>
					<visible>false</visible>
				</control>
				<control type="button" id="108">
					<width>206</width>
					<label>$LOCALIZE[24001]</label>
					<onfocus>Skin.SetString(Sub,Addons)</onfocus>
					<include>dialog_Button-list</include>
				</control>
				<control type="button" id="109">
					<width>206</width>
					<label>$LOCALIZE[5]</label>
					<onfocus>Skin.SetString(Sub,System)</onfocus>
					<include>dialog_Button-list</include>
					<visible>false</visible>
				</control>
				<control type="button" id="110">
					<width>206</width>
					<label>$LOCALIZE[1036]</label>
					<onfocus>Skin.SetString(Sub,Favourites)</onfocus>
					<include>dialog_Button-list</include>
					<visible>false</visible>
				</control>
				<control type="button" id="111">
					<width>206</width>
					<label>$LOCALIZE[31955]</label>
					<onfocus>Skin.SetString(Sub,Disc)</onfocus>
					<include>dialog_Button-list</include>
					<visible>false</visible>
				</control>
				<control type="button" id="112">
					<width>206</width>
					<label>$LOCALIZE[400]</label>
					<onfocus>Skin.SetString(Sub,Weather)</onfocus>
					<include>dialog_Button-list</include>
				</control>
				<control type="button" id="113">
					<width>206</width>
					<label>$LOCALIZE[32215]</label>
					<onfocus>Skin.SetString(Sub,Playing)</onfocus>
					<include>dialog_Button-list</include>
				</control>
			</control>

			<!--control area-->	
			<control type="group">
				<!--global submenu-->
				<control type="grouplist" id="200">
					<posx>206</posx>
					<width>557</width>
					<height>480</height>
					<onleft>100</onleft>
					<onright>10</onright>
					<onup>200</onup>
					<ondown>200</ondown>
					<itemgap>0</itemgap>
					<visible>Skin.String(Sub,Global)</visible>
					<!--widgets-->
					<control type="radiobutton" id="201">
						<width>557</width>
						<label>$LOCALIZE[32049]</label>
						<onclick>Skin.ToggleSetting(home.widgets)</onclick>
						<selected>Skin.HasSetting(home.widgets)</selected>
						<include>dialog_Radio</include>
					</control>
					<!--Light Opacity-->
					<control type="radiobutton" id="202">
						<width>557</width>
						<label>$LOCALIZE[32025]</label>
						<onclick>Skin.ToggleSetting(home.widgets.lightopacity)</onclick>
						<onclick>Skin.ToggleSetting(home.widgets.medopacity)</onclick>
						<selected>Skin.HasSetting(home.widgets.lightopacity)</selected>
						<include>dialog_Radio</include>
					</control>
					<!--Medium Opacity-->
					<control type="radiobutton" id="203">
						<width>557</width>
						<label>$LOCALIZE[32026]</label>
						<onclick>Skin.ToggleSetting(home.widgets.medopacity)</onclick>
						<onclick>Skin.ToggleSetting(home.widgets.lightopacity)</onclick>
						<selected>!Skin.HasSetting(home.widgets.medopacity)</selected>
						<include>dialog_Radio</include>
					</control>
					<!--Remove Fanart-->
					<control type="radiobutton" id="204">
						<width>557</width>
						<label>$LOCALIZE[32100]</label>
						<onclick>Skin.ToggleSetting(home.widgets.nofanart)</onclick>
						<selected>Skin.HasSetting(home.widgets.nofanart)</selected>
						<include>dialog_Radio</include>
					</control>
					<!--Show Widgets when pressing right
					<control type="radiobutton" id="205">
						<width>557</width>
						<label>$LOCALIZE[32101]</label>
						<onclick>Skin.ToggleSetting(home.widgets.pressright)</onclick>
						<selected>Skin.HasSetting(home.widgets.pressright)</selected>
						<include>dialog_Radio</include>
					</control>-->
				</control>
				<!--video submenu-->
				<control type="grouplist" id="200">
					<posx>206</posx>
					<width>557</width>
					<height>480</height>
					<onleft>100</onleft>
					<onright>10</onright>
					<onup>200</onup>
					<ondown>200</ondown>
					<itemgap>0</itemgap>
					<visible>Skin.String(Sub,Video)</visible>
					<scrolltime tween="Cubic" easing="Out">200</scrolltime>
					<!--Disable Movies + TV Shows Widget-->
					<control type="radiobutton" id="201">
						<width>557</width>
						<label>$LOCALIZE[32211]</label>
						<onclick>Skin.ToggleSetting(home.widgets.tvmovies)</onclick>
						<selected>Skin.HasSetting(home.widgets.tvmovies)</selected>
						<include>dialog_Radio</include>
					</control>
					<!--Use Posters-->
					<control type="radiobutton" id="206">
						<width>557</width>
						<label>$LOCALIZE[32206]</label>
						<onclick>Skin.ToggleSetting(home.widgets.fanartmovies.tvmovies)</onclick>
						<selected>Skin.HasSetting(home.widgets.fanartmovies.tvmovies)</selected>
						<include>dialog_Radio</include>
					</control>
					<!--Use Fanart-->
					<control type="radiobutton" id="207">
						<width>557</width>
						<width>557</width>
						<label>$LOCALIZE[32214]</label>
						<onclick>Skin.ToggleSetting(home.widgets.posterstv.tvmovies)</onclick>
						<selected>Skin.HasSetting(home.widgets.posterstv.tvmovies)</selected>
						<include>dialog_Radio</include>
					</control>
				</control>
				<!--movies submenu-->
				<control type="grouplist" id="200">
					<posx>206</posx>
					<width>557</width>
					<height>480</height>
					<onleft>100</onleft>
					<onright>10</onright>
					<onup>200</onup>
					<ondown>200</ondown>
					<itemgap>0</itemgap>
					<visible>Skin.String(Sub,Movies)</visible>
					<!--Disable Movies Widget-->
					<control type="radiobutton" id="201">
						<width>557</width>
						<label>$LOCALIZE[32201]</label>
						<onclick>Skin.ToggleSetting(home.widgets.movies)</onclick>
						<selected>Skin.HasSetting(home.widgets.movies)</selected>
						<include>dialog_Radio</include>
					</control>
					<!--Recommended Widgets-->
					<control type="radiobutton" id="204">
						<width>557</width>
						<label>$LOCALIZE[32050]</label>
						<onclick>Skin.ToggleSetting(home.widgets.watchlist.movies)</onclick>
						<onclick>Skin.Reset(home.widgets.watchlistrecent.movies)</onclick>
						<onclick>Skin.Reset(home.widgets.watchlistposters.movies)</onclick>
						<selected>Skin.HasSetting(home.widgets.watchlist.movies)</selected>
						<include>dialog_Radio</include>
					</control>
					<!--Use Posters-->
					<control type="radiobutton" id="205">
						<width>557</width>
						<label>$LOCALIZE[32209]</label>
						<onclick>Skin.ToggleSetting(home.widgets.posters.movies)</onclick>
						<onclick>Skin.ToggleSetting(home.widgets.fanart.movies)</onclick>
						<selected>!Skin.HasSetting(home.widgets.posters.movies)</selected>
						<visible>!Skin.HasSetting(home.widgets.watchlistrecent.movies)</visible>
						<include>dialog_Radio</include>
					</control>
					<!--Use Fanart-->
					<control type="radiobutton" id="207">
						<width>557</width>
						<label>$LOCALIZE[32210]</label>
						<onclick>Skin.ToggleSetting(home.widgets.fanart.movies)</onclick>
						<onclick>Skin.ToggleSetting(home.widgets.posters.movies)</onclick>
						<selected>Skin.HasSetting(home.widgets.fanart.movies)</selected>
						<visible>!Skin.HasSetting(home.widgets.watchlistrecent.movies)</visible>
						<include>dialog_Radio</include>
					</control>
					<!--Use both Recommended and Recent Items-->
					<control type="radiobutton" id="209">
						<width>557</width>
						<label>$LOCALIZE[32056]</label>
						<onclick>Skin.ToggleSetting(home.widgets.watchlistrecent.movies)</onclick>
						<onclick>Skin.Reset(home.widgets.watchlist.movies)</onclick>
						<selected>Skin.HasSetting(home.widgets.watchlistrecent.movies)</selected>
						<include>dialog_Radio</include>
					</control>
				</control>
				<!--tv shows submenu-->
				<control type="grouplist" id="200">
					<posx>206</posx>
					<width>557</width>
					<height>480</height>
					<onleft>100</onleft>
					<onright>10</onright>
					<onup>200</onup>
					<ondown>200</ondown>
					<itemgap>0</itemgap>
					<visible>Skin.String(Sub,Shows)</visible>
					<!--TV Shows-->
					<control type="radiobutton" id="203">
						<width>557</width>
						<label>$LOCALIZE[32200]</label>
						<onclick>Skin.ToggleSetting(home.widgets.tvshows)</onclick>
						<selected>Skin.HasSetting(home.widgets.tvshows)</selected>
						<include>dialog_Radio</include>
					</control>
					<!--Recommended Widgets-->
					<control type="radiobutton" id="204">
						<width>557</width>
						<label>$LOCALIZE[32050]</label>
						<onclick>Skin.ToggleSetting(home.widgets.watchlist.tvshows)</onclick>
						<onclick>Skin.Reset(home.widgets.watchlistrecent.tvshows)</onclick>
						<selected>Skin.HasSetting(home.widgets.watchlist.tvshows)</selected>
						<include>dialog_Radio</include>
					</control>
					<!--Use Posters-->
					<control type="radiobutton" id="205">
						<width>557</width>
						<label>$VAR[tvshows_posters]</label>
						<onclick>Skin.ToggleSetting(home.widgets.posters.tvshows)</onclick>
						<onclick>Skin.Reset(home.widgets.fanart.tvshows)</onclick>
						<selected>Skin.HasSetting(home.widgets.posters.tvshows)</selected>
						<include>dialog_Radio</include>
						<enable>!Skin.HasSetting(home.widgets.watchlistrecent.tvshows)</enable>
					</control>
					<!--Use Fanart-->
					<control type="radiobutton" id="206">
						<width>557</width>
						<label>$VAR[tvshows_fanart]</label>
						<onclick>Skin.ToggleSetting(home.widgets.fanart.tvshows)</onclick>
						<onclick>Skin.Reset(home.widgets.posters.tvshows)</onclick>
						<selected>Skin.HasSetting(home.widgets.fanart.tvshows)</selected>
						<include>dialog_Radio</include>
						<enable>!Skin.HasSetting(home.widgets.watchlistrecent.tvshows)</enable>
					</control>
					<!--Use both Recommended and Recent Items-->
					<control type="radiobutton" id="207">
						<width>557</width>
						<label>$LOCALIZE[32056]</label>
						<onclick>Skin.ToggleSetting(home.widgets.watchlistrecent.tvshows)</onclick>
						<onclick>Skin.Reset(home.widgets.watchlist.tvshows)</onclick>
						<selected>Skin.HasSetting(home.widgets.watchlistrecent.tvshows)</selected>
						<include>dialog_Radio</include>
					</control>
					<!--Use Posters-->
					<control type="radiobutton" id="208">
						<width>557</width>
						<label>$LOCALIZE[32059]</label>
						<onclick>Skin.ToggleSetting(home.widgets.watchlistpostersdouble)</onclick>
						<selected>Skin.HasSetting(home.widgets.watchlistpostersdouble)</selected>
						<include>dialog_Radio</include>
						<enable>Skin.HasSetting(home.widgets.watchlistrecent.tvshows)</enable>
					</control>
					<!--Use Fanart-->
					<control type="radiobutton" id="209">
						<width>557</width>
						<label>$LOCALIZE[32205]</label>
						<onclick>Skin.ToggleSetting(home.widgets.recentpostersdouble)</onclick>
						<selected>Skin.HasSetting(home.widgets.recentpostersdouble)</selected>
						<include>dialog_Radio</include>
						<enable>Skin.HasSetting(home.widgets.watchlistrecent.tvshows)</enable>
					</control>
					
				</control>
				<!--livetv submenu-->
				<control type="grouplist" id="200">
					<posx>206</posx>
					<width>557</width>
					<height>480</height>
					<onleft>100</onleft>
					<onright>10</onright>
					<onup>200</onup>
					<ondown>200</ondown>
					<itemgap>0</itemgap>
					<visible>System.GetBool(pvrmanager.enabled) + Skin.String(Sub,TV)</visible>
				</control>
				<!--music submenu-->
				<control type="grouplist" id="200">
					<posx>206</posx>
					<width>557</width>
					<height>480</height>
					<onleft>100</onleft>
					<onright>10</onright>
					<onup>200</onup>
					<ondown>200</ondown>
					<itemgap>0</itemgap>
					<visible>Skin.String(Sub,Music)</visible>
					<!--Disable Music Widget-->
					<control type="radiobutton" id="203">
						<width>557</width>
						<label>$LOCALIZE[32202]</label>
						<onclick>Skin.ToggleSetting(home.widgets.music)</onclick>
						<selected>Skin.HasSetting(home.widgets.music)</selected>
						<include>dialog_Radio</include>
					</control>
					<control type="radiobutton" id="204">
						<width>557</width>
						<label>$LOCALIZE[32219]</label>
						<onclick>Skin.ToggleSetting(home.widgets.music.recommended)</onclick>
						<selected>Skin.HasSetting(home.widgets.music.recommended)</selected>
						<include>dialog_Radio</include>
					</control>
				</control>
				<!--pictures submenu-->
				<control type="grouplist" id="200">
					<posx>206</posx>
					<width>557</width>
					<height>480</height>
					<onleft>100</onleft>
					<onright>10</onright>
					<onup>200</onup>
					<ondown>200</ondown>
					<itemgap>0</itemgap>
					<visible>Skin.String(Sub,Pictures)</visible>
				</control>
				<!--addons submenu-->
				<control type="grouplist" id="200">
					<posx>206</posx>
					<width>557</width>
					<height>480</height>
					<onleft>100</onleft>
					<onright>10</onright>
					<onup>200</onup>
					<ondown>200</ondown>
					<itemgap>0</itemgap>
					<visible>Skin.String(Sub,Addons)</visible>
					<!--Disable Addons Widget-->
					<control type="radiobutton" id="203">
						<width>557</width>
						<label>$LOCALIZE[32203]</label>
						<onclick>Skin.ToggleSetting(home.widgets.addons)</onclick>
						<selected>Skin.HasSetting(home.widgets.addons)</selected>
						<include>dialog_Radio</include>
					</control>
					<!--Recent Addons
					<control type="radiobutton" id="204">
						<width>557</width>
						<label>$LOCALIZE[32218]</label>
						<onclick>Skin.ToggleSetting(home.widgets.addons.recent)</onclick>
						<selected>Skin.HasSetting(home.widgets.addons.recent)</selected>
						<include>dialog_Radio</include>
					</control>-->
				</control>
				<!--system submenu-->
				<control type="grouplist" id="200">
					<posx>206</posx>
					<width>557</width>
					<height>480</height>
					<onleft>100</onleft>
					<onright>10</onright>
					<onup>200</onup>
					<ondown>200</ondown>
					<itemgap>0</itemgap>
					<visible>Skin.String(Sub,System)</visible>
				</control>
				<!--favourites submenu-->
				<control type="grouplist" id="200">
					<posx>206</posx>
					<width>557</width>
					<height>480</height>
					<onleft>100</onleft>
					<onright>10</onright>
					<onup>200</onup>
					<ondown>200</ondown>
					<itemgap>0</itemgap>
					<visible>Skin.String(Sub,Favourites)</visible>
				</control>
				<!--disc submenu-->
				<control type="grouplist" id="200">
					<posx>206</posx>
					<width>557</width>
					<height>480</height>
					<onleft>100</onleft>
					<onright>10</onright>
					<onup>200</onup>
					<ondown>200</ondown>
					<itemgap>0</itemgap>
					<visible>Skin.String(Sub,Disc)</visible>
				</control>
				<!--weather submenu-->
				<control type="grouplist" id="200">
					<posx>206</posx>
					<width>557</width>
					<height>480</height>
					<onleft>100</onleft>
					<onright>10</onright>
					<onup>200</onup>
					<ondown>200</ondown>
					<itemgap>0</itemgap>
					<visible>Skin.String(Sub,Weather)</visible>
					<!--Disable Weather Widget-->
					<control type="radiobutton" id="201">
						<width>557</width>
						<label>$LOCALIZE[32204]</label>
						<onclick>Skin.ToggleSetting(home.widgets.weather)</onclick>
						<selected>Skin.HasSetting(home.widgets.weather)</selected>
						<include>dialog_Radio</include>
					</control>
				</control>
				<!--now playing submenu-->
				<control type="grouplist" id="200">
					<posx>206</posx>
					<width>557</width>
					<height>480</height>
					<onleft>100</onleft>
					<onright>10</onright>
					<onup>200</onup>
					<ondown>200</ondown>
					<itemgap>0</itemgap>
					<visible>Skin.String(Sub,Playing)</visible>
					<!--Enable Now Playing Widget-->
					<control type="radiobutton" id="201">
						<width>557</width>
						<label>$LOCALIZE[32216]</label>
						<onclick>Skin.ToggleSetting(home.widgets.nowplaying)</onclick>
						<selected>Skin.HasSetting(home.widgets.nowplaying)</selected>
						<include>dialog_Radio</include>
					</control>
					<control type="radiobutton" id="202">
						<width>557</width>
						<label>$LOCALIZE[32217]</label>
						<onclick>Skin.ToggleSetting(home.widgets.nowplaying.clearart)</onclick>
						<onclick>Skin.Reset(home.widgets.nowplaying.clearlogo)</onclick>
						<onclick>Skin.Reset(home.widgets.nowplaying.poster)</onclick>
						<selected>Skin.HasSetting(home.widgets.nowplaying.clearart)</selected>
						<include>dialog_Radio</include>
					</control>
					<control type="radiobutton" id="203">
						<width>557</width>
						<label>Enable TV Show Clearlogo</label>
						<onclick>Skin.ToggleSetting(home.widgets.nowplaying.clearlogo)</onclick>
						<onclick>Skin.Reset(home.widgets.nowplaying.clearart)</onclick>
						<onclick>Skin.Reset(home.widgets.nowplaying.poster)</onclick>
						<selected>Skin.HasSetting(home.widgets.nowplaying.clearlogo)</selected>
						<include>dialog_Radio</include>
					</control>
					<control type="radiobutton" id="204">
						<width>557</width>
						<label>Enable TV Show Poster</label>
						<onclick>Skin.ToggleSetting(home.widgets.nowplaying.poster)</onclick>
						<onclick>Skin.Reset(home.widgets.nowplaying.clearart)</onclick>
						<onclick>Skin.Reset(home.widgets.nowplaying.clearlogo)</onclick>
						<selected>Skin.HasSetting(home.widgets.nowplaying.poster)</selected>
						<include>dialog_Radio</include>
					</control>
				</control>
			</control>
		</control>
		<!--ok-->
		<control type="button" id="10">
			<posx>645</posx>
			<posy>569</posy>
			<label>$LOCALIZE[186]</label>
			<onup>200</onup>
			<onleft>100</onleft>
			<onright>11</onright>
			<ondown>311</ondown>
			<onclick>Close</onclick>
			<include>dialog_Button</include>
		</control>
	</controls>
</window>
