﻿<?xml version="1.0" encoding="UTF-8"?>
<window id="63">
	<defaultcontrol always="true">52</defaultcontrol>
	<allowoverlay>yes</allowoverlay>
	
	<controls>
	<!---fanart------>
		<control type="image">
			<include>screen_Dimensions</include>
			<texture background="true">$INFO[Container(52).ListItem.Property(Fanart)]</texture>
			<include>transition_Fanart</include>
			<fadetime>fadetime_Fanart</fadetime>
			<visible>Control.HasFocus(52) + Skin.HasSetting(fanart.global) + !IsEmptyContainer(52).ListItem.Property(Fanart)) + ![Player.HasVideo + Skin.HasSetting(backgroundvideo.global)]</visible>
		</control>
	<!---includes------>
		<include>global_Background</include>
		<include>global_Includes</include>
		<include>PageControls</include>
	<!---window title--->
		<control type="label">
			<label>$LOCALIZE[20343] [COLOR=Color2]$LOCALIZE[32052][/COLOR]</label>
			<include>windowTitle</include>
			<visible>Skin.String(Watchlist,Shows)</visible>
		</control>
		<control type="label">
			<label>$LOCALIZE[342] [COLOR=Color2]$LOCALIZE[32052][/COLOR]</label>
			<include>windowTitle</include>
			<visible>Skin.String(Watchlist,Movies)</visible>
		</control>
	<!---item count------>
		<control type="label">
			<label>[B]$INFO[Container(52).NumItems][/B] $LOCALIZE[31116]</label>
			<include>custom_Itemcount</include>
		</control>
	<!--slide------>
		<control type="group">
			<include>transition_Container</include>
			<include>toggle_Menu</include>
			<control type="fixedlist" id="52">
				<viewtype label="Slide">info</viewtype>
				<posx>-210</posx>
				<posy>90</posy>
				<width>1660</width>
				<height>425</height>
				<onup>6000</onup>
				<onleft>52</onleft>
				<onright>52</onright>
				<focusposition>2</focusposition>
				<scrolltime tween="Cubic" easing="Out">400</scrolltime>
				<orientation>horizontal</orientation>
				<include>transition_Container</include>
				<include>infoDialogHide</include>
				<include>toggle_Menu</include>
				<itemlayout condition="Skin.String(Watchlist,Movies) | Skin.String(Watchlist,Shows)" height="400" width="205">
					<control type="group">
						<control type="image">
							<width>228</width>
							<height>316</height>
							<texture background="true">$INFO[ListItem.Icon]</texture>
							<bordertexture border="40">frames/frame_Square.png</bordertexture>
							<aspectratio align="center">stretch</aspectratio>
							<bordersize>22</bordersize>
						</control>
						<control type="group">
							<posx>22</posx>
							<posy>22</posy>
							<visible>![IsEmpty(ListItem.Property(Latest1) | IsEmpty(ListItem.Property(Latest2) | IsEmpty(ListItem.Property(Latest3) | IsEmpty(ListItem.Property(Latest4)]</visible>
							<control type="image">
								<width>93</width>
								<height>137</height>
								<texture background="true">$INFO[ListItem.Property(Latest1)]</texture>
								<aspectratio align="center">stretch</aspectratio>
							</control>
							<control type="image">
								<posy>137</posy>
								<width>93</width>
								<height>137</height>
								<texture background="true">$INFO[ListItem.Property(Latest3)]</texture>
								<aspectratio align="center">stretch</aspectratio>
							</control>
							<control type="image">
								<posx>93</posx>
								<width>93</width>
								<height>137</height>
								<texture background="true">$INFO[ListItem.Property(Latest2)]</texture>
								<aspectratio align="center">stretch</aspectratio>
							</control>
							<control type="image">
								<posx>93</posx>
								<posy>137</posy>
								<width>93</width>
								<height>137</height>
								<texture background="true">$INFO[ListItem.Property(Latest4)]</texture>
								<aspectratio align="center">stretch</aspectratio>
							</control>
						</control>
						<control type="group">
							<posx>174</posx>
							<posy>262</posy>
							<control type="image">
								<include condition="Skin.HasSetting(watched.original)">overlay_UnWatchedOriginal</include>
								<include condition="!Skin.HasSetting(watched.original)">overlay_UnWatched</include>
								<visible>!Skin.HasSetting(watched.alternative)</visible>
							</control>
							<control type="image">
								<width>32</width>
								<height>32</height>
								<texture>overlays/OverlayResumable.png</texture>
								<aspect>keepaspect</aspect>
								<visible>Skin.HasSetting(watched.original) + SubString(ListItem.Property(Progress),True) + !Skin.HasSetting(watched.alternative)</visible>
							</control>
						</control>
						<control type="group">
							<posx>174</posx>
							<posy>262</posy>
							<visible>Skin.HasSetting(watched.alternative)</visible>
							<control type="image">
								<info>ListItem.Overlay</info>
							</control>
						</control>
					</control>
				</itemlayout>
				<focusedlayout condition="Skin.String(Watchlist,Movies) | Skin.String(Watchlist,Shows)" height="400" width="205">
					<control type="group">
						<include>focus_SlidePoster</include>
						<control type="image">
							<width>228</width>
							<height>316</height>
							<texture background="true">$INFO[ListItem.Icon]</texture>
							<bordertexture border="40">frames/frame_Square.png</bordertexture>
							<aspectratio align="center">stretch</aspectratio>
							<bordersize>22</bordersize>
						</control>
						<control type="group">
							<posx>22</posx>
							<posy>22</posy>
							<visible>![IsEmpty(ListItem.Property(Latest1) | IsEmpty(ListItem.Property(Latest2) | IsEmpty(ListItem.Property(Latest3) | IsEmpty(ListItem.Property(Latest4)]</visible>
							<control type="image">
								<width>93</width>
								<height>137</height>
								<texture background="true">$INFO[ListItem.Property(Latest1)]</texture>
								<aspectratio align="center">stretch</aspectratio>
							</control>
							<control type="image">
								<posy>137</posy>
								<width>93</width>
								<height>137</height>
								<texture background="true">$INFO[ListItem.Property(Latest3)]</texture>
								<aspectratio align="center">stretch</aspectratio>
							</control>
							<control type="image">
								<posx>93</posx>
								<width>93</width>
								<height>137</height>
								<texture background="true">$INFO[ListItem.Property(Latest2)]</texture>
								<aspectratio align="center">stretch</aspectratio>
							</control>
							<control type="image">
								<posx>93</posx>
								<posy>137</posy>
								<width>93</width>
								<height>137</height>
								<texture background="true">$INFO[ListItem.Property(Latest4)]</texture>
								<aspectratio align="center">stretch</aspectratio>
							</control>
						</control>
						<control type="group">
							<posx>174</posx>
							<posy>262</posy>
							<control type="image">
								<include condition="Skin.HasSetting(watched.original)">overlay_UnWatchedOriginal</include>
								<include condition="!Skin.HasSetting(watched.original)">overlay_UnWatched</include>
								<visible>!Skin.HasSetting(watched.alternative)</visible>
							</control>
							<control type="image">
								<width>32</width>
								<height>32</height>
								<texture>overlays/OverlayResumable.png</texture>
								<aspect>keepaspect</aspect>
								<visible>Skin.HasSetting(watched.original) + SubString(ListItem.Property(Progress),True) + !Skin.HasSetting(watched.alternative)</visible>
							</control>
						</control>
						<control type="group">
							<posx>174</posx>
							<posy>262</posy>
							<visible>Skin.HasSetting(watched.alternative)</visible>
							<control type="image">
								<info>ListItem.Overlay</info>
							</control>
						</control>
					</control>
				</focusedlayout>
				<include condition="Skin.String(Watchlist,Shows)">watchlist_Shows</include>
				<include condition="Skin.String(Watchlist,Movies)">watchlist_Movies</include>
			</control>
		<!---info------>
			<control type="group">
				<!---flags--->
				<control type="group">
					<posx>60</posx>
					<posy>550</posy>
					<control type="image" id="78">
						<width>128</width>
						<height>64</height>
						<aspectratio align="right">keep</aspectratio>
						<texture fallback="empty">$INFO[Container(52).Listitem.Property(Studio),flags/studios/,.png]</texture>
						<visible>Skin.String(Watchlist,Movies)</visible>
					</control>
					<control type="image" id="79">
						<width>128</width>
						<height>64</height>
						<aspectratio align="right">keep</aspectratio>
						<texture fallback="empty">$INFO[Container(52).Listitem.Property(Studio),flags/networks/,.png]</texture>
						<visible>[Skin.String(Watchlist,Shows)]</visible>
					</control>
					<control type="image" id="799">
						<width>128</width>
						<height>64</height>
						<aspectratio align="right">keep</aspectratio>
						<texture fallback="empty">$INFO[Container(52).Listitem.Property(Studio),flags/studios/,.png]</texture>
						<visible>StringCompare(Control.GetLabel(79),empty) + [Skin.String(Watchlist,Shows)]</visible>
					</control>
				</control>
				<control type="group">
					<posx>220</posx>
					<posy>462</posy>
					<control type="label">
						<width>960</width>
						<label>$INFO[Container(52).ListItem(0).Label][COLOR=Color3]$INFO[Container(52).ListItem.Property(Title),: ][/COLOR]</label>
						<font>titleSpecial</font>						
						<include>info_Title</include>
					</control>
					<control type="label">
						<posy>34</posy>
						<width>960</width>
						<label>$INFO[Container(52).ListItem.Property(Node)]$INFO[Container(52).ListItem.Property(Year)]$INFO[Container(52).ListItem(0).Label2, • ]$INFO[Container(52).ListItem.Property(Info), • ]</label>
						<font>titleSmallest</font>						
						<include>info_Sub</include>
						<visible>Skin.String(Watchlist,Movies)</visible>
					</control>
					<control type="label">
						<posy>34</posy>
						<width>960</width>
						<label>$INFO[Container(52).ListItem.Property(Node)]$INFO[Container(52).ListItem(0).Label2]</label>
						<font>titleSmallest</font>						
						<include>info_Sub</include>
						<visible>Skin.String(Watchlist,Shows)</visible>
					</control>
					<control type="textbox">
						<posy>60</posy>
						<width>960</width>
						<height>134</height>
						<label>$INFO[Container(52).ListItem.Property(Plot)]</label>
						<font>descriptionbig</font>
						<include>description_Small</include>
					</control>
					<control type="image">
						<posy>205</posy>
						<width>128</width>
						<height>32</height>
						<texture>$VAR[custom_Rating.Info]</texture>
						<aspectratio align="center">keep</aspectratio>
						<visible>IsEmpty(Container(52).ListItem.Property(Node))</visible>
					</control>
				</control>
			</control>
		</control>
	</controls>
</window>
