﻿<?xml version="1.0" encoding="UTF-8"?>
<window id="10140">
	<defaultcontrol always="true">20</defaultcontrol>
	<include>dialogOpen</include>
	<coordinates>
		<system>1</system>
		<posx>340</posx>
		<posy>110</posy>
	</coordinates>
	<controls>
		<control type="group">
			<control type="image">
				<width>600</width>
				<height>490</height>
				<include>dialogWindow</include>
			</control>
			<control type="label" id="1">
				<width>532</width>
				<label>$LOCALIZE[35000]</label>
				<include>dialog_Windowtitle</include>
			</control>
			<control type="group">
				<posx>19</posx>
				<posy>75</posy>
				<control type="image">
					<width>563</width>
					<include>dialog_Separator</include>
				</control>
				<control type="list" id="20">
					<width>563</width>
					<height>320</height>
					<onup>20</onup>
					<ondown>20</ondown>
					<onleft>10</onleft>
					<onright>11</onright>
					<scrolltime tween="Cubic" easing="Out">200</scrolltime>
					<itemlayout height="40">
						<control type="image">
							<width>563</width>
							<height>40</height>
							<texture>dialogs/list-nofocus.png</texture>
						</control>
						<control type="label">
							<width>573</width>
							<label>$INFO[ListItem.Label]</label>
							<include>dialog_CommonListItem</include>
						</control>
					</itemlayout>
					<focusedlayout height="40">
						<control type="image">
							<width>563</width>
							<height>40</height>
							<texture>dialogs/list-focus.png</texture>
						</control>
						<control type="label">
							<width>573</width>
							<label>$INFO[ListItem.Label]</label>
							<include>dialog_CommonListItemFocus</include>
						</control>
					</focusedlayout>
				</control>
				<control type="image">
					<posy>320</posy>
					<width>563</width>
					<include>dialog_Separator</include>
				</control>
			</control>
		<!---dialog buttons--->
			<control type="group" id="9001">
				<posx>34</posx>
				<posy>415</posy>
				<!--settings-->
				<control type="button" id="10">
					<label>5</label>
					<onup>20</onup>
					<onleft>11</onleft>
					<onright>11</onright>
					<ondown>9</ondown>
					<include>dialog_Button</include>
				</control>
				<!--close-->
				<control type="button" id="11">
					<posx>413</posx>
					<label>186</label>
					<onup>20</onup>
					<onleft>10</onleft>
					<onright>10</onright>
					<ondown>9</ondown>
					<include>dialog_Button</include>
				</control>
			</control>
		</control>
	</controls>
</window>