﻿<?xml version="1.0" encoding="UTF-8"?>
<window id="610">
	<defaultcontrol always="true">11</defaultcontrol>
	<include>dialogOpen</include>
	<coordinates>
		<system>1</system>
		<posx>290</posx>
		<posy>270</posy>
	</coordinates>
	<include>clock</include>
	<controls>
		<control type="group">
			<control type="image">
				<width>700</width>
				<height>410</height>
				<include>dialogWindow</include>
			</control>
			<control type="label" id="1">
				<width>662</width>
				<scroll>true</scroll>
				<label>$INFO[VideoPlayer.ChannelName]</label>
				<include>dialog_Windowtitle</include>
				<visible>pvr.IsPlayingTV</visible>
			</control>
			<control type="label" id="1">
				<posy>62</posy>
				<width>662</width>
				<label>$INFO[Container(11).ListItem.StartDate]</label>
				<include>dialog_Line</include>
			</control>
			<control type="image">
				<posx>19</posx>
				<posy>95</posy>
				<width>662</width>
				<include>dialog_Separator</include>
			</control>
			<control type="image">
				<posx>138</posx>
				<posy>96</posy>
				<height>263</height>
				<include>dialog_Separator-y</include>
			</control>
			<control type="list" id="11">
				<posx>19</posx>
				<posy>95</posy>
				<width>663</width>
				<height>264</height>
				<onleft>5</onleft>
				<onright>5</onright>
				<onup>3</onup>
				<ondown>3</ondown>
				<scrolltime>200</scrolltime>
				<itemlayout width="663" height="44">
					<control type="image">
						<width>663</width>
						<height>44</height>
						<texture border="3">dialogs/list-nofocus.png</texture>
					</control>
					<control type="label">
						<posx>108</posx>
						<width>128</width>
						<height>40</height>
						<label>$INFO[ListItem.StartTime]</label>
						<font>smallCaps</font>
						<align>right</align>
						<aligny>center</aligny>
						<include>dialog_CommonListItem</include>
					</control>
					<control type="label">
						<posx>130</posx>
						<height>40</height>
						<width>520</width>
						<label>$INFO[ListItem.Title]</label>
						<font>smallAlt</font>
						<include>dialog_CommonListItem</include>
					</control>
					<control type="group">
						<posx>625</posx>
						<posy>11</posy>
						<control type="image">
							<texture>pvr/status_none.png</texture>
							<visible>![ListItem.HasTimer + ListItem.IsRecording]</visible>
							<include>dialog_PVRstatus</include>
						</control>
						<control type="image">
							<texture>pvr/status_timer.png</texture>
							<visible>ListItem.HasTimer</visible>
							<include>dialog_PVRstatus</include>
						</control>
						<control type="image">
							<texture>pvr/status_recording.png</texture>
							<visible>ListItem.IsRecording</visible>
							<include>dialog_PVRstatus</include>
						</control>
					</control>
				</itemlayout>
				<focusedlayout width="663" height="44">
					<control type="image">
						<width>663</width>
						<height>44</height>
						<texture>dialogs/list-focus.png</texture>
					</control>
					<control type="label">
						<posx>108</posx>
						<width>128</width>
						<height>40</height>
						<label>$INFO[ListItem.StartTime]</label>
						<font>smallCaps</font>
						<align>right</align>
						<aligny>center</aligny>
						<include>dialog_CommonListItemFocus</include>
					</control>
					<control type="label">
						<posx>130</posx>
						<height>40</height>
						<width>520</width>
						<label>$INFO[ListItem.Title]</label>
						<font>smallAlt</font>
						<include>dialog_CommonListItemFocus</include>
					</control>
					<control type="group">
						<posx>625</posx>
						<posy>11</posy>
						<control type="image">
							<texture>pvr/status_none.png</texture>
							<visible>![ListItem.HasTimer + ListItem.IsRecording]</visible>
							<include>dialog_PVRstatus-focus</include>
						</control>
						<control type="image">
							<texture>pvr/status_timer.png</texture>
							<visible>ListItem.HasTimer</visible>
							<include>dialog_PVRstatus-focus</include>
						</control>
						<control type="image">
							<texture>pvr/status_recording.png</texture>
							<visible>ListItem.IsRecording</visible>
							<include>dialog_PVRstatus-focus</include>
						</control>
					</control>
				</focusedlayout>
			</control>
			<control type="scrollbar" id="60">
				<visible>false</visible>
			</control>
			<control type="label">
				<visible>false</visible>
			</control>
		</control>
	</controls>
</window>