﻿<?xml version="1.0" encoding="UTF-8"?>
<window type="dialog" id="111">
	<defaultcontrol always="true">500</defaultcontrol>
	<coordinates>
		<system>1</system>
		<posx>0</posx>
		<posy>0</posy>
	</coordinates>
	<controls>
		<control type="image">
			<include>screen_Dimensions</include>
			<texture background="true">overlays/vignette.png</texture>
			<animation effect="fade" time="1000" delay="700">WindowOpen</animation>
			<animation effect="fade" time="500">WindowClose</animation>
		</control>
		<control type="group">
			<posx>460</posx>
			<posy>182</posy>
			<include>dialogOpen</include>
			<control type="image" id="997">
				<width>360</width>
				<!-- <height>396</height> -->
				<height>236</height>
				<texture border="20">dialogs/button_Menu.png</texture>
			</control>
			<control type="image">
				<posx>4</posx>
				<posy>18</posy>
				<width>352</width>
				<include>dialog_Separator</include>
			</control>
			<control type="grouplist" id="500">
				<posx>4</posx>
				<posy>18</posy>
				<width>352</width>
				<!-- <height>480</height> -->
				<height>200</height>
				<onup>500</onup>
				<ondown>500</ondown>
				<onright>Dialog.Close(ShutdownMenu)</onright>
				<scrolltime>150</scrolltime>
				<itemgap>0</itemgap>
				<!--logoff-->
				<control type="button" id="501">
					<width>352</width>
					<label>$LOCALIZE[20126]</label>
					<onclick>dialog.close(all,true)</onclick>
					<onclick>System.LogOff</onclick>		  
					<include>dialog_Button-list</include>
					<visible>System.HasLoginScreen | IntegerGreaterThan(System.ProfileCount,1)</visible>
					<visible>System.Loggedon</visible>
				</control>
				<!--quit-->
				<control type="button" id="502">
					<width>352</width>
					<label>$LOCALIZE[13009]</label>
					<onclick>Dialog.Close(shutdownmenu)</onclick>
					<onclick>XBMC.Quit()</onclick>
					<include>dialog_Button-list</include>
					<visible>!System.IsStandalone</visible>
				</control>
				<!--hibernate-->
				<control type="button" id="503">
					<width>352</width>
					<label>$LOCALIZE[13010]</label>
					<onclick>Dialog.Close(shutdownmenu)</onclick>
					<onclick>XBMC.Hibernate()</onclick>
					<include>dialog_Button-list</include>
					<visible>System.CanHibernate</visible>
				</control>
				<!--suspend-->
				<control type="button" id="504">
					<width>352</width>
					<label>$LOCALIZE[13011]</label>
					<onclick>Dialog.Close(shutdownmenu)</onclick>
					<onclick>XBMC.Suspend()</onclick>
					<include>dialog_Button-list</include>
					<visible>System.CanSuspend</visible>
				</control>
				<!--reboot-->
				<control type="button" id="505">
					<width>352</width>
					<label>$LOCALIZE[13013]</label>
					<onclick>Dialog.Close(shutdownmenu)</onclick>
					<onclick>XBMC.Reset()</onclick>
					<include>dialog_Button-list</include>
				</control>
				<!--timer-->
				<control type="button" id="506">
					<width>352</width>
					<label>$LOCALIZE[20150]</label>
					<onclick>Dialog.Close(shutdownmenu)</onclick>
					<onclick>XBMC.AlarmClock(shutdowntimer,XBMC.Powerdown())</onclick>
					<include>dialog_Button-list</include>
					<visible>!System.HasAlarm(shutdowntimer)</visible>
				</control>
				<!--shutdown-->
				<control type="button" id="507">
					<width>352</width>
					<label>$LOCALIZE[13016]</label>
					<onclick>Dialog.Close(shutdownmenu)</onclick>
					<onclick>XBMC.Powerdown()</onclick>
					<include>dialog_Button-list</include>
				</control>
				<!--cancel shutdown timer-->
				<control type="button" id="508">
					<width>352</width>
					<label>Cancel Shutdown Timer</label>
					<onclick>Dialog.Close(shutdownmenu)</onclick>
					<onclick>XBMC.CancelAlarm(shutdowntimer)</onclick>
					<include>dialog_Button-list</include>
					<visible>System.HasAlarm(shutdowntimer)</visible>
				</control>
				<!--Filemanager-->
					<control type="button" id="509">
					<width>352</width>
					<label>File Manager</label>
					<onclick>Dialog.Close(shutdownmenu)</onclick>
					<onclick>ActivateWindow(FileManager)</onclick>
					<include>dialog_Button-list</include>
				</control>
				<!--Screensaver-->
				<control type="button" id="510">
					<width>352</width>
					<label>Activate Screensaver</label>
					<onclick>ActivateScreensaver</onclick>
					<include>dialog_Button-list</include>
				</control>
				<!--Show System Menu-->
				<control type="button" id="511">
					<width>352</width>
					<label>Show/Hide System Menu</label>
					<onclick>Skin.ToggleSetting(homemenu.removesystem)</onclick>
					<include>dialog_Button-list</include>
				</control>
				<!--Reload Skin-->
				<control type="button" id="512">
					<width>352</width>
					<label>Reload Skin</label>
					<onclick>dialog.close(all,true)</onclick>
					<onclick>ReloadSkin()</onclick>
					<include>dialog_Button-list</include>
					<visible>Skin.HasSetting(devel)</visible>
				</control>
			</control>
		</control>
	</controls>
</window>
