﻿<?xml version="1.0" encoding="UTF-8"?>
<includes>
	<include name="OSDNonLiveTV">
		<defaultcontrol>3</defaultcontrol>
	</include>
	<include name="OSDLiveTV">
		<defaultcontrol>1</defaultcontrol>
	</include>
	<include name="controls_Music">
		<control type="group">
			<visible>![Window.IsActive(visualisationpresetlist) | Window.IsActive(script-XBMC_Lyrics-main.xml)]</visible>
			<control type="group" id="600">
				<posx>514</posx>
				<posy>180</posy>
        <visible allowhiddenfocus="true">Window.IsActive(musicosd) + ControlGroup(600).HasFocus</visible>
 				<include>toggle_PlayerMenu</include>
				<control type="image">
					<width>252</width>
					<height>267</height>
					<texture>osd/settingsMenu.png</texture>
				</control>
				<control type="grouplist" id="601">
					<posx>9</posx>
					<posy>8</posy>
					<width>234</width>
					<height>225</height>
					<align>top</align>
					<onleft>2</onleft>
					<onright>2</onright>
					<onup>599</onup>
					<ondown>599</ondown>
					<itemgap>0</itemgap>
					<!--visualization select-->
					<control type="button" id="602">
						<width>234</width>
						<label>$LOCALIZE[250]</label>
						<onback>SetFocus(599)</onback>
						<include>dialog_Button-list</include>
						<onclick>Addon.Default.Set(xbmc.player.musicviz)</onclick>
					</control>
					<!--presets-->
					<control type="button" id="603">
						<width>234</width>
						<label>$LOCALIZE[13388]</label>
						<onback>SetFocus(599)</onback>
						<include>dialog_Button-list</include>
						<onclick>XBMC.ActivateWindow(122)</onclick>
					</control>
					<!--Last.fm-->
					<control type="button" id="604">
						<width>234</width>
						<label>$LOCALIZE[15200] $LOCALIZE[33079]</label>
						<onback>SetFocus(599)</onback>
						<include>dialog_Button-list</include>
						<onclick>Dialog.Close(MusicOSD,true)</onclick>
						<onclick>XBMC.LastFM.Love</onclick>
						<visible>LastFM.RadioPlaying</visible>
					</control>
					<control type="button" id="605">
						<width>234</width>
						<label>$LOCALIZE[15200] $LOCALIZE[33080]</label>
						<onback>SetFocus(599)</onback>
						<include>dialog_Button-list</include>
						<onclick>Dialog.Close(MusicOSD,true)</onclick>
						<onclick>XBMC.LastFM.Ban</onclick>
						<visible>LastFM.RadioPlaying</visible>
					</control>
					<!--get lyrics-->
					<control type="togglebutton" id="606">
						<width>234</width>
						<label>$LOCALIZE[31981]</label>
						<onback>SetFocus(599)</onback>
						<onclick>-</onclick>
						<onclick>Close</onclick>
						<onclick>XBMC.RunScript($INFO[Skin.String(addon.lyrics.path)])</onclick>
						<altclick>Skin.SetAddon(addon.lyrics.path,xbmc.python.lyrics)</altclick>
						<onclick>Close</onclick>
						<altclick>Close</altclick>
						<altclick>XBMC.RunScript($INFO[Skin.String(addon.lyrics.path)])</altclick>
						<usealttexture>IsEmpty(Skin.String(addon.lyrics.path))</usealttexture>
						<alttexturefocus border="3">dialogs/list-focus.png</alttexturefocus>
						<alttexturenofocus border="3">dialogs/list-nofocus.png</alttexturenofocus>
						<include>dialog_Button-list</include>
					</control>
					<!--random-->
					<control type="button" id="607">
						<width>234</width>
						<label>$LOCALIZE[13319]$INFO[Playlist.Random,: ]</label>
						<onback>SetFocus(599)</onback>
						<include>dialog_Button-list</include>
						<onclick>XBMC.PlayerControl(Random)</onclick>
					</control>
					<!--repeat-->
					<control type="button" id="608">
						<width>234</width>
						<label>$LOCALIZE[486]$INFO[Playlist.Repeat,: ]</label>
						<onback>SetFocus(599)</onback>
						<include>dialog_Button-list</include>
						<onclick>XBMC.PlayerControl(Repeat)</onclick>
					</control>
				</control>
			</control>
			<control type="image">
				<posx>618</posx>
				<posy>540</posy>
				<width>45</width>
				<height>45</height>
				<texture>osd/openSettings.png</texture>
				<visible>Window.IsActive(fullscreenvideo) + !ControlGroup(600).HasFocus</visible>
				<include>toggle_PlayerControls</include>
			</control>
			<control type="group" id="599">
				<posx>465</posx>
				<posy>442</posy>
				<control type="image" id="1">
					<width>350</width>
					<height>72</height>
					<texture border="48,33,48,33">osd/playerControlsPanel.png</texture>
				</control>
				<include>toggle_PlayerControls</include>
				<control type="group">
					<posy>13</posy>
					<control type="button" id="1">
						<posx>13</posx>
						<width>48</width>
						<height>48</height>
						<texturefocus>osd/osd-button-prev-focus.png</texturefocus>
						<texturenofocus>osd/osd-button-prev.png</texturenofocus>
						<onup>600</onup>
						<onleft>6</onleft>
						<onright>2</onright>
						<onclick>PlayerControl(Previous)</onclick>
					</control>
					<control type="button" id="2">
						<posx>68</posx>
						<width>48</width>
						<height>48</height>
						<texturefocus>osd/osd-button-rwd-focus.png</texturefocus>
						<texturenofocus>osd/osd-button-rwd.png</texturenofocus>
						<onup>600</onup>
						<onleft>1</onleft>
						<onright>3</onright>
						<onclick>PlayerControl(Rewind)</onclick>
					</control>
					<control type="togglebutton" id="3">
						<posx>123</posx>
						<width>48</width>
						<height>48</height>
						<texturefocus>osd/osd-button-pause-focus.png</texturefocus>
						<texturenofocus>osd/osd-button-pause.png</texturenofocus>
						<usealttexture>Player.Paused | Player.Forwarding | Player.Rewinding</usealttexture>
						<alttexturefocus>osd/osd-button-play-focus.png</alttexturefocus>
						<alttexturenofocus>osd/osd-button-play.png</alttexturenofocus>
						<onup>600</onup>
						<onleft>2</onleft>
						<onright>4</onright>
						<onclick>PlayerControl(Play)</onclick>
					</control>
					<control type="button" id="4">
						<posx>178</posx>
						<posy>0</posy>
						<width>48</width>
						<height>48</height>
						<font>-</font>
						<texturefocus>osd/osd-button-stop-focus.png</texturefocus>
						<texturenofocus>osd/osd-button-stop.png</texturenofocus>
						<onleft>3</onleft>
						<onright>5</onright>
						<onup>600</onup>
						<onclick>PlayerControl(Stop)</onclick>
					</control>
					<control type="button" id="5">
						<posx>233</posx>
						<posy>0</posy>
						<width>48</width>
						<height>48</height>
						<font>-</font>
						<texturefocus>osd/osd-button-fwd-focus.png</texturefocus>
						<texturenofocus>osd/osd-button-fwd.png</texturenofocus>
						<onleft>4</onleft>
						<onright>6</onright>
						<onup>600</onup>
						<onclick>PlayerControl(Forward)</onclick>
					</control>
					<control type="button" id="6">
						<posx>288</posx>
						<posy>0</posy>
						<width>48</width>
						<height>48</height>
						<font>-</font>
						<texturefocus>osd/osd-button-next-focus.png</texturefocus>
						<texturenofocus>osd/osd-button-next.png</texturenofocus>
						<onleft>5</onleft>
						<onright>1</onright>
						<onup>600</onup>
						<onclick>PlayerControl(Next)</onclick>
					</control>
				</control>
			</control>
		</control>
	</include>
	
	<include name="controls_Video">
		<control type="group">
			<control type="group" id="600">
				<posx>478</posx>
				<posy>303</posy>
				<visible allowhiddenfocus="true">Window.IsActive(fullscreenvideo) + ControlGroup(600).HasFocus</visible>
				<include>toggle_PlayerMenu</include>
				<control type="image">
					<width>325</width>
					<height>274</height>
					<texture>osd/settingsMenu.png</texture>
				</control>
				<control type="grouplist" id="601">
					<posx>12</posx>
					<posy>8</posy>
					<width>301</width>
					<height>240</height>
					<align>top</align>
					<onleft>2</onleft>
					<onright>2</onright>
					<onup>599</onup>
					<ondown>599</ondown>
					<onback>SetFocus(599)</onback>
					<itemgap>0</itemgap>
					<!--teletext-->
					<control type="button" id="602">
						<width>307</width>
						<label>$LOCALIZE[23050]</label>
						<onback>SetFocus(599)</onback>
						<include>dialog_Button-list</include>
						<onclick>Dialog.Close(VideoOSD,true)</onclick>
						<onclick>XBMC.ActivateWindow(teletext)</onclick>
						<visible>VideoPlayer.Content(LiveTV)</visible>
					</control>
					<!--video settings-->
					<control type="button" id="603">
						<width>307</width>
						<label>$LOCALIZE[13395]</label>
						<onback>SetFocus(599)</onback>
						<include>dialog_Button-list</include>
						<onclick>Dialog.Close(VideoOSD,true)</onclick>
						<onclick>XBMC.ActivateWindow(123)</onclick>
					</control>
					<!--audio settings-->
					<control type="button" id="604">
						<width>307</width>
						<label>$LOCALIZE[13396]</label>
						<onback>SetFocus(599)</onback>
						<include>dialog_Button-list</include>
						<onclick>Dialog.Close(VideoOSD,true)</onclick>
						<onclick>XBMC.ActivateWindow(124)</onclick>
					</control>
					<!--bookmarks-->
					<control type="button" id="605">
						<width>307</width>
						<label>$LOCALIZE[298]</label>
						<onback>SetFocus(599)</onback>
						<include>dialog_Button-list</include>
						<onclick>Dialog.Close(VideoOSD,true)</onclick>
						<onclick>XBMC.ActivateWindow(125)</onclick>
						<visible>!VideoPlayer.Content(LiveTV)</visible>
					</control>
					<!--get subtitles-->
					<control type="togglebutton" id="606">
						<width>307</width>
						<label>$LOCALIZE[31980]</label>
						<onback>SetFocus(599)</onback>
						<onclick>-</onclick>
						<onclick>Close</onclick>
						<onclick>ActivateWindow(SubtitleSearch)</onclick>
						<alttexturefocus border="3">dialogs/list-focus.png</alttexturefocus>
						<alttexturenofocus border="3">dialogs/list-nofocus.png</alttexturenofocus>
						<include>dialog_Button-list</include>
						<visible>[Videoplayer.Content(movies) | Videoplayer.Content(episodes) | Videoplayer.Content(files)]</visible>
					</control>
					<!--subtitles toggle-->
					<control type="button" id="607">
						<width>307</width>
						<label>$LOCALIZE[31052]</label>
						<onback>SetFocus(599)</onback>
						<onclick>Dialog.Close(VideoOSD,true)</onclick>
						<onclick>ShowSubtitles</onclick>
						<include>dialog_Button-list</include>
						<visible>VideoPlayer.HasSubtitles + VideoPlayer.SubtitlesEnabled</visible>
					</control>
					<control type="button" id="608">
						<width>307</width>
						<label>$LOCALIZE[13397]</label>
						<onback>SetFocus(599)</onback>
						<onclick>Dialog.Close(VideoOSD,true)</onclick>
						<onclick>ShowSubtitles</onclick>
						<include>dialog_Button-list</include>
						<visible>VideoPlayer.HasSubtitles + !VideoPlayer.SubtitlesEnabled</visible>
					</control>
					<!--tv guide-->
					<control type="button" id="609">
						<width>307</width>
						<label>$LOCALIZE[19029]</label>
						<onback>SetFocus(599)</onback>
						<onclick>Dialog.Close(VideoOSD,true)</onclick>
						<onclick>XBMC.ActivateWindow(PVROSDGuide)</onclick>
						<include>dialog_Button-list</include>
						<visible>VideoPlayer.Content(LiveTV)</visible>
					</control>
					<!--dvd menu-->
					<control type="button" id="610">
						<width>307</width>
						<label>$LOCALIZE[33061]</label>
						<onback>SetFocus(599)</onback>
						<onclick>Dialog.Close(VideoOSD,true)</onclick>
						<onclick>PlayerControl(ShowVideoMenu)</onclick>
						<texturenofocus border="3">-</texturenofocus>
						<include>dialog_Button-list</include>
						<visible>VideoPlayer.HasMenu</visible>
					</control>
				</control>
			</control>
			<control type="image">
				<posx>618</posx>
				<posy>540</posy>
				<width>45</width>
				<height>45</height>
				<texture>osd/openSettings.png</texture>
				<visible>Window.IsActive(fullscreenvideo) + !ControlGroup(600).HasFocus</visible>
				<include>fadeinout</include>
			</control>
			<control type="group" id="599">
				<posx>465</posx>
				<posy>575</posy>
				<control type="image" id="111">
					<width>350</width>
					<height>72</height>
					<texture border="48,33,48,33">osd/playerControlsPanel.png</texture>
				</control>
				<include>toggle_PlayerControls</include>
				<control type="group">
					<posy>13</posy>
					<visible>!VideoPlayer.Content(LiveTV)</visible>
					<control type="button" id="1">
						<posx>13</posx>
						<width>48</width>
						<height>48</height>
						<texturefocus>osd/osd-button-prev-focus.png</texturefocus>
						<texturenofocus>osd/osd-button-prev.png</texturenofocus>
						<onup>600</onup>
						<onleft>6</onleft>
						<onright>2</onright>
						<ondown>-</ondown>
						<onclick>PlayerControl(Previous)</onclick>
					</control>
					<control type="button" id="2">
						<posx>68</posx>
						<width>48</width>
						<height>48</height>
						<texturefocus>osd/osd-button-rwd-focus.png</texturefocus>
						<texturenofocus>osd/osd-button-rwd.png</texturenofocus>
						<onup>600</onup>
						<onleft>1</onleft>
						<onright>3</onright>
						<ondown>-</ondown>
						<onclick>PlayerControl(Rewind)</onclick>
					</control>
					<control type="togglebutton" id="3">
						<posx>123</posx>
						<width>48</width>
						<height>48</height>
						<texturefocus>osd/osd-button-pause-focus.png</texturefocus>
						<texturenofocus>osd/osd-button-pause.png</texturenofocus>
						<usealttexture>Player.Paused | Player.Forwarding | Player.Rewinding</usealttexture>
						<alttexturefocus>osd/osd-button-play-focus.png</alttexturefocus>
						<alttexturenofocus>osd/osd-button-play.png</alttexturenofocus>
						<onup>600</onup>
						<onleft>2</onleft>
						<onright>4</onright>
						<ondown>-</ondown>
						<onclick>PlayerControl(Play)</onclick>
					</control>
					<control type="button" id="4">
						<posx>178</posx>
						<posy>0</posy>
						<width>48</width>
						<height>48</height>
						<font>-</font>
						<texturefocus>osd/osd-button-stop-focus.png</texturefocus>
						<texturenofocus>osd/osd-button-stop.png</texturenofocus>
						<onleft>3</onleft>
						<onright>5</onright>
						<onup>600</onup>
						<ondown>-</ondown>
						<onclick>PlayerControl(Stop)</onclick>
					</control>
					<control type="button" id="5">
						<posx>233</posx>
						<posy>0</posy>
						<width>48</width>
						<height>48</height>
						<font>-</font>
						<texturefocus>osd/osd-button-fwd-focus.png</texturefocus>
						<texturenofocus>osd/osd-button-fwd.png</texturenofocus>
						<onleft>4</onleft>
						<onright>6</onright>
						<onup>600</onup>
						<ondown>-</ondown>
						<onclick>PlayerControl(Forward)</onclick>
					</control>
					<control type="button" id="6">
						<posx>288</posx>
						<posy>0</posy>
						<width>48</width>
						<height>48</height>
						<font>-</font>
						<texturefocus>osd/osd-button-next-focus.png</texturefocus>
						<texturenofocus>osd/osd-button-next.png</texturenofocus>
						<onleft>5</onleft>
						<onright>1</onright>
						<onup>600</onup>
						<ondown>-</ondown>
						<onclick>PlayerControl(Next)</onclick>
					</control>
				</control>
				<control type="group">
					<posx>0</posx>
					<posy>13</posy>
					<visible>VideoPlayer.Content(LiveTV)</visible>
					<!--tv channels-->
					<control type="button" id="1">
						<posx>13</posx>
						<width>48</width>
						<height>48</height>
						<font>-</font>
						<texturefocus>osd/osd-button-guide-focus.png</texturefocus>
						<texturenofocus>osd/osd-button-guide.png</texturenofocus>
						<onup>600</onup>
						<ondown>-</ondown>
						<onleft>6</onleft>
						<onright>2</onright>
						<onclick>Dialog.Close(VideoOSD,true)</onclick>
						<onclick>XBMC.ActivateWindow(PVROSDChannels)</onclick>
					</control>
					<control type="togglebutton" id="2">
						<posx>68</posx>
						<width>48</width>
						<height>48</height>
						<texturefocus>osd/osd-button-pause-focus.png</texturefocus>
						<texturenofocus>osd/osd-button-pause.png</texturenofocus>
						<usealttexture>Player.Paused | Player.Forwarding | Player.Rewinding</usealttexture>
						<alttexturefocus>osd/osd-button-play-focus.png</alttexturefocus>
						<alttexturenofocus>osd/osd-button-play.png</alttexturenofocus>
						<onup>600</onup>
						<ondown>-</ondown>
						<onleft>1</onleft>
						<onright>3</onright>
						<onclick>PlayerControl(Play)</onclick>
					</control>
					<control type="button" id="3">
						<posx>123</posx>
						<posy>0</posy>
						<width>48</width>
						<height>48</height>
						<font>-</font>
						<texturefocus>osd/osd-button-stop-focus.png</texturefocus>
						<texturenofocus>osd/osd-button-stop.png</texturenofocus>
						<onleft>2</onleft>
						<onright>4</onright>
						<onup>600</onup>
						<ondown>-</ondown>
						<onclick>PlayerControl(Stop)</onclick>
					</control>
					<control type="button" id="4">
						<posx>178</posx>
						<posy>0</posy>
						<width>48</width>
						<height>48</height>
						<font>-</font>
						<texturefocus>osd/osd-button-channelup-focus.png</texturefocus>
						<texturenofocus>osd/osd-button-channelup.png</texturenofocus>
						<onleft>3</onleft>
						<onright>5</onright>
						<onup>600</onup>
						<ondown>-</ondown>
						<onclick>PlayerControl(Previous)</onclick>
					</control>
					<control type="button" id="5">
						<posx>233</posx>
						<posy>0</posy>
						<width>48</width>
						<height>48</height>
						<font>-</font>
						<texturefocus>osd/osd-button-channeldown-focus.png</texturefocus>
						<texturenofocus>osd/osd-button-channeldown.png</texturenofocus>
						<onleft>4</onleft>
						<onright>6</onright>
						<onup>600</onup>
						<ondown>-</ondown>
						<onclick>PlayerControl(Next)</onclick>
					</control>
					<control type="togglebutton" id="6">
						<posx>288</posx>
						<posy>0</posy>
						<width>48</width>
						<height>48</height>
						<font>-</font>
						<texturefocus>osd/osd-button-record-focus.png</texturefocus>
						<texturenofocus>osd/osd-button-record.png</texturenofocus>
						<usealttexture>Player.Recording</usealttexture>
						<alttexturefocus>osd/osd-button-recording-focus.png</alttexturefocus>
						<alttexturenofocus>osd/osd-button-recording.png</alttexturenofocus>
						<onleft>5</onleft>
						<onright>1</onright>
						<onup>600</onup>
						<ondown>-</ondown>
						<onclick>PlayerControl(Record)</onclick>
						<enable>Player.CanRecord</enable>
						<animation effect="fade" start="100" end="50" time="100" condition="!Player.CanRecord">Conditional</animation>
					</control>
				</control>
			</control>
		</control>
	</include>
</includes>
