﻿<?xml version="1.0" encoding="UTF-8"?>
<window id="29">
	<defaultcontrol>52</defaultcontrol>
	<coordinates>
		<system>1</system>
		<posx>0</posx>
		<posy>0</posy>
	</coordinates>
	<controls>
		<control type="image">
			<include>screen_Dimensions</include>
			<texture background="true">backgrounds/background.png</texture>
			<aspectratio>scale</aspectratio>
			<include>transition_BG</include>
		</control>
		<control type="image">
			<include>screen_Dimensions</include>
			<texture background="true">overlays/vignette.png</texture>
			<aspectratio>scale</aspectratio>
			<include>transition_BG</include>
		</control>
		<control type="group">
			<posy>200</posy>
			<include>transition_Info</include>
			<control type="label">
				<label>$LOCALIZE[31102]</label>
				<align>center</align>
				<width>screen_Width</width>
				<font>windowTitle</font>
				<textcolor>Color1</textcolor>
			</control>
			<control type="label">
				<posy>40</posy>
				<label>$LOCALIZE[31110]</label>
				<align>center</align>
				<width>screen_Width</width>
				<font>titleSmall</font>
				<textcolor>Color2</textcolor>
			</control>
		</control>
		<control type="wraplist" id="52">
			<posx>-420</posx>
			<posy>300</posy>
			<width>2275</width>
			<height>430</height>
			<onleft>52</onleft>
			<onright>52</onright>
			<scrolltime>150</scrolltime>
			<orientation>horizontal</orientation>
			<focusposition>2</focusposition>
			<include>transition_Container</include>
			<itemlayout width="430" height="300">
				<control type="image">
					<width>400</width>
					<height>252</height>
					<texture background="true" diffuse="frames/wideFrameMask.png" fallback="thumbs/user.png">$INFO[ListItem.Icon]</texture>
					<bordertexture border="22">frames/frame_Square.png</bordertexture>
					<bordersize>22</bordersize>
					<aspectratio scalediffuse="false">scale</aspectratio>
				</control>
				<control type="label" id="1">
					<posx>200</posx>
					<posy>240</posy>
					<width>400</width>
					<align>center</align>
					<label>$INFO[ListItem.Label]</label>
					<include>label_Login</include>
				</control>
			</itemlayout>
			<focusedlayout width="430" height="300">
				<control type="image">
					<width>400</width>
					<height>252</height>
					<texture background="true" diffuse="frames/wideFrameMask.png" fallback="thumbs/user.png">$INFO[ListItem.Icon]</texture>
					<bordertexture border="22">frames/frame_Square.png</bordertexture>
					<bordersize>22</bordersize>
					<aspectratio scalediffuse="false">scale</aspectratio>
					<include>focus_SlideLogin</include>
				</control>
				<control type="label" id="1">
					<posx>200</posx>
					<posy>240</posy>
					<width>400</width>
					<align>center</align>
					<label>$INFO[ListItem.Label]</label>
					<include>label_Login</include>
					<include>focus_SlideLoginUser</include>
				</control>
			</focusedlayout>
		</control>
	</controls>
</window>