﻿<?xml version="1.0" encoding="UTF-8"?>
<window id="3000">
	<defaultcontrol always="true">8001</defaultcontrol>
	<allowoverlay>no</allowoverlay>
	<!-- <onload>Dialog.Close(movieinformation,true)</onload> -->
	<controls>
		<control type="group">
			<include>transition_Container</include>
			<include>toggle_Menu</include>
			<visible>![Window.IsVisible(FileBrowser) | [Window.IsVisible(DialogSelect.xml) + StringCompare(Window.Property(actorsselect),1)]]</visible>
			<!--global background-->
			<control type="image">
				<include>screen_Dimensions</include>
				<texture background="true">$INFO[ListItem.Property(Fanart_Image)]</texture>
				<aspectratio>scale</aspectratio>
				<visible>!IsEmpty(Listitem.Property(Fanart_Image))</visible>
			</control>
			<!---images--->
			<control type="group">
				<posx>20</posx>
				<posy>28</posy>
				<control type="image">
					<width>460</width>
					<height>663</height>
					<include>frame_Poster-List</include>
				</control>
				<control type="image">
					<width>414</width>
					<height>617</height>
					<texture background="true">$INFO[Container(50).Listitem.Icon]</texture>
					<aspectratio align="center">scale</aspectratio>
					<include>thumb_Portrait-List</include>
					<visible>!Control.HasFocus(150)</visible>
				</control>
				<control type="image">
					<width>414</width>
					<height>617</height>
					<texture background="true" fallback="thumbs/movie_portrait.jpg">$INFO[Container(150).Listitem.Icon]</texture>
					<aspectratio align="center">scale</aspectratio>
					<include>thumb_Portrait-List</include>
					<visible>Control.HasFocus(150) + !IsEmpty[Container(150).Listitem.Icon]</visible>
				</control>
				<control type="image">
					<description>movie image</description>
					<width>414</width>
					<height>617</height>
					<texture background="true" fallback="thumbs/movie_portrait.jpg">$INFO[Container(150).Listitem.Icon]</texture>
					<aspectratio align="center">scale</aspectratio>
					<include>thumb_Portrait-List</include>
					<visible>Control.IsVisible(150)</visible>
				</control>
			</control>
			<!--header-->
			<control type="grouplist">
				<posx>500</posx>
				<posy>70</posy>
				<itemgap>0</itemgap>
				<control type="label">
					<height>57</height>
					<width>700</width>
					<aligny>top</aligny>
					<label>$INFO[ListItem.Title]</label>
					<font>titleInfoDialog</font>
				</control>
				<!--info container-->
				<control type="grouplist" id="1000">
					<orientation>vertical</orientation>
					<height>320</height>
					<itemgap>0</itemgap>
					<control type="group">
						<width>700</width>
						<height>24</height>
						<visible>!IsEmpty(ListItem.Property(TotalMovies))</visible>
						<control type="label">
							<width>700</width>
							<label>$ADDON[script.metadata.actors 32011]: [COLOR=Color1]$INFO[ListItem.Property(TotalMovies)][/COLOR]</label>
							<include>label_InfoDialog</include>
							<include>autoscroll-line</include>
						</control>
					</control>
					<control type="group">
						<width>700</width>
						<height>24</height>
						<visible>!IsEmpty(ListItem.Property(Birthday))</visible>
						<control type="label">
							<width>700</width>
							<label>$ADDON[script.metadata.actors 32012]: [COLOR=Color1]$INFO[ListItem.Property(Birthday)]$INFO[ListItem.Property(AgeLong), (,)][/COLOR]</label>
							<include>label_InfoDialog</include>
							<include>autoscroll-line</include>
						</control>
					</control>
					<control type="group">
						<width>700</width>
						<height>24</height>
						<visible>!IsEmpty(ListItem.Property(Deathday))</visible>
						<control type="label">
							<width>700</width>
							<label>$ADDON[script.metadata.actors 32013]: [COLOR=Color1]$INFO[ListItem.Property(Deathday)]$INFO[ListItem.Property(DeathageLong), (,)][/COLOR]</label>
							<include>label_InfoDialog</include>
							<include>autoscroll-line</include>
						</control>
					</control>
					<control type="group">
						<width>700</width>
						<height>24</height>
						<visible>!IsEmpty(ListItem.Property(PlaceOfBirth))</visible>
						<control type="label">
							<width>700</width>
							<label>$ADDON[script.metadata.actors 32014]: [COLOR=Color1]$INFO[ListItem.Property(PlaceOfBirth)][/COLOR]</label>
							<include>label_InfoDialog</include>
							<include>autoscroll-line</include>
						</control>
					</control>
					<control type="group">
						<width>700</width>
						<height>24</height>
						<visible>!IsEmpty(ListItem.Property(Adult))</visible>
						<control type="label">
							<width>700</width>
							<label>$ADDON[script.metadata.actors 32015]: [COLOR=Color1]$INFO[ListItem.Property(Adult)][/COLOR]</label>
							<include>label_InfoDialog</include>
							<include>autoscroll-line</include>
						</control>
					</control>
					<control type="group">
						<width>700</width>
						<height>24</height>
						<visible>!IsEmpty(ListItem.Property(AlsoKnownAs))</visible>
						<control type="label">
							<width>700</width>
							<label>$ADDON[script.metadata.actors 32016]: [COLOR=Color1]$INFO[ListItem.Property(AlsoKnownAs)][/COLOR]</label>
							<include>label_InfoDialog</include>
							<include>autoscroll-line</include>
						</control>
					</control>
					<control type="group">
						<width>700</width>
						<height>24</height>
						<visible>!IsEmpty(ListItem.Property(Homepage))</visible>
						<control type="button">
							<width>700</width>
							<label>$ADDON[script.metadata.actors 32017]: [COLOR=Color1]$INFO[ListItem.Property(Homepage)][/COLOR]</label>
							<onclick>RunScript(script.metadata.actors,homepage=$INFO[ListItem.Property(Homepage)])</onclick>
							<include>label_InfoDialog</include>
							<include>autoscroll-line</include>
						</control>
					</control>
				</control>
				<!--spacer-->
				<control type="label">
					<label>-</label>
					<height>20</height>
				</control>
				<!--button area-->
				<control type="grouplist" id="8000">
					<height>45</height>
					<width>700</width>
					<itemgap>5</itemgap>
					<orientation>horizontal</orientation>
					<!--browse to show-->
					<control type="group">
						<width>165</width>
						<control type="button" id="8001">
							<label>$LOCALIZE[1024]</label>
							<onclick>SendClick(3000,8)</onclick>
							<onleft>8004</onleft>
							<onright>8002</onright>
							<width>165</width>
							<include>button_Inline</include>
						</control>
					</control>
					<!--filmography/biography-->
					<control type="group">
						<width>165</width>
						<control type="button" id="8002">
							<label>$ADDON[script.metadata.actors 32010]</label>
							<onclick>SendClick(3000,5)</onclick>
							<onleft>8001</onleft>
							<onright>8003</onright>
							<ondown>150</ondown>
							<width>165</width>
							<include>button_Inline</include>
						</control>
					</control>
					
					
					<!--thumb-->
					<control type="group">
						<width>165</width>
						<control type="button" id="8003">
							<label>13405</label>
							<onclick>SendClick(3000,10)</onclick>
							<onleft>8002</onleft>
							<onright>8004</onright>
							<ondown>150</ondown>
							<width>165</width>
							<include>button_Inline</include>
						</control>
					</control>

					<!--fanart-->
					<control type="group">
						<width>165</width>
						<control type="button" id="8004">
							<label>20413</label>
							<onclick>SendClick(3000,20)</onclick>
							<onleft>8003</onleft>
							<onright>8005</onright>
							<ondown>150</ondown>
							<width>165</width>
							<include>button_Inline</include>
						</control>
					</control>
					

					<!--edit-->
					<control type="group">
						<width>165</width>
						<control type="button" id="8005">
							<label>$LOCALIZE[21435]</label>
							<onclick>ActivateWindow(62)</onclick>
							<onleft>8004</onleft>
							<onright>8006</onright>
							<width>165</width>
							<include>button_Inline</include>
						</control>
					</control>
					<!--addon settings-->
					<control type="group">
						<width>165</width>
						<control type="button" id="8006">
							<label>$LOCALIZE[33063]</label>
							<onclick>SendClick(3000,25)</onclick>
							<onleft>8005</onleft>
							<onright>8001</onright>
							<width>165</width>
							<include>button_Inline</include>
						</control>
					</control>
				</control>
				<!--spacer-->
				<control type="label">
					<label>-</label>
					<height>10</height>
				</control>
				<!--plot-->
				<control type="textbox" id="400">
					<width>700</width>
					<height>354</height>
					<label>$INFO[ListItem.Plot]</label>
					<font>descriptionSmall</font>
					<include>autoscroll-plot</include>
					<visible>!Control.IsVisible(150)</visible>
				</control>
				<!--movies list-->
				<control type="list" id="150">
					<width>675</width>
					<height>352</height>
					<onleft>8000</onleft>
					<onright>8000</onright>
					<onup>50</onup>
					<ondown>50</ondown>
					<scrolltime tween="Cubic" easing="Out">200</scrolltime>
					<visible allowhiddenfocus="true">Control.HasFocus(8002) | Control.HasFocus(150)</visible>
					<itemlayout height="44">
						<control type="image">
							<width>675</width>
							<include>listButton_Alt</include>
						</control>
						<control type="label">
							<posx>15</posx>
							<width>615</width>
							<label>$INFO[ListItem.Label]</label>
							<include>listButton_Label</include>
						</control>
					</itemlayout>
					<focusedlayout height="44">
						<control type="image">
							<width>675</width>
							<include>listButton_Alt</include>
							<visible>!Control.HasFocus(150)</visible>
						</control>
						<control type="image">
							<width>675</width>
							<include>listButton_Alt-focus</include>
							<visible>Control.HasFocus(150)</visible>
						</control>
						<control type="label">
							<posx>15</posx>
							<width>615</width>
							<label>$INFO[ListItem.Label]</label>
							<include>listButton_Label</include>
						</control>
					</focusedlayout>
				</control>
			</control>
			<!--filmography-->
			<control type="group">
				<control type="panel" id="150">
					<description>movies list</description>
					<posx>380</posx>
					<posy>520</posy>
					<width>860</width>
					<height>120</height>
					<onleft>9000</onleft>
					<onright>61</onright>
					<onup>61</onup>
					<ondown>9000</ondown>
					<viewtype label="">list</viewtype>
					<pagecontrol>61</pagecontrol>
					<scrolltime>200</scrolltime>
					<orientation>vertical</orientation>
					<itemlayout height="40" width="430">
						<control type="image">
							<posx>400</posx>
							<posy>14</posy>
							<width>20</width>
							<height>16</height>
							<texture>actors-OverlayWatched.png</texture>
							<visible>!IsEmpty(ListItem.Property(LibraryHasMovie)) + !IntegerGreaterThan(ListItem.Property(PlayCount),0)</visible>
						</control>
						<control type="image">
							<posx>400</posx>
							<posy>14</posy>
							<width>20</width>
							<height>16</height>
							<texture>actors-OverlayWatched.png</texture>
							<visible>IntegerGreaterThan(ListItem.Property(PlayCount),0)</visible>
							<colordiffuse>FFEB9E17</colordiffuse>
						</control>
					</itemlayout>
					<focusedlayout height="40" width="430">
						<control type="label">
							<posx>10</posx>
							<posy>0</posy>
							<width>410</width>
							<height>40</height>
							<font>font12</font>
							<align>left</align>
							<aligny>center</aligny>
							<selectedcolor>FFFFFFFF</selectedcolor>
							<info>ListItem.Label</info>
							<visible>IsEmpty(ListItem.Property(LibraryHasMovie))</visible>
						</control>
						<control type="label">
							<posx>10</posx>
							<posy>0</posy>
							<width>390</width>
							<height>40</height>
							<font>font12</font>
							<align>left</align>
							<aligny>center</aligny>
							<selectedcolor>FFFFFFFF</selectedcolor>
							<info>ListItem.Label</info>
							<visible>!IsEmpty(ListItem.Property(LibraryHasMovie))</visible>
						</control>
						<control type="image">
							<posx>400</posx>
							<posy>14</posy>
							<width>20</width>
							<height>16</height>
							<texture>actors-OverlayWatched.png</texture>
							<visible>!IsEmpty(ListItem.Property(LibraryHasMovie)) + !IntegerGreaterThan(ListItem.Property(PlayCount),0)</visible>
						</control>
						<control type="image">
							<posx>400</posx>
							<posy>14</posy>
							<width>20</width>
							<height>16</height>
							<texture>actors-OverlayWatched.png</texture>
							<visible>IntegerGreaterThan(ListItem.Property(PlayCount),0)</visible>
							<colordiffuse>FFEB9E17</colordiffuse>
						</control>
					</focusedlayout>
				</control>
				<control type="list" id="50">
					<description>container actor properties</description>
					<posx>0</posx>
					<posy>0</posy>
					<width>1</width>
					<height>1</height>
					<onleft>9000</onleft>
					<onright>9000</onright>
					<onup>9000</onup>
					<ondown>9000</ondown>
					<viewtype label="">list</viewtype>
					<pagecontrol>-</pagecontrol>
					<itemlayout height="1" width="1" />
					<focusedlayout height="1" width="1" />
				</control>

				<control type="group" id="2500">
					<posx>240</posx>
					<posy>60</posy>
					<control type="image">
						<width>800</width>
						<height>605</height>
						<include>dialogWindow</include>
					</control>
					<control type="label" id="411">
						<width>766</width>
						<label>$LOCALIZE[1023]</label>
						<include>dialog_Windowtitle</include>
					</control>
					<visible>Control.HasFocus(10) | ControlGroup(2500).HasFocus</visible>
					
					<control type="list" id="250">
						<posx>19</posx>
						<posy>116</posy>
						<width>492</width>
						<height>399</height>
						<onleft>-</onleft>
						<onright>9001</onright>
						<onup>450</onup>
						<ondown>450</ondown>
						<pagecontrol>60</pagecontrol>
						<preloaditems>4</preloaditems>
						<scrolltime tween="Cubic" easing="Out">400</scrolltime>	
						<itemlayout height="40">
							<control type="image">
								<width>634</width>
								<include>dialog_CommonList</include>
							</control>
							<control type="image">
								<posx>15</posx>
								<posy>8</posy>
								<width>24</width>
								<height>24</height>
								<texture>$INFO[ListItem.ActualIcon,icons/li-,]</texture>
								<colordiffuse>Color4</colordiffuse>
							</control>
							<control type="label">
								<posx>60</posx>
								<width>634</width>
								<info>ListItem.Label</info>.
								<font>smallAlt</font>
								<include>dialog_CommonListItem</include>
							</control>
						</itemlayout>
						<focusedlayout height="40">
							<control type="image">
								<width>634</width>
								<include>dialog_CommonListFocus</include>
							</control>
							<control type="image">
								<posx>15</posx>
								<posy>8</posy>
								<width>24</width>
								<height>24</height>
								<texture>$INFO[ListItem.ActualIcon,icons/li-,]</texture>
							</control>
							<control type="label">
								<posx>60</posx>
								<width>634</width>
								<font>smallAlt</font>
								<info>ListItem.Label</info>
								<include>dialog_CommonListItemFocus</include>
							</control>
						</focusedlayout>
					</control>
	
					
				</control>
				<!--functions-->
				<control type="grouplist" id="9000">
					<onleft>9000</onleft>
					<onright>9000</onright>
					<visible>false</visible>
					<!--browse-->
					<control type="button" id="8">
						<label>1024</label>
					</control>
					<!--filmography-->
					<control type="button" id="5">
						<label>$ADDON[script.metadata.actors 32010]</label>
					</control>
					<!--refresh-->
					<control type="button" id="6">
						<label>184</label>
					</control>
					<!--thumb-->
					<control type="button" id="10">
						<label>13405</label>
						<onclick>SetFocus(250)</onclick>
					</control>
					<!--fanart-->
					<control type="button" id="20">
						<label>20413</label>
					</control>
					<!--edit actor-->
					<control type="button" id="11">
						<label>20067</label>
					</control>
					<!--addon settings-->
					<control type="button" id="25">
						<label>24002</label>
					</control>
				</control>
			</control>
		</control>
	</controls>
</window>
