<?xml version="1.0" encoding="UTF-8"?>
<window>
	<coordinates>
		<system>1</system>
		<posx>485</posx>
		<posy>199</posy>
	</coordinates>
	<controls>
		<control type="image" id="2">
			<width>310</width>
			<height>156</height>
			<texture border="20">dialogs/button_Menu.png</texture>
		</control>
		<control type="image">
			<posx>4</posx>
			<posy>18</posy>
			<width>302</width>
			<height>1</height>
			<texture>dialogs/separator.png</texture>
		</control>
		<control type="list" id="111">
			<posx>4</posx>
			<posy>18</posy>
			<width>302</width>
			<height>200</height>
			<onup>111</onup>
			<ondown>111</ondown>
			<onleft>111</onleft>
			<onright>111</onright>
			<itemgap>0</itemgap>
			<itemlayout height="40" width="302">
					<control type="image">
						<posx>0</posx>
						<posy>0</posy>
						<width>302</width>
						<height>40</height>
						<texture>dialogs/list-nofocus.png</texture>
					</control>
					<control type="label">
						<posx>15</posx>
						<posy>0</posy>
						<width>302</width>
						<height>40</height>
						<textcolor>Color4</textcolor>
						<font>small</font>
						<info>ListItem.Label</info>
					</control>
			</itemlayout>
			<focusedlayout height="40" width="302">
					<control type="image">
						<posx>4</posx>
						<posy>0</posy>
						<width>302</width>
						<height>40</height>
						<texture>dialogs/list-nofocus.png</texture>
						<visible>!Control.HasFocus(111)</visible>
					</control>
					<control type="image">
						<posx>0</posx>
						<posy>0</posy>
						<width>302</width>
						<height>40</height>
						<texture>dialogs/list-focus.png</texture>
						<visible>Control.HasFocus(111)</visible>
					</control>
					<control type="label">
						<posx>15</posx>
						<posy>0</posy>
						<width>302</width>
						<height>40</height>
						<font>small</font>
						<textcolor>white</textcolor>
						<info>ListItem.Label</info>
					</control>
				</focusedlayout>
        </control>
	</controls>
</window>
