<?xml version="1.0" encoding="UTF-8"?>
<window type="dialog" id="3002">
    <defaultcontrol always="true">3</defaultcontrol>
    <allowoverlay>no</allowoverlay>
    <controls>
        <control type="group">
            <include>KeyboardAnimations</include>
            <visible>!Window.IsVisible(filebrowser)</visible>
            
            <control type="label">
                <description>Heading</description>
                <posx>473</posx>
                <posy>271</posy>
                <width>974</width>
                <font>Font-Condensed-S34</font>
                <label>$INFO[Window(skinsettings).property(Dialog)]</label>
                <textcolor>ddwhite</textcolor>
                <align>center</align>
                <visible>IsEmpty(Window(skinsettings).property(CustomDialog))</visible>
            </control>
            
            <control type="label">
                <description>Heading</description>
                <posx>473</posx>
                <posy>271</posy>
                <width>974</width>
                <font>Font-Condensed-S34</font>
                <label>$INFO[Window(skinsettings).property(CustomDialog)]</label>
                <textcolor>ddwhite</textcolor>
                <align>center</align>
                <visible>!IsEmpty(Window(skinsettings).property(CustomDialog))</visible>
            </control>
            
            <control type="image">
                <posx>920</posx>
                <posy>299</posy>
                <width>80</width>
                <height>60</height>
                <texture>dialogs/default/arrow.png</texture>
            </control>
            <control type="image">
                <posx>524</posx>
                <posy>319</posy>
                <width>872</width>
                <height>442</height>
                <texture border="39">dialogs/default/bg.png</texture>
            </control>
            <control type="image">
            	<posx>558</posx>
            	<posy>353</posy>
            	<width>532</width>
            	<height>301</height>
            	<texture border="5">dialogs/default/inner.png</texture>
            </control>
            <control type="image">
            	<posx>1104</posx>
            	<posy>353</posy>
            	<width>258</width>
            	<height>301</height>
            	<texture border="5">dialogs/default/inner.png</texture>
            </control>
            <control type="image">
            	<posx>558</posx>
            	<posy>667</posy>
            	<width>804</width>
            	<height>61</height>
            	<texture border="5">dialogs/default/inner.png</texture>
            </control>
            
            <include condition="stringcompare(Window(skinsettings).property(Dialog),$LOCALIZE[41251])">SettingsBackgroundDialogGlobal</include>
            <include condition="stringcompare(Window(skinsettings).property(Dialog),$LOCALIZE[5])">SettingsBackgroundDialogSettings</include>
            <include condition="stringcompare(Window(skinsettings).property(Dialog),$LOCALIZE[342])">SettingsBackgroundDialogMovies</include>
            <include condition="stringcompare(Window(skinsettings).property(Dialog),$LOCALIZE[41446])">SettingsBackgroundDialogTVShows</include>
            <include condition="stringcompare(Window(skinsettings).property(Dialog),$LOCALIZE[2])">SettingsBackgroundDialogMusic</include>
            <include condition="stringcompare(Window(skinsettings).property(Dialog),$LOCALIZE[41504])">SettingsBackgroundDialogPrograms</include>
            <include condition="stringcompare(Window(skinsettings).property(Dialog),$LOCALIZE[12600])">SettingsBackgroundDialogWeather</include>
            
            <control type="group">
                <posx>547</posx>
                <posy>723</posy>
                <control type="button" id="5">
                    <description>Close</description>
                    <texturefocus>buttons/cancel-fo.png</texturefocus>
                    <texturenofocus>buttons/cancel-nf.png</texturenofocus>
                    <include>DialogButtonDimensions</include>
                    <onleft>3</onleft>
                    <onright>3</onright>
                    <onup>3</onup>
                    <ondown>3</ondown>
                    <label>$LOCALIZE[42002]</label>
                    <onclick>PreviousMenu</onclick>
                </control>
            </control>
        </control>
    </controls>
</window>