<?xml version="1.0" encoding="UTF-8"?>
<window type="dialog" id="3004">
    <defaultcontrol always="true">2</defaultcontrol>
    <onunload condition="!IsEmpty(Window(3004).Property(ChooseArt))">ClearProperty(ChooseArt,3004)</onunload>
    <zorder>0</zorder>
    <controls>
        <control type="group">
            <animation type="WindowOpen">
                <effect type="fade" start="50" end="100" time="400"  tween="sine" easing="inout" />
                <effect type="slide" start="-650" end="0" time="400" tween="sine" easing="inout" />
            </animation>
            <animation type="WindowClose">
                <effect type="slide" start="0" end="-650" time="400" tween="sine" easing="inout" />
            </animation>
            <animation effect="slide" start="0" end="1441" time="400" tween="sine" easing="inout" condition="!IsEmpty(Window(3004).Property(ChooseArt)) + !StringCompare(Window(3004).Property(ChooseArt),poster) + !StringCompare(Window(3004).Property(ChooseArt),fanart) + !StringCompare(Window(3004).Property(ChooseArt),landscape) + !StringCompare(Window(3004).Property(ChooseArt),banner) + [Window.IsActive(filebrowser) | Window.IsActive(selectdialog) | Window.IsActive(DialogSelect.xml)]">Conditional</animation>
            <animation effect="slide" start="0" end="1485" time="400" tween="sine" easing="inout" condition="!IsEmpty(Window(3004).Property(ChooseArt)) + StringCompare(Window(3004).Property(ChooseArt),poster) + [Window.IsActive(filebrowser) | Window.IsActive(selectdialog) | Window.IsActive(DialogSelect.xml)]">Conditional</animation>
            <animation effect="slide" start="0" end="1239" time="400" tween="sine" easing="inout" condition="!IsEmpty(Window(3004).Property(ChooseArt)) + [StringCompare(Window(3004).Property(ChooseArt),fanart) | StringCompare(Window(3004).Property(ChooseArt),landscape)] + [Window.IsActive(filebrowser) | Window.IsActive(selectdialog) | Window.IsActive(DialogSelect.xml)]">Conditional</animation>
            <animation effect="slide" start="0" end="1701" time="400" tween="sine" easing="inout" condition="!IsEmpty(Window(3004).Property(ChooseArt)) + StringCompare(Window(3004).Property(ChooseArt),banner) + [Window.IsActive(filebrowser) | Window.IsActive(selectdialog) | Window.IsActive(DialogSelect.xml)]">Conditional</animation>
 
            <control type="grouplist">
                <posx>65</posx>
                <posy>144</posy>
                <width>422</width>
                <height>60</height>
                <orientation>horizontal</orientation>
                <itemgap>20</itemgap>
                <usecontrolcoords>true</usecontrolcoords>
                <!-- Left Arrow Label -->
                <control type="label">
                    <posx>0</posx>
                    <posy>0</posy>
                    <width>45</width>
                    <height>60</height>
                    <label>←</label>
                    <font>Font-Condensed-S45</font>
                    <textcolor>eewhite</textcolor>
                    <align>left</align>
                    <scroll>false</scroll>
                    <include>visiblehidefadeinfo</include>
                    <animation effect="fade" start="100" end="0" tween="sine" easing="inout" time="300" condition="Window.IsActive(selectdialog) | Window.IsActive(DialogSelect.xml) | Window.IsActive(filebrowser)">Conditional</animation>
                </control>
                <!-- Choose Art Label -->
                <control type="label">
                    <posx>-12</posx>
                    <posy>0</posy>
                    <width min="50" max="332">auto</width>
                    <height>60</height>
                    <label>$LOCALIZE[13511]</label>
                    <font>Font-Condensed-S45</font>
                    <textcolor>eewhite</textcolor>
                    <align>left</align>
                    <scroll>false</scroll>
                    <animation effect="fade" start="100" end="50" time="200" tween="sine" easing="inout" condition="Window.IsActive(selectdialog) | Window.IsActive(DialogSelect.xml) | Window.IsActive(filebrowser)">Conditional</animation>
                </control>
                <!-- Right Arrow Label -->
                <control type="label">
                    <posx>-12</posx>
                    <posy>0</posy>
                    <width>45</width>
                    <height>60</height>
                    <label>→</label>
                    <font>Font-Condensed-S45</font>
                    <textcolor>eewhite</textcolor>
                    <align>left</align>
                    <scroll>false</scroll>
                    <include>visiblehidefadeinfo</include>
                    <animation effect="fade" start="100" end="0" tween="sine" easing="inout" time="300" condition="Window.IsActive(selectdialog) | Window.IsActive(DialogSelect.xml) | Window.IsActive(filebrowser)">Conditional</animation>
                </control>
            </control>
            
            <control type="group">
                <include>listEndAnimation</include>
                <control type="image">
                    <description>Panel</description>
                    <posx>98</posx>
                    <posy>217</posy>
                    <width>462</width>
                    <height>691</height>
                    <texture border="3">views/list/panel/panel.png</texture>
                </control>
                <control type="image">
                    <description>Shadow</description>
                    <posx>57</posx>
                    <posy>900</posy>
                    <width>544</width>
                    <height>125</height>
                    <texture>windows/home/item-shadow.png</texture>
                </control>
            
                <control type="image">
                    <posx>100</posx>
                    <posy>220</posy>
                    <width>458</width>
                    <height>82</height>
                    <texture border="150,1,150,1">views/other/focus.png</texture>
                    <include>visiblehidefadeinfo</include>
                    <visible>Control.HasFocus(2)</visible>
                </control>
                <control type="button" id="2">
                    <description>Get thumb</description>
                    <posx>100</posx>
                    <posy>220</posy>
                    <width>458</width>
                    <height>83</height>
                    <label>$LOCALIZE[13511]</label>
                    <font>Font-Condensed-S40</font>
                    <textoffsetx>30</textoffsetx>
                    <textcolor>eewhite</textcolor>
                    <shadowcolor>33000000</shadowcolor>
                    <focusedcolor>eewhite</focusedcolor>
                    <texturefocus border="90,3,90,3">views/list/other/separator.png</texturefocus>
                    <texturenofocus border="90,3,90,3">views/list/other/separator.png</texturenofocus>
                    <align>left</align>
                    <onclick>SetProperty(ChooseArt,1)</onclick>
                    <onclick>SendClick(2003,10)</onclick>
                    <onup>3</onup>
                    <ondown>3</ondown>
                    <onleft>Action(select)</onleft>
                    <onright>PreviousMenu</onright>
                    <animation effect="fade" start="100" end="50" time="300" tween="sine" easing="inout" condition="!Control.HasFocus(2)">Conditional</animation>
                </control>
                
                <control type="button">
                    <posx>100</posx>
                    <posy>304</posy>
                    <width>458</width>
                    <height>106</height>
                    <label>Artwork Downloader</label>
                    <font>Font-Condensed-S40-B</font>
                    <align>left</align>
                    <aligny>top</aligny>
                    <textcolor>bbwhite</textcolor>
                    <disabledcolor>bbwhite</disabledcolor>
                    <textoffsetx>30</textoffsetx>
                    <textoffsety>34</textoffsety>
                    <enable>false</enable>
                    <texturenofocus border="90,3,90,3">views/list/other/separator.png</texturenofocus>
                    <visible>System.HasAddon(script.artwork.downloader)</visible>
                </control>
                
                <control type="list" id="3">
                    <posx>100</posx>
                    <posy>409</posy>
                    <width>458</width>
                    <height>498</height>
                    <onleft>Action(select)</onleft>
                    <onright>PreviousMenu</onright>
                    <onup>2</onup>
                    <ondown>2</ondown>
                    <pagecontrol>61</pagecontrol>
                    <scrolltime tween="cubic" easing="out">500</scrolltime>
                    <visible>System.HasAddon(script.artwork.downloader)</visible>
                    <itemlayout height="83">
                        <control type="image">
                            <posx>0</posx>
                            <posy>0</posy>
                            <width>458</width>
                            <height>84</height>
                            <texture border="90,3,90,3">views/list/other/separator.png</texture>
                        </control>
                        <control type="label">
                            <posx>30</posx>
                            <posy>0</posy>
                            <width>398</width>
                            <height>82</height>
                            <font>Font-Condensed-S40</font>
                            <label>$INFO[ListItem.Label]</label>
                            <textcolor>eewhite</textcolor>
                            <shadowcolor>33000000</shadowcolor>
                            <animation effect="fade" start="100" end="50" time="0" condition="true">Conditional</animation>
                        </control>
                    </itemlayout>
                    <focusedlayout height="83">
                        <control type="image">
                            <posx>0</posx>
                            <posy>0</posy>
                            <width>458</width>
                            <height>84</height>
                            <texture border="90,3,90,3">views/list/other/separator.png</texture>
                        </control>
                        <control type="image">
                            <posx>0</posx>
                            <posy>0</posy>
                            <width>458</width>
                            <height>82</height>
                            <texture border="150,1,150,1">views/other/focus.png</texture>
                            <animation effect="slide" start="0,83" end="0,0" time="300" reversible="false" tween="back" easing="out" condition="Container(3).OnPrevious">Focus</animation>
                            <animation effect="slide" start="0,-83" end="0,0" time="300" reversible="false" tween="back" easing="out" condition="Container(3).OnNext">Focus</animation>
                            <include>visiblehidefadeinfo</include>
                            <visible>Control.HasFocus(3)</visible>
                        </control>
                        <control type="label">
                            <posx>30</posx>
                            <posy>0</posy>
                            <width>398</width>
                            <height>82</height>
                            <font>Font-Condensed-S40</font>
                            <label>$INFO[ListItem.Label]</label>
                            <textcolor>eewhite</textcolor>
                            <shadowcolor>33000000</shadowcolor>
                            <animation effect="fade" start="50" end="100" time="300" tween="sine" easing="inout" reversible="false" condition="Container(3).OnNext | Container(3).OnPrevious">Focus</animation>
                            <animation effect="fade" start="100" end="50" time="300" tween="sine" easing="inout" condition="!Control.HasFocus(3)">Conditional</animation>
                        </control>
                    </focusedlayout>
                    <content>
                        <item id="1">
                            <description>Get poster</description>
                            <label>$LOCALIZE[42250]</label>
                            <onclick>SetProperty(ChooseArt,poster)</onclick>
                            <onclick condition="Container.Content(Movies)">RunScript(script.artwork.downloader,mode=gui,mediatype=movie,dbid=$INFO[ListItem.DBID],poster)</onclick>
                            <onclick condition="Container.Content(TVShows)">RunScript(script.artwork.downloader,mode=gui,mediatype=tvshow,dbid=$INFO[ListItem.DBID],poster)</onclick>
                        </item>
                        <item id="2">
                            <description>Get fanart</description>
                            <label>$LOCALIZE[42251]</label>
                            <onclick>SetProperty(ChooseArt,fanart)</onclick>
                            <onclick condition="Container.Content(Movies)">RunScript(script.artwork.downloader,mode=gui,mediatype=movie,dbid=$INFO[ListItem.DBID],fanart)</onclick>
                            <onclick condition="Container.Content(TVShows)">RunScript(script.artwork.downloader,mode=gui,mediatype=tvshow,dbid=$INFO[ListItem.DBID],fanart)</onclick>
                        </item>
                        <item id="3">
                            <description>Get banner</description>
                            <label>$LOCALIZE[42252]</label>
                            <onclick>SetProperty(ChooseArt,banner)</onclick>
                            <onclick>RunScript(script.artwork.downloader,mode=gui,mediatype=tvshow,dbid=$INFO[ListItem.DBID],banner)</onclick>
                            <visible>Container.Content(TVShows)</visible>
                        </item>
                        <item id="4">
                            <description>Get landscape</description>
                            <label>$LOCALIZE[42253]</label>
                            <onclick>SetProperty(ChooseArt,landscape)</onclick>
                            <onclick condition="Container.Content(Movies)">RunScript(script.artwork.downloader,mode=gui,mediatype=movie,dbid=$INFO[ListItem.DBID],landscape)</onclick>
                            <onclick condition="Container.Content(TVShows)">RunScript(script.artwork.downloader,mode=gui,mediatype=tvshow,dbid=$INFO[ListItem.DBID],landscape)</onclick>
                        </item>
                    <!--<item id="5">
                            <description>Get Banner</description>
                            <label>$LOCALIZE[42254]</label>
                            <onclick>SetProperty(ChooseArt,banner)</onclick>
                            <onclick condition="Container.Content(Movies)">RunScript(script.artwork.downloader,mode=gui,mediatype=movie,dbid=$INFO[ListItem.DBID],banner)</onclick>
                            <onclick condition="Container.Content(TVShows)">RunScript(script.artwork.downloader,mode=gui,mediatype=tvshow,dbid=$INFO[ListItem.DBID],banner)</onclick>
                        </item>
                        <item id="6">
                            <description>Get clearart</description>
                            <label>$LOCALIZE[42255]</label>
                            <onclick>SetProperty(ChooseArt,clearart)</onclick>
                            <onclick condition="Container.Content(Movies)">RunScript(script.artwork.downloader,mode=gui,mediatype=movie,dbid=$INFO[ListItem.DBID],clearart)</onclick>
                            <onclick condition="Container.Content(TVShows)">RunScript(script.artwork.downloader,mode=gui,mediatype=tvshow,dbid=$INFO[ListItem.DBID],clearart)</onclick>
                        </item> -->
                    </content>
                </control>
                
                <control type="group">
                    <posx>100</posx>
                    <posy>409</posy>
                    <visible>Window.IsActive(progressdialog)</visible>
                    <include>visiblehidefadeinfo</include>
                    <animation effect="slide" end="0,83" time="0" condition="Container(3).HasFocus(2)">Conditional</animation>
                    <animation effect="slide" end="0,166" time="0" condition="Container(3).HasFocus(3) | [Container(3).HasFocus(4) + !Container.Content(tvshows)]">Conditional</animation>
                    <animation effect="slide" end="0,249" time="0" condition="[Container(3).HasFocus(4) + Container.Content(tvshows)] | [Container(3).HasFocus(5) + !Container.Content(tvshows)]">Conditional</animation>
                    <animation effect="slide" end="0,332" time="0" condition="[Container(3).HasFocus(5) + Container.Content(tvshows)] | [Container(3).HasFocus(6) + !Container.Content(tvshows)]">Conditional</animation>
                    <animation effect="slide" end="0,415" time="0" condition="Container(3).HasFocus(6) + Container.Content(tvshows)">Conditional</animation>
                    <control type="image">
                        <description>Weather loading background</description>
                        <posx>358</posx>
                        <posy>-8</posy>
                        <width>100</width>
                        <height>100</height>
                        <texture>osd/fullscreen/weather-loading-back.png</texture>
                    </control>
                    <control type="image">
                        <description>Weather loading indicator</description>
                        <posx>358</posx>
                        <posy>-8</posy>
                        <width>100</width>
                        <height>100</height>
                        <texture>osd/fullscreen/weather-loading.png</texture>
                        <animation effect="rotate" center="auto" start="360" end="0" time="1000" loop="true" condition="true">Conditional</animation>
                    </control>
                </control>
            </control>
        </control>
    </controls>
</window>