<?xml version="1.0" encoding="UTF-8"?>
<includes>
    <default type="label">
        <posx>0</posx>
        <posy>0</posy>
        <label>-</label>
        <height>30</height>
        <align>left</align>
        <aligny>center</aligny>
        <font>Font-Condensed-S32</font>
        <textcolor>white</textcolor>
        <focusedcolor>white</focusedcolor>
        <selectedcolor>white</selectedcolor>
        <disabledcolor>black</disabledcolor>
        <scroll>true</scroll>
    </default>
    <default type="image">
        <posx>0</posx>
        <posy>0</posy>
        <width>-</width>
        <height>-</height>
        <align>center</align>
        <aligny>center</aligny>
        <texture>-</texture>
        <aspectratio>stretch</aspectratio>
    </default>
    <default type="button">
        <posx>0</posx>
        <posy>0</posy>
        <width>150</width>
        <height>30</height>
        <align>center</align>
        <aligny>center</aligny>
        <font>Font-Condensed-S26-B</font>
        <label>-</label>
        <textcolor>cusettings3</textcolor>
        <focusedcolor>white</focusedcolor>
        <disabledcolor>darkgrey</disabledcolor>
        <pulseonselect>false</pulseonselect>
    </default>
    <default type="edit">
        <aligny>center</aligny>
        <pulseonselect>false</pulseonselect>
    </default>
    <default type="togglebutton">
        <posx>0</posx>
        <posy>0</posy>
        <width>150</width>
        <height>30</height>
        <label>-</label>
        <font>Font-Condensed-S32</font>
        <textcolor>grey</textcolor>
        <focusedcolor>blue</focusedcolor>
        <disabledcolor>black</disabledcolor>
        <align>center</align>
        <aligny>center</aligny>
        <pulseonselect>false</pulseonselect>
    </default>
    <default type="radiobutton">
        <posx>0</posx>
        <posy>0</posy>
        <width>120</width>
        <height>76</height>
        <radiowidth>120</radiowidth>
        <radioheight>76</radioheight>
        <align>center</align>
        <aligny>center</aligny>
        <font>Font-Condensed-S32</font>
        <label>-</label>
        <textcolor>grey</textcolor>
        <focusedcolor>blue</focusedcolor>
        <disabledcolor>black</disabledcolor>
        <textureradiofocus>buttons/radio/radio-button-fo.png</textureradiofocus>
        <textureradionofocus>buttons/radio/radio-button-nf.png</textureradionofocus>
        <textoffsetx>5</textoffsetx>
        <pulseonselect>false</pulseonselect>
    </default>
    <default type="spincontrolex">
        <posx>0</posx>
        <posy>0</posy>
        <width>64</width>
        <height>60</height>
        <label>-</label>
        <font>Font-Condensed-S32</font>
        <textureup>buttons/spinctrl/arrow-up-nf.png</textureup>
        <texturedown>buttons/spinctrl/arrow-down-nf.png</texturedown>
        <textureupfocus>buttons/spinctrl/arrow-up-fo.png</textureupfocus>
        <texturedownfocus>buttons/spinctrl/arrow-down-fo.png</texturedownfocus>
        <spinwidth>32</spinwidth>
        <spinheight>60</spinheight>
        <textcolor>grey</textcolor>
        <focusedcolor>blue</focusedcolor>
        <disabledcolor>black</disabledcolor>
        <textoffsetx>0</textoffsetx>
        <align>left</align>
        <aligny>center</aligny>
        <include condition="!Skin.HasSetting(SpinControl.Default)">SpinControlReversed</include>
        <include condition="Skin.HasSetting(SpinControl.Default)">SpinControlDefault</include>
        <pulseonselect>false</pulseonselect>
    </default>
    <default type="spincontrol">
        <posx>0</posx>
        <posy>0</posy>
        <width>64</width>
        <height>60</height>
        <textureup>buttons/spinctrl/arrow-up-nf.png</textureup>
        <texturedown>buttons/spinctrl/arrow-down-nf.png</texturedown>
        <textureupfocus>buttons/spinctrl/arrow-up-fo.png</textureupfocus>
        <texturedownfocus>buttons/spinctrl/arrow-down-fo.png</texturedownfocus>
        <spinwidth>32</spinwidth>
        <spinheight>60</spinheight>
        <font>Font-Condensed-S32</font>
        <textcolor>grey</textcolor>
        <focusedcolor>blue</focusedcolor>
        <disabledcolor>black</disabledcolor>
        <textoffsetx>0</textoffsetx>
        <align>left</align>
        <aligny>center</aligny>
        <include condition="!Skin.HasSetting(SpinControl.Default)">SpinControlReversed</include>
        <include condition="Skin.HasSetting(SpinControl.Default)">SpinControlDefault</include>
        <pulseonselect>false</pulseonselect>
    </default>
    <default type="sliderex">
        <posx>0</posx>
        <posy>0</posy>
        <height>30</height>
        <width>150</width>
        <texturefocus>ButtonInputFo.png</texturefocus>
        <texturenofocus>ButtonInputNF.png</texturenofocus>
        <sliderwidth>100</sliderwidth>
        <sliderheight>15</sliderheight>
        <texturesliderbar>-</texturesliderbar>
        <textureslidernib>-</textureslidernib>
        <textureslidernibfocus>-</textureslidernibfocus>
        <aligny>center</aligny>
        <font>Font-Condensed-S32</font>
        <textcolor>grey</textcolor>
        <focusedcolor>blue</focusedcolor>
        <disabledcolor>black</disabledcolor>
        <textoffsetx>5</textoffsetx>
        <textoffsety>0</textoffsety>
        <pulseonselect>false</pulseonselect>
    </default>
    <default type="progress">
        <posx>0</posx>
        <posy>0</posy>
        <width>280</width>
        <height>15</height>
        <info>-</info>
        <texturebg>-</texturebg>
        <lefttexture>-</lefttexture>
        <midtexture>-</midtexture>
        <righttexture>-</righttexture>
        <overlaytexture>-</overlaytexture>
    </default>
    <default type="slider">
        <posx>0</posx>
        <posy>0</posy>
        <width>280</width>
        <height>15</height>
        <texturesliderbar>-</texturesliderbar>
        <textureslidernib>-</textureslidernib>
        <textureslidernibfocus>-</textureslidernibfocus>
    </default>
</includes>