<?xml version="1.0" encoding="UTF-8"?>
<window>
    <defaultcontrol always="true">10</defaultcontrol>
    <allowoverlay>no</allowoverlay>
    <controls>
        <control type="group">
            <include>OptionsShutdownAnimation</include>
            <include condition="stringcompare(Container.ViewMode,$LOCALIZE[42220])">SongInfoList</include>
            <include condition="stringcompare(Container.ViewMode,$LOCALIZE[42222])">SongInfoInfoList</include>
            <include condition="stringcompare(Container.ViewMode,$LOCALIZE[42231])">SongInfoCoverList</include>
            <include condition="Window.IsVisible(musicplaylisteditor)">SongInfoMusicPlaylistEditor</include>
        </control>
    </controls>
</window>