<?xml version="1.0" encoding="UTF-8"?>
<window>
    <defaultcontrol always="true">21</defaultcontrol>
    <allowoverlay>no</allowoverlay>
    <controls>
        <control type="button" id="21">
            <onfocus>SetFocus(20)</onfocus>
            <animation effect="fade" start="0" end="100" time="0" delay="50">Focus</animation>
        </control>
        <control type="group">
            <include>KeyboardAnimations</include>
            <include>OptionsShutdownAnimation</include>
            <visible>!Window.IsVisible(DialogPeripheralSettings.xml)</visible>
            <control type="image">
                <posx>920</posx>
                <posy>336</posy>
                <width>80</width>
                <height>60</height>
                <texture>dialogs/default/arrow.png</texture>
            </control>
            <control type="image">
                <posx>445</posx>
                <posy>356</posy>
                <width>1030</width>
                <height>368</height>
                <texture border="39">dialogs/default/bg.png</texture>
            </control>
            <control type="image">
            	<posx>479</posx>
            	<posy>390</posy>
            	<width>474</width>
            	<height>301</height>
            	<texture border="5">dialogs/default/inner.png</texture>
            </control>
            <control type="image">
            	<posx>967</posx>
            	<posy>390</posy>
            	<width>474</width>
            	<height>301</height>
            	<texture border="5">dialogs/default/inner.png</texture>
            </control>
            <control type="label">
                <description>Heading</description>
                <posx>473</posx>
                <posy>308</posy>
                <width>974</width>
                <font>Font-Condensed-S34</font>
                <label>$LOCALIZE[35000]</label>
                <textcolor>ddwhite</textcolor>
                <align>center</align>
            </control>
            <control type="list" id="20">
                <posx>479</posx>
                <posy>390</posy>
                <width>474</width>
                <height>300</height>
                <onleft>8000</onleft>
                <onright>60</onright>
                <onup>20</onup>
                <ondown>20</ondown>
                <scrolltime tween="cubic" easing="out">500</scrolltime>
                <pagecontrol>60</pagecontrol>
                <itemlayout height="60">
                    <control type="image">
                        <posx>0</posx>
                        <posy>1</posy>
                        <width>474</width>
                        <height>60</height>
                        <texture>dialogs/default/separator.png</texture>
                    </control>
                    <control type="label">
                        <posx>20</posx>
                        <posy>0</posy>
                        <width>434</width>
                        <height>60</height>
                        <info>ListItem.Label</info>
                        <font>Font-Condensed-S32</font>
                        <align>left</align>
                        <aligny>center</aligny>
                        <textcolor>FF585858</textcolor>
                        <scroll>false</scroll>
                    </control>
                </itemlayout>
                <focusedlayout height="60">
                    <control type="group">
                        <visible>!Control.HasFocus(20)</visible>
                        <animation effect="fade" start="0" end="100" time="300" tween="sine" easing="inout" condition="![Container(20).Scrolling | Container(20).OnScrollNext | Container(20).OnScrollPrevious]">Visible</animation>
                        <animation effect="fade" start="100" end="0" time="300" tween="sine" easing="inout" condition="![Container(20).Scrolling | Container(20).OnScrollNext | Container(20).OnScrollPrevious]">Hidden</animation>
                        <control type="image">
                            <posx>0</posx>
                            <posy>1</posy>
                            <width>474</width>
                            <height>60</height>
                            <texture>dialogs/default/separator.png</texture>
                        </control>
                        <control type="label">
                            <posx>20</posx>
                            <posy>0</posy>
                            <width>354</width>
                            <height>60</height>
                            <info>ListItem.Label</info>
                            <font>Font-Condensed-S32</font>
                            <align>left</align>
                            <aligny>center</aligny>
                            <textcolor>FF585858</textcolor>
                            <scroll>false</scroll>
                        </control>
                        <control type="image">
                            <posx>414</posx>
                            <posy>0</posy>
                            <width>60</width>
                            <height>60</height>
                            <texture>dialogs/select/selected.png</texture>
                        </control>
                    </control>
                    <control type="group">
                        <visible>Control.HasFocus(20)</visible>
                        <animation effect="fade" start="0" end="100" time="300" tween="sine" easing="inout" condition="![Container(20).Scrolling | Container(20).OnScrollNext | Container(20).OnScrollPrevious]">Visible</animation>
                        <animation effect="fade" start="100" end="0" time="300" tween="sine" easing="inout" condition="![Container(20).Scrolling | Container(20).OnScrollNext | Container(20).OnScrollPrevious]">Hidden</animation>
                        <control type="image">
                            <width>474</width>
                            <height>60</height>
                            <texture border="2">dialogs/default/highlight.png</texture>
                        </control>
                        <control type="label">
                            <posx>20</posx>
                            <posy>0</posy>
                            <width>434</width>
                            <height>60</height>
                            <textcolor>eewhite</textcolor>
                            <info>ListItem.Label</info>
                            <font>Font-Condensed-S32</font>
                            <align>left</align>
                            <aligny>center</aligny>
                        </control>
                    </control>
                </focusedlayout>
            </control>
            <control type="image" id="62">
                <animation effect="fade" start="100" end="0" time="0" delay="1500">WindowOpen</animation>
            </control>
            <control type="image" id="61">
                <animation effect="fade" start="0" end="100" time="0">Visible</animation>
                <animation effect="fade" start="100" end="0" time="0">Hidden</animation>
                <visible>Control.HasFocus(60) | !Control.IsVisible(62)</visible>
            </control>
            <control type="image" id="61">
                <animation effect="fade" start="0" end="100" time="0">Visible</animation>
                <animation effect="fade" start="100" end="0" time="0" delay="1500">Hidden</animation>
                <visible>!Control.HasFocus(60) + [Container(20).Scrolling | Container(20).OnScrollNext | Container(20).OnScrollPrevious]</visible>
            </control>
            <control type="scrollbar" id="60">
                <posx>939</posx>
                <posy>393</posy>
                <width>11</width>
                <height>294</height>
                <texturesliderbackground>-</texturesliderbackground>
                <texturesliderbar border="0,6,0,6">dialogs/default/scrollbar.png</texturesliderbar>
                <texturesliderbarfocus border="0,6,0,6">dialogs/default/scrollbar.png</texturesliderbarfocus>
                <textureslidernib>-</textureslidernib>
                <textureslidernibfocus>-</textureslidernibfocus>
                <onleft>20</onleft>
                <onright>8000</onright>
                <showonepage>false</showonepage>
                <orientation>vertical</orientation>
                <animation effect="fade" start="75" end="0" time="300" tween="sine" easing="inout" condition="!Control.IsVisible(61)">Conditional</animation>
            </control>
            <control type="group" id="8001">
                <posx>967</posx>
                <posy>390</posy>
                <control type="button">
                    <description>Name</description>
                    <posx>0</posx>
                    <posy>0</posy>
                    <width>474</width>
                    <height>60</height>
                    <textoffsetx>20</textoffsetx>
                    <label>$LOCALIZE[35502]</label>
                    <label2>[COLOR=FF585858]$INFO[Container(20).ListItem.Label][/COLOR]</label2>
                    <font>Font-Condensed-S32</font>
                    <align>left</align>
                    <aligny>center</aligny>
                    <textcolor>FF787878</textcolor>
                    <texturenofocus>dialogs/default/separator-btn.png</texturenofocus>
                </control>
                <control type="button">
                    <description>Bus / Location</description>
                    <posx>0</posx>
                    <posy>60</posy>
                    <width>474</width>
                    <height>60</height>
                    <textoffsetx>20</textoffsetx>
                    <label>$LOCALIZE[35500]</label>
                    <label2>[COLOR=FF585858]$INFO[Container(20).ListItem.Property(Bus),, • ]$INFO[Container(20).ListItem.Property(Location)][/COLOR]</label2>
                    <font>Font-Condensed-S32</font>
                    <align>left</align>
                    <aligny>center</aligny>
                    <textcolor>FF787878</textcolor>
                    <texturenofocus>dialogs/default/separator-btn.png</texturenofocus>
                </control>
                <control type="button">
                    <description>Class</description>
                    <posx>0</posx>
                    <posy>120</posy>
                    <width>474</width>
                    <height>60</height>
                    <textoffsetx>20</textoffsetx>
                    <label>$LOCALIZE[35501]</label>
                    <label2>[COLOR=FF585858]$INFO[Container(20).ListItem.Property(Class)][/COLOR]</label2>
                    <font>Font-Condensed-S32</font>
                    <align>left</align>
                    <aligny>center</aligny>
                    <textcolor>FF787878</textcolor>
                    <texturenofocus>dialogs/default/separator-btn.png</texturenofocus>
                </control>
                <control type="button">
                    <description>Vendor</description>
                    <posx>0</posx>
                    <posy>180</posy>
                    <width>474</width>
                    <height>60</height>
                    <textoffsetx>20</textoffsetx>
                    <label>$LOCALIZE[35503]</label>
                    <label2>[COLOR=FF585858]$INFO[Container(20).ListItem.Property(Vendor)][/COLOR]</label2>
                    <font>Font-Condensed-S32</font>
                    <align>left</align>
                    <aligny>center</aligny>
                    <textcolor>FF787878</textcolor>
                    <texturenofocus>dialogs/default/separator-btn.png</texturenofocus>
                </control>
                <control type="button">
                    <description>Product</description>
                    <posx>0</posx>
                    <posy>240</posy>
                    <width>474</width>
                    <height>60</height>
                    <textoffsetx>20</textoffsetx>
                    <label>$LOCALIZE[35504]</label>
                    <label2>[COLOR=FF585858]$INFO[Container(20).ListItem.Property(Product)][/COLOR]</label2>
                    <font>Font-Condensed-S32</font>
                    <align>left</align>
                    <aligny>center</aligny>
                    <textcolor>FF787878</textcolor>
                    <texturenofocus>dialogs/default/separator-btn.png</texturenofocus>
                </control>
            </control>
            <control type="group" id="8000">
                <posx>466</posx>
                <posy>686</posy>
                <control type="button" id="10">
                    <description>Close</description>
                    <label>$LOCALIZE[42002]</label>
                    <texturefocus>buttons/cancel-fo.png</texturefocus>
                    <texturenofocus>buttons/cancel-nf.png</texturenofocus>
                    <include>DialogButtonDimensions</include>
                    <onleft>11</onleft>
                    <onright>11</onright>
                    <onup>20</onup>
                    <ondown>20</ondown>
                    <animation effect="fade" start="100" end="75" time="0" condition="!Control.IsEnabled(10)">Conditional</animation>
                </control>
                <control type="button" id="11">
                    <posx>740</posx>
                    <description>Settings</description>
                    <label>$LOCALIZE[5]</label>
                    <texturefocus>buttons/options-fo.png</texturefocus>
                    <texturenofocus>buttons/options-nf.png</texturenofocus>
                    <include>DialogButtonDimensions</include>
                    <onleft>10</onleft>
                    <onright>10</onright>
                    <onup>20</onup>
                    <ondown>20</ondown>
                    <animation effect="fade" start="100" end="75" time="0" condition="!Control.IsEnabled(11)">Conditional</animation>
                </control>
            </control>
        </control>
    </controls>
</window>