<?xml version="1.0" encoding="UTF-8"?>
<window>
    <defaultcontrol always="true">9333</defaultcontrol>
    <allowoverlay>no</allowoverlay>
    <controls>  
        <control type="group">
            <posx>0</posx>
            <posy>0</posy>
            <width>1920</width>
            <height>1080</height>
            <animation type="WindowOpen">
                <effect type="fade" start="15" end="100" time="200" tween="sine" delay="300" easing="in" />
                <effect type="zoom" start="335,125,1440,810" end="0,0,1920,1080" time="300" delay="300" tween="cubic" easing="out" />
            </animation>
            <animation type="WindowClose">
                <effect type="fade" start="100" end="0" time="300" tween="sine" easing="out" />
                <effect type="zoom" start="0,0,1920,1080" end="335,125,1440,810" time="300" tween="cubic" easing="out" />
            </animation>
            <visible>Container.Content(addons)</visible>
            
            <!-- Header Label -->           
            <control type="label">
                <animation effect="fade" start="0" end="100" time="300" tween="sine" delay="150" easing="in">WindowOpen</animation>
                <posx>118</posx>
                <posy>51</posy>
                <width>1684</width>
                <height>100</height>
                <label>$LOCALIZE[24000]: $INFO[ListItem.Property(Addon.Name)]</label>
                <font>Font-Condensed-S75</font>
                <textcolor>aawhite</textcolor>
                <align>left</align>
                <scroll>false</scroll>
                <visible>!Player.HasMedia + !Window.IsActive(infodialog) + !Window.IsActive(extendedprogressdialog)</visible>
                <include>visiblehidefadeinfo</include>
            </control>
            <control type="label">
                <animation effect="fade" start="0" end="100" time="300" tween="sine" delay="150" easing="in">WindowOpen</animation>
                <posx>118</posx>
                <posy>51</posy>
                <width>832</width>
                <height>100</height>
                <label>$LOCALIZE[24000]: $INFO[ListItem.Property(Addon.Name)]</label>
                <font>Font-Condensed-S75</font>
                <textcolor>aawhite</textcolor>
                <align>left</align>
                <scroll>false</scroll>
                <visible>Player.HasMedia | Window.IsActive(infodialog) | Window.IsActive(extendedprogressdialog)</visible>
                <include>visiblehidefadeinfo</include>
            </control>
                        
            <control type="grouplist">
                <animation effect="fade" start="0" end="100" time="300" tween="sine" delay="150" easing="in">WindowOpen</animation>
                <posx>118</posx>
                <posy>144</posy>
                <width>600</width>
                <orientation>horizontal</orientation>
                <itemgap>20</itemgap>
                <!-- Info Label -->
                <control type="label">
                    <posx>118</posx>
                    <posy>0</posy>
                    <height>60</height>
                    <width min="50" max="450">auto</width>
                    <label>$LOCALIZE[42131]</label>
                    <font>Font-Condensed-S45</font>
                    <textcolor>eewhite</textcolor>
                    <align>left</align>
                    <scroll>false</scroll>
                    <animation effect="fade" start="100" end="50" time="200" tween="sine" easing="inout" condition="Window.IsActive(textviewer)">Conditional</animation>
                </control>
                <!-- Changset Label -->
                <control type="label">
                    <posx>118</posx>
                    <posy>0</posy>
                    <height>60</height>
                    <width min="50" max="450">auto</width>
                    <label>24036</label>
                    <font>Font-Condensed-S45</font>
                    <textcolor>eewhite</textcolor>
                    <align>left</align>
                    <scroll>false</scroll>  
                    <animation effect="fade" start="100" end="50" time="200" tween="sine" easing="inout" condition="!Window.IsActive(textviewer)">Conditional</animation>
                    <visible>Control.IsEnabled(10)</visible>
                </control>
            </control>
            
            <!-- Plot Stuff -->
            <control type="group">
                <include>FullscreenDimensions</include>
                <visible allowhiddenfocus="true">!Window.IsActive(textviewer)</visible>
                <include>listEndAnimation</include>
                <animation type="Visible">
                    <effect type="slide" start="-1920" end="0" time="600" delay="0" tween="sine" easing="inout" />
                </animation>
                <animation type="Hidden">
                    <effect type="zoom" start="100" end="75" center="440,540" time="300" tween="sine" easing="inout" />
                    <effect type="slide" start="0" end="-1920" time="600" delay="0" tween="sine" easing="inout" />
                </animation>

                <!-- Icon -->
                <control type="image">
                    <posx>100</posx>
                    <posy>220</posy>
                    <width>436</width>
                    <height>436</height>
                    <aspectratio>scale</aspectratio>
                    <bordertexture border="1">windows/common/darkgrey.png</bordertexture>
                    <texture background="true">$VAR[AddonInfoThumb]</texture>
                </control>
                
                <!-- Shadow -->                
                <control type="image">
                    <description>Shadow</description>
                    <posx>57</posx>
                    <posy>900</posy>
                    <width>526</width>
                    <height>125</height>
                    <texture>windows/home/item-shadow.png</texture>
                </control>
                
                <!-- Panel -->
                <control type="image">
                    <posx>98</posx>
                    <posy>658</posy>
                    <width>444</width>
                    <height>250</height>
                    <texture border="3">views/list/panel/panel.png</texture>
                </control>
                
                <!-- Icon -->
                <control type="image">
                    <posx>100</posx>
                    <posy>220</posy>
                    <width>440</width>
                    <height>440</height>
                    <aspectratio>scale</aspectratio>
                    <bordertexture border="1">windows/common/darkgrey.png</bordertexture>
                    <texture background="true">$VAR[AddonInfoThumb]</texture>
                </control>
                
                <control type="group">
                    <visible>!Window.IsActive(contextmenu)</visible>
                    <include>visiblehidefadeinfo</include>
                    
                    <control type="grouplist" id="9333">
                        <posx>100</posx>
                        <posy>660</posy>
                        <width>440</width>
                        <height>247</height>
                        <onleft condition="!Window.IsVisible(3008)">SetProperty(BounceLeft,1,Home)</onleft>
                        <onright>9334</onright>
                        <onup>9333</onup>
                        <ondown>9333</ondown>
                        <scrolltime tween="cubic" easing="out">500</scrolltime>
                        <itemgap>-1</itemgap>
                        <orientation>vertical</orientation>
                        <control type="button" id="9">
                            <description>Addon Settings</description>
                            <label>$LOCALIZE[24020]</label>
                            <posx>0</posx>
                            <posy>0</posy>
                            <width>440</width>
                            <height>83</height>
                            <textoffsetx>25</textoffsetx>
                            <align>left</align>
                            <font>Font-Condensed-S40</font>
                            <textcolor>99FFFFFF</textcolor>
                            <focusedcolor>eewhite</focusedcolor>
                            <disabledcolor>44FFFFFF</disabledcolor>
                            <shadowcolor>33000000</shadowcolor>
                            <texturenofocus border="90,3,90,3">views/list/other/separator.png</texturenofocus>
                            <texturefocus border="150,3,150,3">windows/settings/images/right-focus.png</texturefocus>
                        </control>
                        <control type="button" id="7">
                            <description>Enable/Disable Addon button</description>
                            <posx>0</posx>
                            <posy>0</posy>
                            <width>440</width>
                            <height>83</height>
                            <textoffsetx>25</textoffsetx>
                            <align>left</align>
                            <font>Font-Condensed-S40</font>
                            <textcolor>99FFFFFF</textcolor>
                            <focusedcolor>eewhite</focusedcolor>
                            <disabledcolor>44FFFFFF</disabledcolor>
                            <shadowcolor>33000000</shadowcolor>
                            <texturenofocus border="90,3,90,3">views/list/other/separator.png</texturenofocus>
                            <texturefocus border="150,3,150,3">windows/settings/images/right-focus.png</texturefocus>
                        </control>
                        <control type="button" id ="6">
                            <description>Deinstall Addon button</description>
                            <posx>0</posx>
                            <posy>0</posy>
                            <width>440</width>
                            <height>83</height>
                            <textoffsetx>25</textoffsetx>
                            <align>left</align>
                            <font>Font-Condensed-S40</font>
                            <textcolor>99FFFFFF</textcolor>
                            <focusedcolor>eewhite</focusedcolor>
                            <disabledcolor>44FFFFFF</disabledcolor>
                            <shadowcolor>33000000</shadowcolor>
                            <texturenofocus border="90,3,90,3">views/list/other/separator.png</texturenofocus>
                            <texturefocus border="150,3,150,3">windows/settings/images/right-focus.png</texturefocus>
                        </control>
                        <control type="button" id="8">
                            <description>Update Addon button</description>
                            <label>$LOCALIZE[24069]</label>
                            <posx>0</posx>
                            <posy>0</posy>
                            <width>440</width>
                            <height>83</height>
                            <textoffsetx>25</textoffsetx>
                            <align>left</align>
                            <font>Font-Condensed-S40</font>
                            <textcolor>99FFFFFF</textcolor>
                            <focusedcolor>eewhite</focusedcolor>
                            <disabledcolor>44FFFFFF</disabledcolor>
                            <shadowcolor>33000000</shadowcolor>
                            <texturenofocus border="90,3,90,3">views/list/other/separator.png</texturenofocus>
                            <texturefocus border="150,3,150,3">windows/settings/images/right-focus.png</texturefocus>
                        </control>
                        <control type="button" id="11">
                            <description>Rollback button</description>
                            <label>$LOCALIZE[24048]</label>
                            <posx>0</posx>
                            <posy>0</posy>
                            <width>440</width>
                            <height>83</height>
                            <textoffsetx>25</textoffsetx>
                            <align>left</align>
                            <font>Font-Condensed-S40</font>
                            <textcolor>99FFFFFF</textcolor>
                            <focusedcolor>eewhite</focusedcolor>
                            <disabledcolor>44FFFFFF</disabledcolor>
                            <shadowcolor>33000000</shadowcolor>
                            <texturefocus border="150,1,150,1">views/other/focus.png</texturefocus>
                        </control>
                        <control type="button" id="20">
                            <visible>!Control.IsEnabled(6) + !Control.IsEnabled(7) + !Control.IsEnabled(8) + !Control.IsEnabled(9) + !Control.IsEnabled(11)</visible>
                            <onright>9334</onright>
                        </control>
                    </control>
                </control>
                                
                <!-- Info -->
                <control type="group">
                    <animation effect="fade" start="0" end="100" time="300" tween="sine" delay="150" easing="in">WindowOpen</animation>
                    <animation effect="fade" start="0" end="100" time="300" tween="sine" delay="500" easing="in">Visible</animation>
                    <animation effect="fade" start="100" end="0" time="300" tween="sine" delay="500" easing="out">Hidden</animation>
                    <posx>575</posx>
                    <posy>246</posy>
                    <width>1150</width>
                    <height>700</height>
                    <control type="grouplist">
                        <!-- Type -->
                        <width>1240</width>
                        <height>50</height>
                        <orientation>horizontal</orientation>
                        <control type="label">
                            <width min="140" max="200">auto</width>
                            <font>Font-Condensed-S34</font>
                            <align>left</align>
                            <label>[B]$LOCALIZE[146][/B]</label>
                            <textcolor>aawhite</textcolor>
                            <scroll>false</scroll>
                        </control>
                        <control type="label">
                            <width>1100</width>
                            <font>Font-Condensed-S34</font>
                            <align>left</align>
                            <label fallback="416">$INFO[ListItem.Property(Addon.Type)]</label>
                            <textcolor>aawhite</textcolor>
                            <scroll>false</scroll>
                        </control>
                    </control>
                    <control type="grouplist">
                        <!-- Author -->
                        <width>1240</width>
                        <height>50</height>
                        <posy>50</posy>
                        <orientation>horizontal</orientation>
                        <control type="label">
                            <posx>0</posx>
                            <posy>0</posy>
                            <width min="140" max="200">auto</width>
                            <font>Font-Condensed-S34</font>
                            <align>left</align>
                            <label>[B]$LOCALIZE[21863]:[/B]</label>
                            <textcolor>aawhite</textcolor>
                            <scroll>false</scroll>
                        </control>
                        <control type="label">
                            <posx>110</posx>
                            <posy>0</posy>
                            <width>1100</width>
                            <font>Font-Condensed-S34</font>
                            <align>left</align>
                            <label fallback="416">$INFO[ListItem.Property(Addon.Creator)]</label>
                            <textcolor>aawhite</textcolor>
                            <scroll>false</scroll>
                        </control>
                    </control>
                    <control type="grouplist">
                        <!-- Version -->
                        <width>1240</width>
                        <height>50</height>
                        <posy>100</posy>
                        <orientation>horizontal</orientation>
                        <control type="label">
                            <width min="140" max="200">auto</width>
                            <font>Font-Condensed-S34</font>
                            <align>left</align>
                            <label>[B]$LOCALIZE[24051][/B]</label>
                            <textcolor>aawhite</textcolor>
                            <scroll>false</scroll>
                        </control>
                        <control type="label">
                            <width>1100</width>
                            <font>Font-Condensed-S34</font>
                            <align>left</align>
                            <label fallback="416">$INFO[ListItem.Property(Addon.Version)]</label>
                            <textcolor>aawhite</textcolor>
                            <scroll>false</scroll>
                        </control>
                    </control>
                    <control type="grouplist">
                        <!-- Summary -->
                        <width>1240</width>
                        <height>50</height>
                        <posy>150</posy>
                        <orientation>horizontal</orientation>
                        <control type="label">
                            <width min="140" max="200">auto</width>
                            <font>Font-Condensed-S34</font>
                            <align>left</align>
                            <label>[B]$LOCALIZE[20037]:[/B]</label>
                            <textcolor>aawhite</textcolor>
                            <scroll>false</scroll>
                        </control>
                        <control type="label">
                            <width>1100</width>
                            <font>Font-Condensed-S34</font>
                            <align>left</align>
                            <label fallback="416">$INFO[ListItem.Property(Addon.Summary)]</label>
                            <textcolor>aawhite</textcolor>
                            <scroll>no</scroll>
                        </control>
                    </control>
                    <control type="group">
                        <!-- Description -->
                        <width>1240</width>
                        <height>50</height>
                        <posy>225</posy>
                        <orientation>horizontal</orientation>
                        <control type="label">
                            <posy>0</posy>
                            <width>1240</width>
                            <font>Font-Condensed-S34</font>
                            <align>left</align>
                            <label>[B]$LOCALIZE[21821][/B]</label>
                            <textcolor>aawhite</textcolor>
                            <scroll>false</scroll>
                        </control>
                        <control type="textbox" id="400">
                            <description>Description</description>
                            <posx>0</posx>
                            <posy>50</posy>
                            <width>1240</width>
                            <include condition="IsEmpty(ListItem.Property(Addon.Disclaimer)) + IsEmpty(ListItem.Property(Addon.broken))">AddonDescHeight_1</include>
                            <include condition="[!IsEmpty(ListItem.Property(Addon.Disclaimer)) + IsEmpty(ListItem.Property(Addon.broken))] | IsEmpty(ListItem.Property(Addon.Disclaimer)) + !IsEmpty(ListItem.Property(Addon.broken))">AddonDescHeight_2</include>
                            <include condition="!IsEmpty(ListItem.Property(Addon.Disclaimer)) + !IsEmpty(ListItem.Property(Addon.broken))">AddonDescHeight_3</include>
                            <font>Font-Condensed-S40</font>
                            <align>justify</align>
                            <textcolor>bbwhite</textcolor>
                            <label fallback="">$INFO[ListItem.Property(Addon.Description)]</label>
                            <autoscroll time="2000" delay="10000" repeat="10000">!Skin.HasSetting(AutoScroll.Disable)</autoscroll>
                            <visible>!IsEmpty(ListItem.Property(Addon.Description))</visible>
                        </control>
                        <control type="label">
                            <posx>0</posx>
                            <posy>50</posy>
                            <width>1240</width>
                            <font>Font-Condensed-S40</font>
                            <align>left</align>
                            <label>$LOCALIZE[42132]</label>
                            <textcolor>bbwhite</textcolor>
                            <scroll>false</scroll>
                            <visible>IsEmpty(ListItem.Property(Addon.Description))</visible>
                        </control>
                    </control>
                    <control type="group">
                        <!-- Disclaimer -->
                        <visible>!IsEmpty(ListItem.Property(Addon.Disclaimer))</visible>
                        <animation effect="slide" end="0,100" time="0" condition="IsEmpty(ListItem.Property(Addon.broken))">Conditional</animation>
                        <width>1240</width>
                        <height>50</height>
                        <posy>470</posy>
                        <orientation>horizontal</orientation>
                        <control type="image">
                            <posx>-6</posx>
                            <posy>0</posy>
                            <width>84</width>
                            <height>84</height>
                            <texture>dialogs/addon-info/disclaimer.png</texture>
                        </control>
                        <control type="label">
                            <posx>90</posx>
                            <posy>5</posy>
                            <width>1150</width>
                            <font>Font-Condensed-S34</font>
                            <align>left</align>
                            <label>[B]$LOCALIZE[24052][/B]</label>
                            <textcolor>aawhite</textcolor>
                            <scroll>false</scroll>
                        </control>
                        <control type="label">
                            <posx>90</posx>
                            <posy>46</posy>
                            <width>1150</width>
                            <font>Font-Condensed-S34</font>
                            <align>left</align>
                            <label>$INFO[ListItem.Property(Addon.Disclaimer)]</label>
                            <textcolor>aawhite</textcolor>
                            <scroll>false</scroll>
                        </control>
                    </control>
                    <control type="group">
                        <!-- Disclaimer -->
                        <visible>!IsEmpty(ListItem.Property(Addon.broken))</visible>
                        <width>1150</width>
                        <height>50</height>
                        <posy>570</posy>
                        <orientation>horizontal</orientation>
                        <control type="image">
                            <posx>-6</posx>
                            <posy>0</posy>
                            <width>84</width>
                            <height>84</height>
                            <texture>dialogs/addon-info/broken.png</texture>
                        </control>
                        <control type="label">
                            <posx>90</posx>
                            <posy>5</posy>
                            <width>1150</width>
                            <font>Font-Condensed-S34</font>
                            <align>left</align>
                            <label>[B]$LOCALIZE[24096][/B]</label>
                            <textcolor>aawhite</textcolor>
                            <scroll>false</scroll>
                        </control>
                        <control type="label">
                            <posx>90</posx>
                            <posy>46</posy>
                            <width>1150</width>
                            <font>Font-Condensed-S34</font>
                            <align>left</align>
                            <label>$INFO[ListItem.Property(Addon.broken)]</label>
                            <textcolor>aawhite</textcolor>
                            <scroll>false</scroll>
                        </control>
                    </control>
                </control>      
            </control>          
        </control>
        
        <control type="button" id="9334">
            <onfocus>SetFocus(9333)</onfocus>
            <onfocus>SendClick(146,10)</onfocus>
            <enable>Control.IsEnabled(10)</enable>
            <visible allowhiddenfocus="true">false</visible>
        </control>
        
        <control type="button" id="10">
            <description>Changelog button</description>
            <visible>false</visible>
        </control>
        
        <include>FadeBackgroundMovieInfo</include>
    </controls>
</window>
