<?xml version="1.0" encoding="UTF-8"?>
<window id="610">
    <defaultcontrol always="true">11</defaultcontrol>
    <zorder>3</zorder>
    <controls>
        <control type="group">
            <include>FullscreenDimensions</include>
            <control type="group">
                <animation type="WindowOpen">
                    <effect type="slide" start="200" end="0" tween="cubic" easing="out" time="545" delay="105" />
                    <effect type="fade" start="0" end="100" tween="sine" easing="inout" time="300" delay="105" />
                    <effect type="zoom" start="90" end="100" center="1462,438" tween="cubic" easing="out" time="400" delay="105" />
                </animation>
                <animation type="WindowClose">
                    <effect type="fade" start="100" end="0" time="300" tween="sine" easing="out" />
                    <effect type="zoom" start="100" end="85" time="300" center="960,600" tween="sine" easing="out" />
                </animation>
                <animation effect="fade" start="100" end="0" time="200" tween="sine" easing="out">Hidden</animation>
                <animation effect="fade" start="0" end="100" time="300" tween="sine" easing="in">Visible</animation>
                <include>OSDWeatherClockPVR</include>
                <control type="group">
                    <description>Channel Preview + Info</description>
                    <posx>884</posx>
                    <posy>218</posy>
                    <control type="image">
                        <posx>-2</posx>
                        <posy>-3</posy>
                        <width>880</width>
                        <height>676</height>
                        <texture border="4">osd/fullscreen/osd-back-pvr-info.png</texture>
                    </control>
                    <control type="label">
                        <posx>30</posx>
                        <posy>20</posy>
                        <width>816</width>
                        <font>Font-Condensed-S40</font>
                        <label>$INFO[Container(11).ListItem.Title]</label>
                        <textcolor>ddwhite</textcolor>
                        <shadowcolor>22000000</shadowcolor>
                        <scroll>false</scroll>
                    </control>
                    <control type="label">
                        <posx>30</posx>
                        <posy>65</posy>
                        <width>1000</width>
                        <font>Font-Condensed-S30</font>
                        <label>$INFO[Container(11).ListItem.StartTime,$LOCALIZE[142] ,]$INFO[Container(11).ListItem.EndTime, - ] ($INFO[Container(11).ListItem.StartDate])</label>
                        <textcolor>aawhite</textcolor>
                        <shadowcolor>22000000</shadowcolor>
                        <scroll>false</scroll>
                    </control>
                    <control type="textbox">
                        <description>Plot</description>
                        <posx>30</posx>
                        <posy>110</posy>
                        <width>816</width>
                        <height>480</height>
                        <info>Container(11).ListItem.Plot</info>
                        <align>justify</align>
                        <textcolor>aawhite</textcolor>
                        <shadowcolor>33000000</shadowcolor>
                        <pagecontrol>71</pagecontrol>
                        <autoscroll delay="13000" time="3000" repeat="13000">!Control.HasFocus(71)</autoscroll>
                        <font>Font-Condensed-S35</font>
                    </control>
                    <control type="label">
                        <posx>30</posx>
                        <posy>600</posy>
                        <width>816</width>
                        <font>Font-Condensed-S30-B</font>
                        <label>$INFO[Container(11).ListItem.Genre]</label>
                        <textcolor>aawhite</textcolor>
                        <shadowcolor>22000000</shadowcolor>
                        <scroll>false</scroll>
                    </control>
                </control>
                <control type="scrollbar" id="71">
                    <description>Scrollbar</description>
                    <posx>1755</posx>
                    <posy>328</posy>
                    <width>6</width>
                    <height>480</height>                    
                    <onleft>70</onleft>
                    <onright>11</onright>
                    <texturesliderbar border="1">views/other/scrollbar-sq.png</texturesliderbar>
                    <texturesliderbarfocus border="1">views/other/scrollbar-sq.png</texturesliderbarfocus>
                    <orientation>vertical</orientation>
                    <showonepage>false</showonepage>
                    <animation effect="fade" start="35" end="0" time="300" tween="sine" easing="inout" condition="!Control.HasFocus(71)">Conditional</animation>
                    <visible>Control.IsVisible(11)</visible>
                </control>
            </control>
            <control type="group">
                <animation type="WindowOpen">
                    <effect type="slide" start="200" end="0" tween="cubic" easing="out" time="650" />
                    <effect type="fade" start="0" end="100" tween="sine" easing="inout" time="300" />
                    <effect type="zoom" start="90" end="100" center="661,438" tween="cubic" easing="out" time="400" />
                </animation>
                <animation type="WindowClose">
                    <effect type="fade" start="100" end="0" time="300" tween="sine" easing="out" />
                    <effect type="zoom" start="100" end="85" time="300" center="960,600" tween="sine" easing="out" />
                </animation>
                <animation effect="fade" start="100" end="0" time="200" tween="sine" easing="out">Hidden</animation>
                <animation effect="fade" start="0" end="100" time="300" tween="sine" easing="in">Visible</animation>
                <control type="label">
                    <description>Header</description>
                    <posx>135</posx>
                    <posy>170</posy>
                    <width>680</width>
                    <height>38</height>
                    <align>left</align>
                    <textoffsetx>30</textoffsetx>
                    <label>$LOCALIZE[19222]$INFO[VideoPlayer.ChannelGroup, • ,]$INFO[VideoPlayer.ChannelName, • ,]</label>
                    <font>Font-Condensed-S34-B</font>
                    <textcolor>bbwhite</textcolor>
                    <shadowcolor>66000000</shadowcolor>
                </control>
                <control type="image">
                    <description>List Panel</description>
                    <posx>148</posx>
                    <posy>215</posy>
                    <width>726</width>
                    <height>676</height>
                    <texture border="4">osd/fullscreen/osd-back-pvr-list.png</texture>
                </control>
                <control type="list" id="11">
                    <posx>150</posx>
                    <posy>218</posy>
                    <width>722</width>
                    <height>672</height>
                    <pagecontrol>70</pagecontrol>
                    <onleft>71</onleft>
                    <onright>71</onright> 
                    <onup>11</onup>
                    <ondown>11</ondown>
                    <viewtype label="535">list</viewtype>
                    <preloaditems>2</preloaditems>
                    <scrolltime tween="cubic" easing="out">500</scrolltime>
                    <itemlayout height="96">
                        <control type="image">
                            <posx>0</posx>
                            <posy>0</posy>
                            <width>722</width>
                            <height>97</height>
                            <texture border="90,3,90,3">views/list/other/separator.png</texture>
                        </control>
                        <control type="image">
                            <posx>0</posx>
                            <posy>1</posy>
                            <width>722</width>
                            <height>94</height>
                            <texture>views/other/selected.png</texture>
                            <colordiffuse>07FFFFFF</colordiffuse>
                            <aspectratio aligny="top">center</aspectratio>
                            <visible>StringCompare(ListItem.Title,VideoPlayer.Title) + StringCompare(ListItem.ChannelNumberLabel,VideoPlayer.ChannelNumberLabel) + StringCompare(ListItem.EndTime,VideoPlayer.EndTime)</visible>
                        </control>
                        <control type="label">
                            <description>Label</description>
                            <posx>16</posx>
                            <posy>0</posy>
                            <width>665</width>
                            <height>58</height>
                            <font>Font-Condensed-S34</font>
                            <align>left</align>
                            <label>$VAR[ListItem.Label]</label>
                            <textcolor>aawhite</textcolor>
                            <scroll>false</scroll>
                        </control>
                        <control type="label">
                            <description>Title</description>
                            <posx>16</posx>
                            <posy>42</posy>
                            <width>665</width>
                            <height>50</height>
                            <font>Font-Condensed-S28</font>
                            <align>left</align>
                            <label>$VAR[ListItem.EpgInfo]</label>
                            <textcolor>77white</textcolor>
                            <scroll>false</scroll>
                        </control>
                        <control type="group">
                            <visible>ListItem.IsRecording</visible>
                            <control type="image">
                                <posx>656</posx>
                                <posy>8</posy>
                                <width>66</width>
                                <height>80</height>
                                <texture>windows/pvr/epg-recording.png</texture>
                            </control>
                            <control type="image">
                                <posx>656</posx>
                                <posy>8</posy>
                                <width>66</width>
                                <height>80</height>
                                <texture>windows/pvr/epg-recording-pulse.png</texture>
                                <animation effect="fade" start="65" end="100" time="750" tween="sine" easing="in" pulse="true" condition="true">Conditional</animation>
                            </control>
                        </control>
                        <control type="image">
                            <posx>656</posx>
                            <posy>8</posy>
                            <width>66</width>
                            <height>80</height>
                            <texture>windows/pvr/epg-timer.png</texture>
                            <visible>ListItem.HasTimer + !ListItem.IsRecording</visible>
                        </control>
                    </itemlayout>
                    <focusedlayout height="96">
                        <control type="image">
                            <posx>0</posx>
                            <posy>0</posy>
                            <width>722</width>
                            <height>97</height>
                            <texture border="90,3,90,3">views/list/other/separator.png</texture>
                        </control>
                        <control type="image">
                            <posx>0</posx>
                            <posy>1</posy>
                            <width>722</width>
                            <height>94</height>
                            <texture>views/other/selected.png</texture>
                            <colordiffuse>07FFFFFF</colordiffuse>
                            <aspectratio aligny="top">center</aspectratio>
                            <visible>StringCompare(ListItem.Title,VideoPlayer.Title) + StringCompare(ListItem.ChannelNumberLabel,VideoPlayer.ChannelNumberLabel) + StringCompare(ListItem.EndTime,VideoPlayer.EndTime)</visible>
                        </control>
                        <control type="image">
                            <posx>0</posx>
                            <posy>0</posy>
                            <width>722</width>
                            <height>95</height>
                            <texture border="150,1,150,1">views/other/focus.png</texture>
                            <animation effect="slide" start="0,96" end="0,0" time="300" reversible="false" tween="back" easing="out" condition="Container(11).OnPrevious">focus</animation>
                            <animation effect="slide" start="0,-96" end="0,0" time="300" reversible="false" tween="back" easing="out" condition="Container(11).OnNext">focus</animation>
                            <include>visiblehidefadeinfo</include>
                            <visible>Control.HasFocus(11)</visible>
                        </control>
                        <control type="group">
                            <animation type="Focus" condition="[Container(11).OnNext | Container(11).OnPrevious] + !Container(11).ListItem.IsPlaying" reversible="false">
                                <effect type="fade" start="64" end="100" time="500" tween="sine" easing="inout" />
                            </animation>
                            <animation effect="fade" start="100" end="64" time="300" tween="sine" easing="inout" condition="!Control.HasFocus(11) + !Container(11).ListItem.IsPlaying">Conditional</animation>
                            <control type="label">
                                <description>Label</description>
                                <posx>16</posx>
                                <posy>0</posy>
                                <width>665</width>
                                <height>58</height>
                                <font>Font-Condensed-S34</font>
                                <align>left</align>
                                <label>$VAR[ListItem.Label]</label>
                                <textcolor>bbwhite</textcolor>
                                <scroll>false</scroll>
                            </control>
                            <control type="label">
                                <description>Title</description>
                                <posx>16</posx>
                                <posy>42</posy>
                                <width>665</width>
                                <height>50</height>
                                <font>Font-Condensed-S28</font>
                                <align>left</align>
                                <label>$VAR[ListItem.EpgInfo]</label>
                                <textcolor>aawhite</textcolor>
                                <scroll>false</scroll>
                            </control>
                        </control>
                        <control type="group">
                            <visible>ListItem.IsRecording</visible>
                            <control type="image">
                                <posx>656</posx>
                                <posy>8</posy>
                                <width>66</width>
                                <height>80</height>
                                <texture>windows/pvr/epg-recording.png</texture>
                            </control>
                            <control type="image">
                                <posx>656</posx>
                                <posy>8</posy>
                                <width>66</width>
                                <height>80</height>
                                <texture>windows/pvr/epg-recording-pulse.png</texture>
                                <animation effect="fade" start="65" end="100" time="750" tween="sine" easing="in" pulse="true" condition="true">Conditional</animation>
                            </control>
                        </control>
                        <control type="image">
                            <posx>656</posx>
                            <posy>8</posy>
                            <width>66</width>
                            <height>80</height>
                            <texture>windows/pvr/epg-timer.png</texture>
                            <visible>ListItem.HasTimer + !ListItem.IsRecording</visible>
                        </control>
                    </focusedlayout>
                </control>
                <control type="scrollbar" id="70">
                    <description>Scrollbar</description>
                    <posx>865</posx>
                    <posy>218</posy>
                    <width>6</width>
                    <height>672</height>
                    <onleft>11</onleft>
                    <onright>71</onright>
                    <texturesliderbar border="1">views/other/scrollbar-sq.png</texturesliderbar>
                    <texturesliderbarfocus border="1">views/other/scrollbar-sq.png</texturesliderbarfocus>
                    <orientation>vertical</orientation>
                    <showonepage>false</showonepage>
                    <animation effect="fade" start="35" end="0" time="300" tween="sine" easing="inout" condition="!Control.IsVisible(9772) + !Control.HasFocus(70)">Conditional</animation>
                </control>
            </control>
        </control>
    </controls>
</window>
