<?xml version="1.0" encoding="UTF-8"?>
<window>
    <defaultcontrol always="true">10</defaultcontrol>
    <zorder>5</zorder>
    <controls>
        <control type="group">
            <animation type="WindowOpen" condition="Window.IsVisible(selectdialog) | Window.IsVisible(DialogSelect.xml) | Window.IsVisible(3004) | Window.IsVisible(script-RSS_Editor-setEditor.xml) | Window.IsVisible(pvrguideinfo) | Window.IsVisible(pvrchannelmanager) | Window.IsVisible(pvrgroupmanager)" reversible="false">
                <effect type="fade" start="0" end="100" time="0" delay="300" />
            </animation>
            <include condition="Window.IsActive(fullscreenvideo) | Window.IsActive(visualisation)">FadeBackgroundDialog</include>
            <control type="group">
                <include>KeyboardAnimations</include>
                <control type="group">
                    <posx>590</posx>
                    <posy>490</posy>
                    <animation effect="slide" end="0,-25" time="0" condition="IsEmpty(Control.GetLabel(2))">Conditional</animation>
                    <animation effect="slide" end="0,-25" time="0" condition="IsEmpty(Control.GetLabel(3))">Conditional</animation>
                    <animation effect="slide" end="0,-25" time="0" condition="IsEmpty(Control.GetLabel(4))">Conditional</animation>
                    <control type="image">
                        <posx>330</posx>
                        <posy>13</posy>
                        <width>80</width>
                        <height>60</height>
                        <texture>dialogs/default/arrow.png</texture>
                    </control>
                    <control type="image">
                        <posx>42</posx>
                        <posy>33</posy>
                        <width>656</width>
                        <height>154</height>
                        <texture border="39">dialogs/default/bg.png</texture>
                    </control>
                    <control type="button" id="11">
                        <description>Yes button</description>
                        <posx>71</posx>
                        <posy>65</posy>
                        <width>300</width>
                        <height>90</height>
                        <onleft>10</onleft>
                        <onright>10</onright>
                        <align>center</align>
                        <font>Font-Condensed-S34-B</font>
                        <label>107</label>
                        <texturefocus border="20">dialogs/keyboard/donefocus.png</texturefocus>
                        <texturenofocus border="20">dialogs/keyboard/key-nf.png</texturenofocus>
                        <textcolor>KeyboardGrey</textcolor>
                        <focusedcolor>eewhite</focusedcolor>
                        <selectedcolor>eewhite</selectedcolor>
                    </control>
                    <control type="button" id="10">
                        <description>No button</description>
                        <posx>368</posx>
                        <posy>65</posy>
                        <width>300</width>
                        <height>90</height>
                        <onleft>11</onleft>
                        <onright>11</onright>
                        <align>center</align>
                        <font>Font-Condensed-S34-B</font>
                        <label>106</label>
                        <texturefocus border="20">dialogs/keyboard/cancelfocus.png</texturefocus>
                        <texturenofocus border="20">dialogs/keyboard/key-nf.png</texturenofocus>
                        <textcolor>KeyboardGrey</textcolor>
                        <focusedcolor>eewhite</focusedcolor>
                        <selectedcolor>eewhite</selectedcolor>
                    </control>
                </control>
                <control type="label" id="1">
                    <description>Dialog Header</description>
                    <posx>460</posx>
                    <posy>327</posy>
                    <width>1000</width>
                    <height>22</height>
                    <font>Font-Condensed-S34</font>
                    <align>center</align>
                    <textcolor>77FFFFFF</textcolor>
                    <animation effect="slide" end="0,25" time="0" condition="IsEmpty(Control.GetLabel(2))">Conditional</animation>
                    <animation effect="slide" end="0,25" time="0" condition="IsEmpty(Control.GetLabel(3))">Conditional</animation>
                    <animation effect="slide" end="0,25" time="0" condition="IsEmpty(Control.GetLabel(4))">Conditional</animation>
                </control>
                <control type="label" id="2">
                    <description>Line 1</description>
                    <posx>100</posx>
                    <posy>367</posy>
                    <width>1720</width>
                    <font>Font-Condensed-S45</font>
                    <align>center</align>
                    <label>-</label>
                    <textcolor>white</textcolor>
                    <animation effect="slide" end="0,25" time="0" condition="IsEmpty(Control.GetLabel(3))">Conditional</animation>
                    <animation effect="slide" end="0,25" time="0" condition="IsEmpty(Control.GetLabel(4))">Conditional</animation>
                </control>
                <control type="label" id="3">
                    <description>Line 2</description>
                    <posx>100</posx>
                    <posy>417</posy>
                    <width>1720</width>
                    <font>Font-Condensed-S45</font>
                    <align>center</align>
                    <label>-</label>
                    <textcolor>white</textcolor>
                    <animation effect="slide" end="0,-25" time="0" condition="IsEmpty(Control.GetLabel(2))">Conditional</animation>
                    <animation effect="slide" end="0,25" time="0" condition="IsEmpty(Control.GetLabel(4))">Conditional</animation>
                </control>
                <control type="label" id="4">
                    <description>Line 3</description>
                    <posx>100</posx>
                    <posy>467</posy>
                    <width>1720</width>
                    <font>Font-Condensed-S45</font>
                    <align>center</align>
                    <label>-</label>
                    <textcolor>white</textcolor>
                    <animation effect="slide" end="0,-25" time="0" condition="IsEmpty(Control.GetLabel(2))">Conditional</animation>
                    <animation effect="slide" end="0,-25" time="0" condition="IsEmpty(Control.GetLabel(3))">Conditional</animation>
                </control>
            </control>
        </control>
    </controls>
</window>
