<?xml version="1.0" encoding="UTF-8"?>
<window>
    <defaultcontrol always="true">9333</defaultcontrol>
    <allowoverlay>no</allowoverlay>
    <controls>  
        <!-- Albums, Artists -->
        <control type="group">
            <posx>0</posx>
            <posy>0</posy>
            <width>1920</width>
            <height>1080</height>
            <animation type="WindowOpen">
                <effect type="fade" start="15" end="100" time="200" tween="sine" delay="300" easing="in" />
                <effect type="zoom" start="335,125,1440,810" end="0,0,1920,1080" time="300" delay="300" tween="cubic" easing="out" />
            </animation>
            <animation type="WindowClose">
                <effect type="fade" start="100" end="0" time="300" tween="sine" easing="out" />
                <effect type="zoom" start="0,0,1920,1080" end="335,125,1440,810" time="300" tween="cubic" easing="out" />
            </animation>
            <visible>[Container.Content(artists) + !IsEmpty(ListItem.Artist)] | [Container.Content(albums) + !IsEmpty(ListItem.Album)]</visible>
            
            <!-- Artist Label -->           
            <control type="label">
                <animation effect="fade" start="0" end="100" time="300" tween="sine" delay="150" easing="in">WindowOpen</animation>
                <posx>118</posx>
                <posy>51</posy>
                <width>1375</width>
                <height>100</height>
                <label>$INFO[ListItem.Artist]</label>
                <font>Font-Condensed-S75</font>
                <textcolor>aawhite</textcolor>
                <align>left</align>
                <scroll>false</scroll>
                <visible>Container.Content(artists) + !Player.HasMedia + !Window.IsActive(infodialog) + !Window.IsActive(extendedprogressdialog)</visible>
                <include>visiblehidefadeinfo</include>
            </control>
            <control type="label">
                <animation effect="fade" start="0" end="100" time="300" tween="sine" delay="150" easing="in">WindowOpen</animation>
                <posx>118</posx>
                <posy>51</posy>
                <width>832</width>
                <height>100</height>
                <label>$INFO[ListItem.Artist]</label>
                <font>Font-Condensed-S75</font>
                <textcolor>aawhite</textcolor>
                <align>left</align>
                <scroll>false</scroll>
                <visible>Container.Content(artists) + [Player.HasMedia | Window.IsActive(infodialog) | Window.IsActive(extendedprogressdialog)]</visible>
                <include>visiblehidefadeinfo</include>
            </control>
            
            <!-- Album Label -->            
            <control type="label">
                <animation effect="fade" start="0" end="100" time="300" tween="sine" delay="150" easing="in">WindowOpen</animation>
                <posx>118</posx>
                <posy>51</posy>
                <width>1375</width>
                <height>100</height>
                <label>$INFO[ListItem.Album]</label>
                <font>Font-Condensed-S75</font>
                <textcolor>aawhite</textcolor>
                <align>left</align>
                <scroll>false</scroll>
                <visible>Container.Content(albums) + !Player.HasMedia + !Window.IsActive(infodialog) + !Window.IsActive(extendedprogressdialog)</visible>
                <include>visiblehidefadeinfo</include>
            </control>
            <control type="label">
                <animation effect="fade" start="0" end="100" time="300" tween="sine" delay="150" easing="in">WindowOpen</animation>
                <posx>118</posx>
                <posy>51</posy>
                <width>832</width>
                <height>100</height>
                <label>$INFO[ListItem.Album]</label>
                <font>Font-Condensed-S75</font>
                <textcolor>aawhite</textcolor>
                <align>left</align>
                <scroll>false</scroll>
                <visible>Container.Content(albums) + [Player.HasMedia | Window.IsActive(infodialog) | Window.IsActive(extendedprogressdialog)]</visible>
                <include>visiblehidefadeinfo</include>
            </control>
            
            <!-- Rating -->
            <control type="image">
                <animation effect="fade" start="0" end="100" time="300" tween="sine" delay="150" easing="in">WindowOpen</animation>
                <posx>1495</posx>
                <posy>42</posy>
                <width>350</width>
                <height>120</height>
                <texture>$INFO[ListItem.StarRating,dialogs/music-info/,]</texture>
                <visible>Container.Content(albums)</visible>
                <animation type="Conditional" condition="Player.HasMedia | Window.IsActive(busydialog) | Window.IsActive(volumebar) | Window.IsActive(infodialog) | Window.IsActive(extendedprogressdialog)">
                    <effect type="fade" start="100" end="8" tween="sine" easing="out" time="300" /> 
                    <effect type="zoom" start="100" end="50" center="1670,99" tween="sine" easing="inout" time="300" />
                </animation>
            </control>
            
            <!-- Biography / Discography / Tracks -->
            <control type="grouplist">
                <animation effect="fade" start="0" end="100" time="300" tween="sine" delay="150" easing="in">WindowOpen</animation>
                <animation effect="slide" start="0" end="1441" time="400" tween="sine" easing="inout" condition="!IsEmpty(Window(3004).Property(ChooseArt)) + [Window.IsActive(filebrowser) | Window.IsActive(selectdialog) | Window.IsActive(DialogSelect.xml)]">Conditional</animation>
                <posx>118</posx>
                <posy>144</posy>
                <width>600</width>
                <orientation>horizontal</orientation>
                <itemgap>20</itemgap>
                <control type="label">
                    <description>Biography Label</description>
                    <posx>0</posx>
                    <posy>0</posy>
                    <width min="50" max="400">auto</width>
                    <height>60</height>
                    <label>$LOCALIZE[41324]</label>
                    <font>Font-Condensed-S45</font>
                    <textcolor>eewhite</textcolor>
                    <align>left</align>
                    <scroll>false</scroll>
                    <animation effect="fade" start="100" end="50" time="200" tween="sine" easing="inout" condition="Control.HasFocus(9334) | Control.HasFocus(50) | [!IsEmpty(Window(3004).Property(ChooseArt)) + [Window.IsActive(filebrowser) | Window.IsActive(selectdialog) | Window.IsActive(DialogSelect.xml)]]">Conditional</animation>
                    <visible>Container.Content(artists)</visible>
                </control>
                <control type="label">
                    <description>Discography Label</description>
                    <posx>0</posx>
                    <posy>0</posy>
                    <width min="50" max="400">auto</width>
                    <height>60</height>
                    <label>$LOCALIZE[41304]</label>
                    <font>Font-Condensed-S45</font>
                    <textcolor>eewhite</textcolor>
                    <align>left</align>
                    <scroll>false</scroll>
                    <animation effect="fade" start="100" end="50" time="200" tween="sine" easing="inout" condition="Control.HasFocus(70) | Control.HasFocus(9333) | Control.HasFocus(9335)">Conditional</animation>
                    <visible>Container.Content(artists) + IntegerGreaterThan(Container(50).NumItems,0)</visible>
                </control>
                <control type="label">
                    <description>Tracks Label</description>
                    <posx>0</posx>
                    <posy>0</posy>
                    <width min="50" max="400">auto</width>
                    <height>60</height>
                    <label>$LOCALIZE[41325]</label>
                    <font>Font-Condensed-S45</font>
                    <textcolor>eewhite</textcolor>
                    <align>left</align>
                    <scroll>false</scroll>
                    <animation effect="fade" start="100" end="50" time="200" tween="sine" easing="inout" condition=" Control.HasFocus(9334) | Control.HasFocus(50) | [!IsEmpty(Window(3004).Property(ChooseArt)) + [Window.IsActive(filebrowser) | Window.IsActive(selectdialog) | Window.IsActive(DialogSelect.xml)]]">Conditional</animation>
                    <visible>Container.Content(albums)</visible>
                </control>
                <control type="label">
                    <description>Review Label</description>
                    <posx>0</posx>
                    <posy>0</posy>
                    <width min="50" max="400">auto</width>
                    <height>60</height>
                    <label>$LOCALIZE[41303]</label>
                    <font>Font-Condensed-S45</font>
                    <textcolor>eewhite</textcolor>
                    <align>left</align>
                    <scroll>false</scroll>  
                    <animation effect="fade" start="100" end="50" time="200" tween="sine" easing="inout" condition="Control.HasFocus(70) | Control.HasFocus(9333) | Control.HasFocus(9335)">Conditional</animation>
                    <visible>Container.Content(albums) + IntegerGreaterThan(Container(50).NumItems,0)</visible>
                </control>
            </control>
            
            <!-- Review Stuff -->
            <control type="group">
                <include>FullscreenDimensions</include>
                <visible allowhiddenfocus="true">Control.HasFocus(70) | Control.HasFocus(9333) | Control.HasFocus(9335)</visible>
                <animation type="Visible">
                    <effect type="slide" start="-1920" end="0" time="500" delay="0" tween="sine" easing="inout" />
                </animation>
                <animation type="Hidden">
                    <effect type="zoom" start="100" end="75" center="640,540" time="250" tween="sine" easing="inout" />
                    <effect type="slide" start="0" end="-2320" time="500" delay="0" tween="sine" easing="inout" />
                </animation>
                <animation effect="slide" start="0" end="1441" time="400" tween="sine" easing="inout" condition="!IsEmpty(Window(3004).Property(ChooseArt)) + [Window.IsActive(filebrowser) | Window.IsActive(selectdialog) | Window.IsActive(DialogSelect.xml)]">Conditional</animation>
                <include>listEndAnimation</include>        
                <control type="image">
                    <description>Shadow</description>
                    <posx>57</posx>
                    <posy>900</posy>
                    <width>526</width>
                    <height>125</height>
                    <texture>windows/home/item-shadow.png</texture>
                </control>
                <control type="image">
                    <description>Panel</description>
                    <posx>98</posx>
                    <posy>658</posy>
                    <width>444</width>
                    <height>250</height>
                    <texture border="3">views/list/panel/panel.png</texture>
                </control>
                <control type="image">
                    <description>Artist/Album Thumb</description>
                    <posx>100</posx>
                    <posy>220</posy>
                    <width>440</width>
                    <height>440</height>
                    <aspectratio>scale</aspectratio>
                    <texture background="true">$VAR[AlbumInfoThumb]</texture>
                </control>
                <control type="list" id="9333">
                    <posx>100</posx>
                    <posy>660</posy>
                    <width>440</width>
                    <height>246</height>
                    <onleft condition="!Window.IsVisible(3008)">SetProperty(BounceLeft,1,Home)</onleft>
                    <onright condition="Control.IsVisible(70)">70</onright>
                    <onright condition="!Control.IsVisible(70) + !IntegerGreaterThan(Container(50).NumItems,0)">SetProperty(BounceRight,1,Home)</onright>
                    <onright condition="!Control.IsVisible(70) + IntegerGreaterThan(Container(50).NumItems,0)">SendClick(2001,5)</onright>
                    <onright condition="!Control.IsVisible(70) + IntegerGreaterThan(Container(50).NumItems,0)">SetFocus(9334)</onright>
                    <onup>9333</onup>
                    <ondown>9333</ondown>
                    <scrolltime>0</scrolltime>
                    <orientation>vertical</orientation>
                    <focusposition>0</focusposition>
                    <itemlayout height="82">
                        <control type="image">
                            <posx>0</posx>
                            <posy>0</posy>
                            <width>436</width>
                            <height>83</height>
                            <texture border="90,3,90,3">views/list/other/separator.png</texture>
                        </control>
                        <control type="label">
                            <posx>25</posx>
                            <posy>0</posy>
                            <width>390</width>
                            <height>81</height>
                            <font>Font-Condensed-S40</font>
                            <label>$INFO[ListItem.Label]</label>
                            <textcolor>eewhite</textcolor>
                            <shadowcolor>33000000</shadowcolor>
                            <animation effect="fade" start="100" end="50" time="0" condition="true">Conditional</animation>
                        </control>
                    </itemlayout>
                    <focusedlayout height="82">
                        <control type="image">
                            <posx>0</posx>
                            <posy>0</posy>
                            <width>440</width>
                            <height>83</height>
                            <texture border="90,3,90,3">views/list/other/separator.png</texture>
                        </control>
                        <control type="image">
                            <posx>0</posx>
                            <posy>0</posy>
                            <width>440</width>
                            <height>81</height>
                            <texture border="150,1,150,1">views/other/focus.png</texture>
                            <animation effect="slide" start="0,82" end="0,0" time="300" reversible="false" tween="back" easing="out" condition="Container(9333).OnPrevious">Focus</animation>
                            <animation effect="slide" start="0,-82" end="0,0" time="300" reversible="false" tween="back" easing="out" condition="Container(9333).OnNext">Focus</animation>
                            <include>visiblehidefadeinfo</include>
                            <visible>Control.HasFocus(9333)</visible>
                        </control>
                        <control type="label">
                            <posx>25</posx>
                            <posy>0</posy>
                            <width>390</width>
                            <height>81</height>
                            <font>Font-Condensed-S40</font>
                            <label>$INFO[ListItem.Label]</label>
                            <textcolor>eewhite</textcolor>
                            <shadowcolor>33000000</shadowcolor>
                            <animation effect="fade" start="50" end="100" time="300" tween="sine" easing="inout" reversible="false" condition="Container(9333).OnNext | Container(9333).OnPrevious">Focus</animation>
                            <animation effect="fade" start="100" end="50" time="300" tween="sine" easing="inout" condition="!Control.HasFocus(9333)">Conditional</animation>
                        </control>
                    </focusedlayout>
                    <content>
                        <item id="1">
                            <description>Play album</description>
                            <label>208</label>
                            <onclick>RunScript(script.playalbum,albumid=$INFO[ListItem.DBID])</onclick>
                            <visible>Container.Content(albums) + System.HasAddon(script.playalbum)</visible>
                        </item>
                        <item id="2">
                            <description>Get poster</description>
                            <label>13405</label>
                            <onclick>SetProperty(ChooseArt,1,3004)</onclick>
                            <onclick>SendClick(albuminformation,10)</onclick>
                            <visible>Control.IsEnabled(10)</visible>
                        </item>
                        <item id="3">
                            <description>Get fanart</description>
                            <label>20413</label>
                            <onclick>SetProperty(ChooseArt,1,3004)</onclick>
                            <onclick>SendClick(albuminformation,12)</onclick>
                            <visible>Control.IsEnabled(12)</visible>
                        </item>
                        <item id="4">
                            <description>Refresh</description>
                            <label>184</label>
                            <onclick>SendClick(albuminformation,6)</onclick>
                            <visible>Control.IsEnabled(6)</visible>
                        </item>
                    </content>
                </control>
                                
                <!-- Info -->
                <control type="group">
                    <animation effect="fade" start="0" end="100" time="300" tween="sine" delay="150" easing="in">WindowOpen</animation>
                    <animation effect="fade" start="0" end="100" time="300" tween="sine" delay="500" easing="in">Visible</animation>
                    <animation effect="fade" start="100" end="0" time="300" tween="sine" delay="500" easing="out">Hidden</animation>
                    <posx>575</posx>
                    <posy>265</posy>
                    <width>1240</width>
                    <height>700</height>
                    <control type="group">
                        <visible>Container.Content(Artists)</visible>
                        <control type="grouplist">
                            <!-- Album title -->
                            <width>1240</width>
                            <height>50</height>
                            <orientation>horizontal</orientation>
                            <control type="label">
                                <width>190</width>
                                <font>Font-Condensed-S34</font>
                                <align>left</align>
                                <label>[B]$LOCALIZE[557]:[/B]</label>
                                <textcolor>aawhite</textcolor>
                                <scroll>false</scroll>
                            </control>
                            <control type="label">
                                <width>1050</width>
                                <font>Font-Condensed-S34</font>
                                <align>left</align>
                                <label fallback="416">$INFO[ListItem.Artist]</label>
                                <textcolor>aawhite</textcolor>
                                <scroll>false</scroll>
                            </control>
                        </control>
                        <control type="grouplist">
                            <!-- Born -->
                            <visible>!IsEmpty(ListItem.Property(Artist_Born))</visible>
                            <width>1240</width>
                            <height>50</height>
                            <posy>50</posy>
                            <orientation>horizontal</orientation>
                            <control type="label">
                                <posx>0</posx>
                                <posy>0</posy>
                                <width>190</width>
                                <font>Font-Condensed-S34</font>
                                <align>left</align>
                                <label>[B]$LOCALIZE[21893]:[/B]</label>
                                <textcolor>aawhite</textcolor>
                                <scroll>false</scroll>
                            </control>
                            <control type="label">
                                <posx>110</posx>
                                <posy>0</posy>
                                <width>1050</width>
                                <font>Font-Condensed-S34</font>
                                <align>left</align>
                                <label fallback="416">$INFO[ListItem.Property(Artist_Born)]</label>
                                <textcolor>aawhite</textcolor>
                                <scroll>false</scroll>
                            </control>
                        </control>
                        <control type="grouplist">
                            <!-- Formed -->
                            <visible>IsEmpty(ListItem.Property(Artist_Born))</visible>
                            <width>1240</width>
                            <height>50</height>
                            <posy>50</posy>
                            <orientation>horizontal</orientation>
                            <control type="label">
                                <posx>0</posx>
                                <posy>0</posy>
                                <width>190</width>
                                <font>Font-Condensed-S34</font>
                                <align>left</align>
                                <label>[B]$LOCALIZE[21894]:[/B]</label>
                                <textcolor>aawhite</textcolor>
                                <scroll>false</scroll>
                            </control>
                            <control type="label">
                                <posx>110</posx>
                                <posy>0</posy>
                                <width>1050</width>
                                <font>Font-Condensed-S34</font>
                                <align>left</align>
                                <label fallback="416">$INFO[ListItem.Property(Artist_Formed)]</label>
                                <textcolor>aawhite</textcolor>
                                <scroll>false</scroll>
                            </control>
                        </control>
                        <control type="grouplist">
                            <!-- Genre -->
                            <width>1240</width>
                            <height>50</height>
                            <posy>150</posy>
                            <orientation>horizontal</orientation>
                            <control type="label">
                                <width>190</width>
                                <font>Font-Condensed-S34</font>
                                <align>left</align>
                                <label>[B]$LOCALIZE[515]:[/B]</label>
                                <textcolor>aawhite</textcolor>
                                <scroll>false</scroll>
                            </control>
                            <control type="label">
                                <width>1050</width>
                                <font>Font-Condensed-S34</font>
                                <align>left</align>
                                <label fallback="416">$INFO[ListItem.Genre]</label>
                                <textcolor>aawhite</textcolor>
                                <scroll>no</scroll>
                            </control>
                        </control>
                        <control type="grouplist">
                            <!-- Style -->
                            <width>1240</width>
                            <height>50</height>
                            <posy>100</posy>
                            <orientation>horizontal</orientation>
                            <control type="label">
                                <width>190</width>
                                <font>Font-Condensed-S34</font>
                                <align>left</align>
                                <label>[B]$LOCALIZE[176]:[/B]</label>
                                <textcolor>aawhite</textcolor>
                                <scroll>false</scroll>
                            </control>
                            <control type="label">
                                <width>1050</width>
                                <font>Font-Condensed-S34</font>
                                <align>left</align>
                                <label fallback="416">$INFO[ListItem.Property(Artist_Style)]</label>
                                <textcolor>aawhite</textcolor>
                                <scroll>false</scroll>
                            </control>
                        </control>
                        <control type="group">
                            <!-- Biography -->
                            <width>1240</width>
                            <height>50</height>
                            <posy>225</posy>
                            <orientation>horizontal</orientation>
                            <control type="label">
                                <posy>0</posy>
                                <width>1240</width>
                                <font>Font-Condensed-S34</font>
                                <align>left</align>
                                <label>[B]$LOCALIZE[21887][/B]</label>
                                <textcolor>aawhite</textcolor>
                                <scroll>false</scroll>
                            </control>
                            <control type="textbox">
                                <description>Description</description>
                                <posx>0</posx>
                                <posy>50</posy>
                                <width>1240</width>
                                <height>330</height>
                                <font>Font-Condensed-S40</font>
                                <align>justify</align>
                                <textcolor>bbwhite</textcolor>
                                <pagecontrol>70</pagecontrol>
                                <autoscroll time="2000" delay="10000" repeat="10000">!Control.HasFocus(70) + !Skin.HasSetting(AutoScroll.Disable)</autoscroll>
                                <label>$INFO[ListItem.Property(Artist_Description)]</label>
                                <visible>!IsEmpty(ListItem.Property(Artist_Description))</visible>
                            </control>
                            <control type="label">
                                <posx>0</posx>
                                <posy>50</posy>
                                <width>1240</width>
                                <font>Font-Condensed-S40</font>
                                <align>left</align>
                                <label>$LOCALIZE[547]</label>
                                <textcolor>bbwhite</textcolor>
                                <scroll>false</scroll>
                                <visible>IsEmpty(ListItem.Property(Artist_Description))</visible>
                            </control>
                        </control>
                    </control>
                    <control type="group">
                        <visible>Container.Content(Albums)</visible>
                        <control type="grouplist">
                            <!-- Album title -->
                            <width>1240</width>
                            <height>50</height>
                            <orientation>horizontal</orientation>
                            <control type="label">
                                <width>190</width>
                                <font>Font-Condensed-S34</font>
                                <align>left</align>
                                <label>[B]$LOCALIZE[558]:[/B]</label>
                                <textcolor>aawhite</textcolor>
                                <scroll>false</scroll>
                            </control>
                            <control type="label">
                                <width>1050</width>
                                <font>Font-Condensed-S34</font>
                                <align>left</align>
                                <label fallback="416">$INFO[ListItem.Album]</label>
                                <textcolor>aawhite</textcolor>
                                <scroll>false</scroll>
                            </control>
                        </control>
                        <control type="grouplist">
                            <!-- Author -->
                            <width>1240</width>
                            <height>50</height>
                            <posy>50</posy>
                            <orientation>horizontal</orientation>
                            <control type="label">
                                <posx>0</posx>
                                <posy>0</posy>
                                <width>190</width>
                                <font>Font-Condensed-S34</font>
                                <align>left</align>
                                <label>[B]$LOCALIZE[557]:[/B]</label>
                                <textcolor>aawhite</textcolor>
                                <scroll>false</scroll>
                            </control>
                            <control type="label">
                                <posx>110</posx>
                                <posy>0</posy>
                                <width>1050</width>
                                <font>Font-Condensed-S34</font>
                                <align>left</align>
                                <label fallback="416">$INFO[ListItem.Artist]</label>
                                <textcolor>aawhite</textcolor>
                                <scroll>false</scroll>
                            </control>
                        </control>
                        <control type="grouplist">
                            <!-- Year -->
                            <width>1240</width>
                            <height>50</height>
                            <posy>100</posy>
                            <orientation>horizontal</orientation>
                            <control type="label">
                                <width>190</width>
                                <font>Font-Condensed-S34</font>
                                <align>left</align>
                                <label>[B]$LOCALIZE[562]:[/B]</label>
                                <textcolor>aawhite</textcolor>
                                <scroll>false</scroll>
                            </control>
                            <control type="label">
                                <width>1050</width>
                                <font>Font-Condensed-S34</font>
                                <align>left</align>
                                <label fallback="416">$INFO[ListItem.Year]</label>
                                <textcolor>aawhite</textcolor>
                                <scroll>false</scroll>
                            </control>
                        </control>
                        <control type="grouplist">
                            <!-- Genre -->
                            <width>1240</width>
                            <height>50</height>
                            <posy>150</posy>
                            <orientation>horizontal</orientation>
                            <control type="label">
                                <width>190</width>
                                <font>Font-Condensed-S34</font>
                                <align>left</align>
                                <label>[B]$LOCALIZE[515]:[/B]</label>
                                <textcolor>aawhite</textcolor>
                                <scroll>false</scroll>
                            </control>
                            <control type="label">
                                <width>1050</width>
                                <font>Font-Condensed-S34</font>
                                <align>left</align>
                                <label fallback="416">$INFO[ListItem.Genre]</label>
                                <textcolor>aawhite</textcolor>
                                <scroll>no</scroll>
                            </control>
                        </control>
                        <control type="group">
                            <!-- Review -->
                            <width>1240</width>
                            <height>50</height>
                            <posy>225</posy>
                            <orientation>horizontal</orientation>
                            <control type="label">
                                <posy>0</posy>
                                <width>1240</width>
                                <font>Font-Condensed-S34</font>
                                <align>left</align>
                                <label>[B]$LOCALIZE[183][/B]</label>
                                <textcolor>aawhite</textcolor>
                                <scroll>false</scroll>
                            </control>
                            <control type="textbox">
                                <description>Description</description>
                                <posx>0</posx>
                                <posy>50</posy>
                                <width>1240</width>
                                <height>330</height>
                                <font>Font-Condensed-S40</font>
                                <align>justify</align>
                                <textcolor>bbwhite</textcolor>
                                <pagecontrol>70</pagecontrol>
                                <autoscroll time="2000" delay="10000" repeat="10000">!Control.HasFocus(70) + !Skin.HasSetting(AutoScroll.Disable)</autoscroll>
                                <label>$INFO[ListItem.Property(Album_Description)]</label>
                                <visible>!IsEmpty(ListItem.Property(Album_Description))</visible>
                            </control>
                            <control type="label">
                                <posx>0</posx>
                                <posy>50</posy>
                                <width>1240</width>
                                <font>Font-Condensed-S40</font>
                                <align>left</align>
                                <label>$LOCALIZE[414]</label>
                                <textcolor>bbwhite</textcolor>
                                <scroll>false</scroll>
                                <visible>IsEmpty(ListItem.Property(Album_Description))</visible>
                            </control>
                        </control>
                    </control>
                    <!-- Scrollbar -->
                    <control type="image">
                        <description>Scrollbar background</description>
                        <posx>1260</posx>
                        <posy>288</posy>
                        <width>6</width>
                        <height>300</height>
                        <texture border="1">views/other/scrollbar-sq.png</texture>
                        <visible>Control.IsVisible(70)</visible>
                        <animation effect="fade" start="25" end="10" time="300" tween="sine" easing="inout" condition="!Control.HasFocus(70)">Conditional</animation>
                    </control>
                    <onright condition="!IntegerGreaterThan(Container(50).NumItems,0)">SetProperty(BounceRight,1,Home)</onright>
                    <control type="scrollbar" id="70">
                        <description>Scrollbar</description>
                        <posx>1260</posx>
                        <posy>288</posy>
                        <width>6</width>
                        <height>300</height>                    
                        <onleft>9333</onleft>
                        <onright>SendClick(2001,5)</onright>
                        <onright>SetFocus(9334)</onright>
                        <texturesliderbar border="1">views/other/scrollbar-sq.png</texturesliderbar>
                        <texturesliderbarfocus border="1">views/other/scrollbar-sq.png</texturesliderbarfocus>
                        <orientation>vertical</orientation>
                        <showonepage>false</showonepage>
                        <animation effect="fade" start="80" end="35" time="300" tween="sine" easing="inout" condition="!Control.HasFocus(70)">Conditional</animation>
                        <visible>![IsEmpty(ListItem.Property(Artist_Description)) + IsEmpty(ListItem.Property(Album_Description))]</visible>
                    </control>
                </control>
            </control>

            <!-- Tracks / Discography Stuff -->
            <control type="group">
                <include>FullscreenDimensions</include>
                <visible allowhiddenfocus="true">Control.HasFocus(9334) | Control.HasFocus(50)</visible>
                <animation type="Visible">
                    <effect type="slide" start="1920" end="0" time="500" delay="0" tween="sine" easing="inout" />
                </animation>
                <animation type="Hidden">
                    <effect type="zoom" start="100" end="75" center="640,540" time="250" tween="sine" easing="inout" />
                    <effect type="slide" end="2320" time="500" delay="0" tween="sine" easing="inout" />
                </animation>
                <include>listEndAnimation</include>
                <control type="list" id="50">
                    <posx>118</posx>
                    <posy>234</posy>
                    <width>980</width>
                    <height>660</height>
                    <onleft>SetFocus(9335)</onleft>
                    <onright condition="!Window.IsVisible(3009)">SetProperty(BounceRight,1,Home)</onright>
                    <onup>noop</onup>
                    <ondown>noop</ondown>
                    <scrolltime>200</scrolltime>
                    <orientation>vertical</orientation>
                    <focusposition>0</focusposition>
                    <viewtype label="album/track list">list</viewtype>
                    <itemlayout condition="Container.Content(Artists)" height="60">
                        <control type="label">
                            <posx>0</posx>
                            <posy>0</posy>
                            <width>980</width>
                            <height>60</height>
                            <label>$VAR[ArtistInfoDiscography]</label>
                            <font>Font-Condensed-S40</font>
                            <textcolor>aawhite</textcolor>
                            <selectedcolor>eewhite</selectedcolor>
                            <align>left</align>
                            <aligny>center</aligny>
                            <scroll>no</scroll>
                            <visible>!IsEmpty(ListItem.label2)</visible>
                        </control>  
                    </itemlayout>
                    <itemlayout condition="Container.Content(Albums)" height="60">
                        <control type="label">
                            <posx>0</posx>
                            <posy>0</posy>
                            <width>980</width>
                            <height>60</height>
                            <label>$VAR[AlbumInfoTracks]</label>
                            <font>Font-Condensed-S40</font>
                            <textcolor>aawhite</textcolor>
                            <selectedcolor>eewhite</selectedcolor>
                            <align>left</align>
                            <aligny>center</aligny>
                            <scroll>no</scroll>
                        </control>  
                    </itemlayout>
                    <focusedlayout condition="Container.Content(Artists)" height="60">
                        <control type="label">
                            <posx>0</posx>
                            <posy>0</posy>
                            <width>980</width>
                            <height>60</height>
                            <label>$VAR[ArtistInfoDiscography]</label>
                            <textcolor>eewhite</textcolor>
                            <selectedcolor>eewhite</selectedcolor>
                            <font>Font-Condensed-S40</font>
                            <align>left</align>
                            <aligny>center</aligny>
                        </control>  
                    </focusedlayout>
                    <focusedlayout condition="Container.Content(Albums)" height="60">
                        <control type="button">
                            <onfocus>SetFocus(9334)</onfocus>
                        </control>
                        <control type="label">
                            <posx>0</posx>
                            <posy>0</posy>
                            <width>980</width>
                            <height>60</height>
                            <label>$VAR[AlbumInfoTracks]</label>
                            <textcolor>eewhite</textcolor>
                            <selectedcolor>eewhite</selectedcolor>
                            <font>Font-Condensed-S40</font>
                            <align>left</align>
                            <aligny>center</aligny>
                        </control>
                    </focusedlayout>
                </control>
                
                <control type="image">
                    <description>Album image</description>
                    <posx>1119</posx>
                    <posy>220</posy>
                    <width>687</width>
                    <height>687</height>
                    <texture background="true">$INFO[Container(50).ListItem.Art(thumb)]</texture>
                    <fadetime>300</fadetime>
                    <aspectratio>scale</aspectratio>
                </control>
                <control type="image">
                    <description>Album image</description>
                    <posx>1119</posx>
                    <posy>220</posy>
                    <width>687</width>
                    <height>687</height>
                    <fadetime>300</fadetime>
                    <texture>$INFO[Container(50).ListItem.Art(thumb),dialogs/album-info/,]</texture>
                </control>
                <control type="image">
                    <description>Shadow</description>
                    <posx>1076</posx>
                    <posy>900</posy>
                    <width>773</width>
                    <height>125</height>
                    <texture>windows/home/item-shadow.png</texture>
                    <visible>Container.Content(artists) + !IsEmpty(Container(50).ListItem.Art(thumb))</visible>
                    <include>visiblehidefadeinfo</include>
                </control>
                           
            </control>
        </control>
        
        <!-- Invisible Buttons -->
        <control type="button" id="5">
            <description>Review/Tracks</description>
            <visible>false</visible>
        </control>
        
        <control type="button" id="50">
            <onleft>SetFocus(9335)</onleft>
            <visible>!IntegerGreaterThan(Container(50).NumItems,0)</visible>
        </control>
        
        <control type="button" id="9334">
            <onfocus condition="Container.Content(Artists)">SetFocus(50)</onfocus>
            <onleft condition="Container.Content(Albums)">SetFocus(9335)</onleft>
            <onup condition="Container.Content(Albums)">Control.Move(50,-1)</onup>
            <ondown condition="Container.Content(Albums)">Control.Move(50,1)</ondown>
            <onclick condition="Container.Content(Albums) + System.HasAddon(script.playalbum)">RunScript(script.playalbum,albumid=$INFO[ListItem.DBID]&amp;tracknr=$INFO[Container(50).ListItem.TrackNumber])</onclick>
        </control>
        
        <control type="button" id="9335">
            <onfocus>SendClick(2001,5)</onfocus>
            <onfocus>SetFocus(9333)</onfocus>
            <animation effect="fade" start="0" end="100" time="0" delay="725">Focus</animation>
        </control>
        
        <control type="button" id="10">
            <description>Get poster button</description>
            <visible>false</visible>
        </control>
        
        <control type="button" id="12">
            <description>Get fanart button</description>
            <visible>false</visible>
        </control>
        
        <control type="button" id="6">
            <description>Refresh button</description>
            <visible>false</visible>
        </control>
        
        <include>FadeBackgroundMovieInfo</include>
    </controls>
</window>