<?xml version="1.0" encoding="UTF-8"?>
<window id="602">
    <defaultcontrol always="true">8000</defaultcontrol>
    <include condition="Window.IsActive(fullscreenvideo)">PVRGuideInfoZOrder</include>
    <controls>
		<include condition="Window.IsActive(fullscreenvideo)">FadeBackground</include>
        <control type="group">
            <include>KeyboardAnimations</include>
            <visible>!Window.IsVisible(yesnodialog)</visible>
            <control type="image">
                <posx>920</posx>
                <posy>180</posy>
                <width>80</width>
                <height>60</height>
                <texture>dialogs/default/arrow.png</texture>
            </control>
            <control type="image">
                <posx>526</posx>
                <posy>200</posy>
                <width>868</width>
                <height>680</height>
                <texture border="39">dialogs/default/bg.png</texture>
            </control>       
            <control type="label">
                <description>Heading</description>
                <posx>560</posx>
                <posy>152</posy>
                <width>800</width>
                <label>$INFO[ListItem.Title]</label>
                <font>Font-Condensed-S34</font>
                <textcolor>ddwhite</textcolor>
                <align>center</align>
            </control>
            <control type="group">
                <posx>560</posx>
                <posy>234</posy>
                <control type="image">
                    <posx>0</posx>
                    <posy>0</posy>
                    <width>800</width>
                    <height>239</height>
                    <texture border="5">dialogs/default/inner.png</texture>
                </control>
                <control type="button">
                    <description>Time</description>
                    <posx>0</posx>
                    <posy>0</posy>
                    <width>800</width>
                    <height>60</height>
                    <align>left</align>
                    <textoffsetx>20</textoffsetx>
                    <textwidth>540</textwidth>
                    <font>Font-Condensed-S32</font>
                    <textcolor>FF585858</textcolor>
                    <disabledcolor>FF585858</disabledcolor>
                    <shadowcolor>20FFFFFF</shadowcolor>
                    <texturenofocus>dialogs/default/separator.png</texturenofocus>
                    <label>$LOCALIZE[142]</label>
                    <label2>$INFO[ListItem.StartTime]$INFO[ListItem.EndTime, - ] ($INFO[ListItem.StartDate])</label2>
                    <enable>false</enable>
                </control>
                <control type="button">
                    <description>Duration</description>
                    <posx>0</posx>
                    <posy>59</posy>
                    <width>800</width>
                    <height>60</height>
                    <align>left</align>
                    <textoffsetx>20</textoffsetx>
                    <textwidth>540</textwidth>
                    <font>Font-Condensed-S32</font>
                    <textcolor>FF585858</textcolor>
                    <disabledcolor>FF585858</disabledcolor>
                    <shadowcolor>20FFFFFF</shadowcolor>
                    <texturenofocus>dialogs/default/separator.png</texturenofocus>
                    <label>$LOCALIZE[180]</label>
                    <label2>$INFO[ListItem.Duration]</label2>
                    <enable>false</enable>
                </control>
                <control type="button">
                    <description>Channel</description>
                    <posx>0</posx>
                    <posy>118</posy>
                    <width>800</width>
                    <height>60</height>
                    <align>left</align>
                    <textoffsetx>20</textoffsetx>
                    <textwidth>540</textwidth>
                    <font>Font-Condensed-S32</font>
                    <textcolor>FF585858</textcolor>
                    <disabledcolor>FF585858</disabledcolor>
                    <shadowcolor>20FFFFFF</shadowcolor>
                    <texturenofocus>dialogs/default/separator.png</texturenofocus>
                    <label>$LOCALIZE[19148]</label>
                    <label2>$INFO[ListItem.ChannelName]</label2>
                    <enable>false</enable>
                </control>
                <control type="button">
                    <description>Genre</description>
                    <posx>0</posx>
                    <posy>177</posy>
                    <width>800</width>
                    <height>60</height>
                    <align>left</align>
                    <textoffsetx>20</textoffsetx>
                    <textwidth>540</textwidth>
                    <font>Font-Condensed-S32</font>
                    <textcolor>FF585858</textcolor>
                    <disabledcolor>FF585858</disabledcolor>
                    <shadowcolor>20FFFFFF</shadowcolor>
                    <label>$LOCALIZE[135]</label>
                    <label2 fallback="161">$INFO[ListItem.Genre]</label2>
                    <enable>false</enable>
                </control>
            </control>
            <control type="image">
                <posx>560</posx>
                <posy>486</posy>
                <width>800</width>
                <height>360</height>
                <texture border="5">dialogs/default/inner.png</texture>
            </control>
            <control type="textbox" id="400">
                <description>Plot value</description>
                <posx>580</posx>
                <posy>506</posy>
                <width>760</width>
                <height>320</height>
                <font>Font-Condensed-S34</font>
                <align>justify</align>
                <textcolor>FF585858</textcolor>
                <shadowcolor>20FFFFFF</shadowcolor>
                <pagecontrol>60</pagecontrol>
                <autoscroll delay="10000" time="3000" repeat="6000">!Control.HasFocus(60) + !Skin.HasSetting(AutoScroll.Disable)</autoscroll>
                <label fallback="161">$INFO[ListItem.Plot]</label>
            </control>
            <control type="scrollbar" id="60">
                <posx>1346</posx>
                <posy>509</posy>
                <width>11</width>
                <height>314</height>
                <texturesliderbackground>-</texturesliderbackground>
                <texturesliderbar border="0,6,0,6">dialogs/default/scrollbar.png</texturesliderbar>
                <texturesliderbarfocus border="0,6,0,6">dialogs/default/scrollbar.png</texturesliderbarfocus>
                <textureslidernib>-</textureslidernib>
                <textureslidernibfocus>-</textureslidernibfocus>
                <onleft>8000</onleft>
                <onright>8000</onright>
                <ondown>60</ondown>
                <onup>60</onup>
                <showonepage>false</showonepage>
                <orientation>vertical</orientation>
                <animation effect="fade" start="75" end="0" time="300" tween="sine" easing="inout" condition="!Control.HasFocus(60)">Conditional</animation>
            </control>
            <control type="group" id="8000">
                <visible>Window.IsActive(pvrguideinfo)</visible>
                <posx>549</posx>
                <posy>843</posy>
                <defaultcontrol>5</defaultcontrol>
                <control type="button" id="7">
                    <description>Cancel</description>
                    <texturefocus>buttons/cancel-fo.png</texturefocus>
                    <texturenofocus>buttons/cancel-nf.png</texturenofocus>
                    <include>DialogButtonDimensions</include>
                    <label>$LOCALIZE[42002]</label>
                    <onleft>6</onleft>
                    <onright>5</onright>
                    <onup>60</onup>
                    <ondown>60</ondown>
                </control>
                <control type="button" id="5">
                    <posx>200</posx>
                    <description>Switch</description>
                    <label>$LOCALIZE[19165]</label>
                    <texturefocus>buttons/switch-fo.png</texturefocus>
                    <texturenofocus>buttons/switch-nf.png</texturenofocus>
                    <include>DialogButtonDimensions</include>
                    <onleft>7</onleft>
                    <onright>6</onright>
                    <onup>60</onup>
                    <ondown>60</ondown>
                </control>
                <control type="button" id="6">
                    <posx>469</posx>
                    <description>Record</description>
                    <label>-</label>
                    <include>DialogButtonDimensionsRightAlign</include>
                    <texturefocus>buttons/record-fo.png</texturefocus>
                    <texturenofocus>buttons/record-nf.png</texturenofocus>
                    <onleft>5</onleft>
                    <onright>7</onright>
                    <onup>60</onup>
                    <ondown>60</ondown>
                </control>
            </control>
            <control type="group" id="8000">
                <visible>Window.IsActive(pvrrecordinginfo)</visible>
                <posx>549</posx>
                <posy>843</posy>
                <control type="button" id="10">
                    <description>Select</description>
                    <texturefocus>buttons/cancel-fo.png</texturefocus>
                    <texturenofocus>buttons/cancel-nf.png</texturenofocus>
                    <include>DialogButtonDimensions</include>
                    <label>$LOCALIZE[42002]</label>
                    <onleft>6</onleft>
                    <onright>5</onright>
                    <onup>60</onup>
                    <ondown>60</ondown>
                </control>
            </control>
        </control>
    </controls>
</window>