<?xml version="1.0" encoding="UTF-8"?>
<window>
    <controls>
        <control type="group">
            <posx>1745</posx>
            <posy>24</posy>
            <include>BannerListInfoAnimation</include>
            <control type="group">
                <control type="image">
                    <posx>-4</posx>
                    <posy>27</posy>
                    <width>100</width>
                    <height>100</height>
                    <texture>dialogs/extendedprogress/loading-back-busy.png</texture>
                </control>
                <control type="image">
                    <description>Loading indicator</description>
                    <posx>-4</posx>
                    <posy>27</posy>
                    <width>100</width>
                    <height>100</height>
                    <texture>dialogs/extendedprogress/loading-red.png</texture>
                    <animation effect="rotate" center="auto" start="360" end="0" time="1500" loop="true" condition="true">Conditional</animation>
                </control>
                <control type="progress" id="10">
                	<description>progress control</description>
                	<visible>false</visible>
                </control>
            </control>
        </control>
    </controls>
</window>