<?xml version="1.0" encoding="UTF-8"?>
<window>
    <defaultcontrol></defaultcontrol>
    <controls>
        <control type="label" id="1999">
            <description>Dialog animations (doesn't work)</description>
            <visible>false</visible>
            <label>-</label>
        </control>
        <control type="group" id="2000">
            <posx>1745</posx>
            <posy>26</posy>
            <visible>false</visible>
            <control type="image" id="2001">
                <description>Download image</description>
                <posx>18</posx>
                <posy>46</posy>
                <width>59</width>
                <height>59</height>
                <texture>dialogs/kaitoast/download.png</texture>
            </control>
            <control type="label" id="2002">
                <description>Header label</description>
                <posx>0</posx>
                <posy>0</posy>
                <width>750</width>
                <height>120</height>
                <label>font=Font-Condensed-S36-B,textColor=C0FFFFFF,alignment=right+centery</label>
                <scroll>false</scroll>
            </control>
            <control type="label" id="2003">
                <description>Title label</description>
                <posx>0</posx>
                <posy>33</posy>
                <width>750</width>
                <height>120</height>
                <label>font=Font-Condensed-S28,textColor=80FFFFFF,alignment=right+centery</label>
                <scroll>false</scroll>
            </control>
            <control type="progress" id="2004">
        		<visible>false</visible>
        	</control>
        	<control type="label" id="2045">
        		<visible>false</visible>
        		<label>-</label>
        	</control>
        </control>
	</controls>
</window>