<?xml version="1.0" encoding="UTF-8"?>
<includes>

    <!-- Variables -->
    <variable name="TVGuideInfoFanart">
      <value condition="ControlGroup(9001).HasFocus(200) | stringcompare(Window(home).Property(TVGuide.MondayList),1)">$INFO[Container(200).ListItem.Property(Fanart)]</value>
      <value condition="ControlGroup(9001).HasFocus(201) | stringcompare(Window(home).Property(TVGuide.TuesdayList),1)">$INFO[Container(201).ListItem.Property(Fanart)]</value>
      <value condition="ControlGroup(9001).HasFocus(202) | stringcompare(Window(home).Property(TVGuide.WednesdayList),1)">$INFO[Container(202).ListItem.Property(Fanart)]</value>
      <value condition="ControlGroup(9001).HasFocus(203) | stringcompare(Window(home).Property(TVGuide.ThursdayList),1)">$INFO[Container(203).ListItem.Property(Fanart)]</value>
      <value condition="ControlGroup(9001).HasFocus(204) | stringcompare(Window(home).Property(TVGuide.FridayList),1)">$INFO[Container(204).ListItem.Property(Fanart)]</value>
      <value condition="ControlGroup(9001).HasFocus(205) | stringcompare(Window(home).Property(TVGuide.SaturdayList),1)">$INFO[Container(205).ListItem.Property(Fanart)]</value>
      <value condition="ControlGroup(9001).HasFocus(206) | stringcompare(Window(home).Property(TVGuide.SundayList),1)">$INFO[Container(206).ListItem.Property(Fanart)]</value>
    </variable>
    
    <variable name="TVGuideNextTitle0">
        <value condition="ControlGroup(9001).HasFocus(206)">$INFO[Container(206).ListItem(0).Property(NextNumber),, ]$INFO[Container(206).ListItem(0).Property(NextTitle)]</value>
        <value condition="ControlGroup(9001).HasFocus(205)">$INFO[Container(205).ListItem(0).Property(NextNumber),, ]$INFO[Container(205).ListItem(0).Property(NextTitle)]</value>
        <value condition="ControlGroup(9001).HasFocus(204)">$INFO[Container(204).ListItem(0).Property(NextNumber),, ]$INFO[Container(204).ListItem(0).Property(NextTitle)]</value>
        <value condition="ControlGroup(9001).HasFocus(203)">$INFO[Container(203).ListItem(0).Property(NextNumber),, ]$INFO[Container(203).ListItem(0).Property(NextTitle)]</value>
        <value condition="ControlGroup(9001).HasFocus(202)">$INFO[Container(202).ListItem(0).Property(NextNumber),, ]$INFO[Container(202).ListItem(0).Property(NextTitle)]</value>
        <value condition="ControlGroup(9001).HasFocus(201)">$INFO[Container(201).ListItem(0).Property(NextNumber),, ]$INFO[Container(201).ListItem(0).Property(NextTitle)]</value>
        <value>$INFO[Container(200).ListItem(0).Property(NextNumber),, ]$INFO[Container(200).ListItem(0).Property(NextTitle)]</value>
    </variable>
    
    <variable name="TVGuideNextTitle1">
        <value condition="ControlGroup(9001).HasFocus(206)">$INFO[Container(206).ListItem(1).Property(NextNumber),, ]$INFO[Container(206).ListItem(1).Property(NextTitle)]</value>
        <value condition="ControlGroup(9001).HasFocus(205)">$INFO[Container(205).ListItem(1).Property(NextNumber),, ]$INFO[Container(205).ListItem(1).Property(NextTitle)]</value>
        <value condition="ControlGroup(9001).HasFocus(204)">$INFO[Container(204).ListItem(1).Property(NextNumber),, ]$INFO[Container(204).ListItem(1).Property(NextTitle)]</value>
        <value condition="ControlGroup(9001).HasFocus(203)">$INFO[Container(203).ListItem(1).Property(NextNumber),, ]$INFO[Container(203).ListItem(1).Property(NextTitle)]</value>
        <value condition="ControlGroup(9001).HasFocus(202)">$INFO[Container(202).ListItem(1).Property(NextNumber),, ]$INFO[Container(202).ListItem(1).Property(NextTitle)]</value>
        <value condition="ControlGroup(9001).HasFocus(201)">$INFO[Container(201).ListItem(1).Property(NextNumber),, ]$INFO[Container(201).ListItem(1).Property(NextTitle)]</value>
        <value>$INFO[Container(200).ListItem(1).Property(NextNumber),, ]$INFO[Container(200).ListItem(1).Property(NextTitle)]</value>
    </variable>
    
    <variable name="TVGuideNextTitle2">
        <value condition="ControlGroup(9001).HasFocus(206)">$INFO[Container(206).ListItem(2).Property(NextNumber),, ]$INFO[Container(206).ListItem(2).Property(NextTitle)]</value>
        <value condition="ControlGroup(9001).HasFocus(205)">$INFO[Container(205).ListItem(2).Property(NextNumber),, ]$INFO[Container(205).ListItem(2).Property(NextTitle)]</value>
        <value condition="ControlGroup(9001).HasFocus(204)">$INFO[Container(204).ListItem(2).Property(NextNumber),, ]$INFO[Container(204).ListItem(2).Property(NextTitle)]</value>
        <value condition="ControlGroup(9001).HasFocus(203)">$INFO[Container(203).ListItem(2).Property(NextNumber),, ]$INFO[Container(203).ListItem(2).Property(NextTitle)]</value>
        <value condition="ControlGroup(9001).HasFocus(202)">$INFO[Container(202).ListItem(2).Property(NextNumber),, ]$INFO[Container(202).ListItem(2).Property(NextTitle)]</value>
        <value condition="ControlGroup(9001).HasFocus(201)">$INFO[Container(201).ListItem(2).Property(NextNumber),, ]$INFO[Container(201).ListItem(2).Property(NextTitle)]</value>
        <value>$INFO[Container(200).ListItem(2).Property(NextNumber),, ]$INFO[Container(200).ListItem(2).Property(NextTitle)]</value>
    </variable>

    <variable name="TVGuideShowName0">
        <value condition="ControlGroup(9001).HasFocus(206)">$INFO[Container(206).ListItem(0).Label]$INFO[Container(206).ListItem(0).Property(Premiered), (,)]</value>
        <value condition="ControlGroup(9001).HasFocus(205)">$INFO[Container(205).ListItem(0).Label]$INFO[Container(205).ListItem(0).Property(Premiered), (,)]</value>
        <value condition="ControlGroup(9001).HasFocus(204)">$INFO[Container(204).ListItem(0).Label]$INFO[Container(204).ListItem(0).Property(Premiered), (,)]</value>
        <value condition="ControlGroup(9001).HasFocus(203)">$INFO[Container(203).ListItem(0).Label]$INFO[Container(203).ListItem(0).Property(Premiered), (,)]</value>
        <value condition="ControlGroup(9001).HasFocus(202)">$INFO[Container(202).ListItem(0).Label]$INFO[Container(202).ListItem(0).Property(Premiered), (,)]</value>
        <value condition="ControlGroup(9001).HasFocus(201)">$INFO[Container(201).ListItem(0).Label]$INFO[Container(201).ListItem(0).Property(Premiered), (,)]</value>
        <value>$INFO[Container(200).ListItem(0).Label]$INFO[Container(200).ListItem(0).Property(Premiered), (,)]</value>
    </variable>
    
    <variable name="TVGuideShowName1">
        <value condition="ControlGroup(9001).HasFocus(206)">$INFO[Container(206).ListItem(1).Label]$INFO[Container(206).ListItem(1).Property(Premiered), (,)]</value>
        <value condition="ControlGroup(9001).HasFocus(205)">$INFO[Container(205).ListItem(1).Label]$INFO[Container(205).ListItem(1).Property(Premiered), (,)]</value>
        <value condition="ControlGroup(9001).HasFocus(204)">$INFO[Container(204).ListItem(1).Label]$INFO[Container(204).ListItem(1).Property(Premiered), (,)]</value>
        <value condition="ControlGroup(9001).HasFocus(203)">$INFO[Container(203).ListItem(1).Label]$INFO[Container(203).ListItem(1).Property(Premiered), (,)]</value>
        <value condition="ControlGroup(9001).HasFocus(202)">$INFO[Container(202).ListItem(1).Label]$INFO[Container(202).ListItem(1).Property(Premiered), (,)]</value>
        <value condition="ControlGroup(9001).HasFocus(201)">$INFO[Container(201).ListItem(1).Label]$INFO[Container(201).ListItem(1).Property(Premiered), (,)]</value>
        <value>$INFO[Container(200).ListItem(1).Label]$INFO[Container(200).ListItem(1).Property(Premiered), (,)]</value>
    </variable>
    
    <variable name="TVGuideShowName2">
        <value condition="ControlGroup(9001).HasFocus(206)">$INFO[Container(206).ListItem(2).Label]$INFO[Container(206).ListItem(2).Property(Premiered), (,)]</value>
        <value condition="ControlGroup(9001).HasFocus(205)">$INFO[Container(205).ListItem(2).Label]$INFO[Container(205).ListItem(2).Property(Premiered), (,)]</value>
        <value condition="ControlGroup(9001).HasFocus(204)">$INFO[Container(204).ListItem(2).Label]$INFO[Container(204).ListItem(2).Property(Premiered), (,)]</value>
        <value condition="ControlGroup(9001).HasFocus(203)">$INFO[Container(203).ListItem(2).Label]$INFO[Container(203).ListItem(2).Property(Premiered), (,)]</value>
        <value condition="ControlGroup(9001).HasFocus(202)">$INFO[Container(202).ListItem(2).Label]$INFO[Container(202).ListItem(2).Property(Premiered), (,)]</value>
        <value condition="ControlGroup(9001).HasFocus(201)">$INFO[Container(201).ListItem(2).Label]$INFO[Container(201).ListItem(2).Property(Premiered), (,)]</value>
        <value>$INFO[Container(200).ListItem(2).Label]$INFO[Container(200).ListItem(2).Property(Premiered), (,)]</value>
    </variable>
    
    <variable name="TVGuideDateShort0">
        <value condition="ControlGroup(9001).HasFocus(206)">$INFO[Container(206).ListItem(0).Property(ShortTime)]$INFO[Container(206).ListItem(0).Property(Network), $LOCALIZE[42162] ,]</value>
        <value condition="ControlGroup(9001).HasFocus(205)">$INFO[Container(205).ListItem(0).Property(ShortTime)]$INFO[Container(205).ListItem(0).Property(Network), $LOCALIZE[42162] ,]</value>
        <value condition="ControlGroup(9001).HasFocus(204)">$INFO[Container(204).ListItem(0).Property(ShortTime)]$INFO[Container(204).ListItem(0).Property(Network), $LOCALIZE[42162] ,]</value>
        <value condition="ControlGroup(9001).HasFocus(203)">$INFO[Container(203).ListItem(0).Property(ShortTime)]$INFO[Container(203).ListItem(0).Property(Network), $LOCALIZE[42162] ,]</value>
        <value condition="ControlGroup(9001).HasFocus(202)">$INFO[Container(202).ListItem(0).Property(ShortTime)]$INFO[Container(202).ListItem(0).Property(Network), $LOCALIZE[42162] ,]</value>
        <value condition="ControlGroup(9001).HasFocus(201)">$INFO[Container(201).ListItem(0).Property(ShortTime)]$INFO[Container(201).ListItem(0).Property(Network), $LOCALIZE[42162] ,]</value>
        <value>$INFO[Container(200).ListItem(0).Property(ShortTime)]$INFO[Container(200).ListItem(0).Property(Network), $LOCALIZE[42162] ,]</value>
    </variable>
    
    <variable name="TVGuideDateShort1">
        <value condition="ControlGroup(9001).HasFocus(206)">$INFO[Container(206).ListItem(1).Property(ShortTime)]$INFO[Container(206).ListItem(1).Property(Network), $LOCALIZE[42162] ,]</value>
        <value condition="ControlGroup(9001).HasFocus(205)">$INFO[Container(205).ListItem(1).Property(ShortTime)]$INFO[Container(205).ListItem(1).Property(Network), $LOCALIZE[42162] ,]</value>
        <value condition="ControlGroup(9001).HasFocus(204)">$INFO[Container(204).ListItem(1).Property(ShortTime)]$INFO[Container(204).ListItem(1).Property(Network), $LOCALIZE[42162] ,]</value>
        <value condition="ControlGroup(9001).HasFocus(203)">$INFO[Container(203).ListItem(1).Property(ShortTime)]$INFO[Container(203).ListItem(1).Property(Network), $LOCALIZE[42162] ,]</value>
        <value condition="ControlGroup(9001).HasFocus(202)">$INFO[Container(202).ListItem(1).Property(ShortTime)]$INFO[Container(202).ListItem(1).Property(Network), $LOCALIZE[42162] ,]</value>
        <value condition="ControlGroup(9001).HasFocus(201)">$INFO[Container(201).ListItem(1).Property(ShortTime)]$INFO[Container(201).ListItem(1).Property(Network), $LOCALIZE[42162] ,]</value>
        <value>$INFO[Container(200).ListItem(1).Property(ShortTime)]$INFO[Container(200).ListItem(1).Property(Network), $LOCALIZE[42162] ,]</value>
    </variable>
    
    <variable name="TVGuideDateShort2">
        <value condition="ControlGroup(9001).HasFocus(206)">$INFO[Container(206).ListItem(2).Property(ShortTime)]$INFO[Container(206).ListItem(2).Property(Network), $LOCALIZE[42162] ,]</value>
        <value condition="ControlGroup(9001).HasFocus(205)">$INFO[Container(205).ListItem(2).Property(ShortTime)]$INFO[Container(205).ListItem(2).Property(Network), $LOCALIZE[42162] ,]</value>
        <value condition="ControlGroup(9001).HasFocus(204)">$INFO[Container(204).ListItem(2).Property(ShortTime)]$INFO[Container(204).ListItem(2).Property(Network), $LOCALIZE[42162] ,]</value>
        <value condition="ControlGroup(9001).HasFocus(203)">$INFO[Container(203).ListItem(2).Property(ShortTime)]$INFO[Container(203).ListItem(2).Property(Network), $LOCALIZE[42162] ,]</value>
        <value condition="ControlGroup(9001).HasFocus(202)">$INFO[Container(202).ListItem(2).Property(ShortTime)]$INFO[Container(202).ListItem(2).Property(Network), $LOCALIZE[42162] ,]</value>
        <value condition="ControlGroup(9001).HasFocus(201)">$INFO[Container(201).ListItem(2).Property(ShortTime)]$INFO[Container(201).ListItem(2).Property(Network), $LOCALIZE[42162] ,]</value>
        <value>$INFO[Container(200).ListItem(2).Property(ShortTime)]$INFO[Container(200).ListItem(2).Property(Network), $LOCALIZE[42162] ,]</value>
    </variable>
    
    <variable name="TVGuideThumbLandscape0">
        <value condition="ControlGroup(9001).HasFocus(206)">$INFO[Container(206).ListItem(0).Property(Art(landscape))]</value>
        <value condition="ControlGroup(9001).HasFocus(205)">$INFO[Container(205).ListItem(0).Property(Art(landscape))]</value>
        <value condition="ControlGroup(9001).HasFocus(204)">$INFO[Container(204).ListItem(0).Property(Art(landscape))]</value>
        <value condition="ControlGroup(9001).HasFocus(203)">$INFO[Container(203).ListItem(0).Property(Art(landscape))]</value>
        <value condition="ControlGroup(9001).HasFocus(202)">$INFO[Container(202).ListItem(0).Property(Art(landscape))]</value>
        <value condition="ControlGroup(9001).HasFocus(201)">$INFO[Container(201).ListItem(0).Property(Art(landscape))]</value>
        <value>$INFO[Container(200).ListItem(0).Property(Art(landscape))]</value>
    </variable>
    
    <variable name="TVGuideThumbLandscape1">
        <value condition="ControlGroup(9001).HasFocus(206)">$INFO[Container(206).ListItem(1).Property(Art(landscape))]</value>
        <value condition="ControlGroup(9001).HasFocus(205)">$INFO[Container(205).ListItem(1).Property(Art(landscape))]</value>
        <value condition="ControlGroup(9001).HasFocus(204)">$INFO[Container(204).ListItem(1).Property(Art(landscape))]</value>
        <value condition="ControlGroup(9001).HasFocus(203)">$INFO[Container(203).ListItem(1).Property(Art(landscape))]</value>
        <value condition="ControlGroup(9001).HasFocus(202)">$INFO[Container(202).ListItem(1).Property(Art(landscape))]</value>
        <value condition="ControlGroup(9001).HasFocus(201)">$INFO[Container(201).ListItem(1).Property(Art(landscape))]</value>
        <value>$INFO[Container(200).ListItem(1).Property(Art(landscape))]</value>
    </variable>
    
    <variable name="TVGuideThumbLandscape2">
        <value condition="ControlGroup(9001).HasFocus(206)">$INFO[Container(206).ListItem(2).Property(Art(landscape))]</value>
        <value condition="ControlGroup(9001).HasFocus(205)">$INFO[Container(205).ListItem(2).Property(Art(landscape))]</value>
        <value condition="ControlGroup(9001).HasFocus(204)">$INFO[Container(204).ListItem(2).Property(Art(landscape))]</value>
        <value condition="ControlGroup(9001).HasFocus(203)">$INFO[Container(203).ListItem(2).Property(Art(landscape))]</value>
        <value condition="ControlGroup(9001).HasFocus(202)">$INFO[Container(202).ListItem(2).Property(Art(landscape))]</value>
        <value condition="ControlGroup(9001).HasFocus(201)">$INFO[Container(201).ListItem(2).Property(Art(landscape))]</value>
        <value>$INFO[Container(200).ListItem(2).Property(Art(landscape))]</value>
    </variable>
    
    <variable name="TVGuideThumbClearArt0">
        <value condition="ControlGroup(9001).HasFocus(206)">$INFO[Container(206).ListItem(0).Property(Art(clearart))]</value>
        <value condition="ControlGroup(9001).HasFocus(205)">$INFO[Container(205).ListItem(0).Property(Art(clearart))]</value>
        <value condition="ControlGroup(9001).HasFocus(204)">$INFO[Container(204).ListItem(0).Property(Art(clearart))]</value>
        <value condition="ControlGroup(9001).HasFocus(203)">$INFO[Container(203).ListItem(0).Property(Art(clearart))]</value>
        <value condition="ControlGroup(9001).HasFocus(202)">$INFO[Container(202).ListItem(0).Property(Art(clearart))]</value>
        <value condition="ControlGroup(9001).HasFocus(201)">$INFO[Container(201).ListItem(0).Property(Art(clearart))]</value>
        <value>$INFO[Container(200).ListItem(0).Property(Art(clearart))]</value>
    </variable>
    
    <variable name="TVGuideThumbClearArt1">
        <value condition="ControlGroup(9001).HasFocus(206)">$INFO[Container(206).ListItem(1).Property(Art(clearart))]</value>
        <value condition="ControlGroup(9001).HasFocus(205)">$INFO[Container(205).ListItem(1).Property(Art(clearart))]</value>
        <value condition="ControlGroup(9001).HasFocus(204)">$INFO[Container(204).ListItem(1).Property(Art(clearart))]</value>
        <value condition="ControlGroup(9001).HasFocus(203)">$INFO[Container(203).ListItem(1).Property(Art(clearart))]</value>
        <value condition="ControlGroup(9001).HasFocus(202)">$INFO[Container(202).ListItem(1).Property(Art(clearart))]</value>
        <value condition="ControlGroup(9001).HasFocus(201)">$INFO[Container(201).ListItem(1).Property(Art(clearart))]</value>
        <value>$INFO[Container(200).ListItem(1).Property(Art(clearart))]</value>
    </variable>
    
    <variable name="TVGuideThumbClearArt2">
        <value condition="ControlGroup(9001).HasFocus(206)">$INFO[Container(206).ListItem(2).Property(Art(clearart))]</value>
        <value condition="ControlGroup(9001).HasFocus(205)">$INFO[Container(205).ListItem(2).Property(Art(clearart))]</value>
        <value condition="ControlGroup(9001).HasFocus(204)">$INFO[Container(204).ListItem(2).Property(Art(clearart))]</value>
        <value condition="ControlGroup(9001).HasFocus(203)">$INFO[Container(203).ListItem(2).Property(Art(clearart))]</value>
        <value condition="ControlGroup(9001).HasFocus(202)">$INFO[Container(202).ListItem(2).Property(Art(clearart))]</value>
        <value condition="ControlGroup(9001).HasFocus(201)">$INFO[Container(201).ListItem(2).Property(Art(clearart))]</value>
        <value>$INFO[Container(200).ListItem(2).Property(Art(clearart))]</value>
    </variable>
    
    <variable name="TVGuideThumbFanart0">
        <value condition="ControlGroup(9001).HasFocus(206)">$INFO[Container(206).ListItem(0).Property(Art(fanart))]</value>
        <value condition="ControlGroup(9001).HasFocus(205)">$INFO[Container(205).ListItem(0).Property(Art(fanart))]</value>
        <value condition="ControlGroup(9001).HasFocus(204)">$INFO[Container(204).ListItem(0).Property(Art(fanart))]</value>
        <value condition="ControlGroup(9001).HasFocus(203)">$INFO[Container(203).ListItem(0).Property(Art(fanart))]</value>
        <value condition="ControlGroup(9001).HasFocus(202)">$INFO[Container(202).ListItem(0).Property(Art(fanart))]</value>
        <value condition="ControlGroup(9001).HasFocus(201)">$INFO[Container(201).ListItem(0).Property(Art(fanart))]</value>
        <value>$INFO[Container(200).ListItem(0).Property(Art(fanart))]</value>
    </variable>
    
    <variable name="TVGuideThumbFanart1">
        <value condition="ControlGroup(9001).HasFocus(206)">$INFO[Container(206).ListItem(1).Property(Art(fanart))]</value>
        <value condition="ControlGroup(9001).HasFocus(205)">$INFO[Container(205).ListItem(1).Property(Art(fanart))]</value>
        <value condition="ControlGroup(9001).HasFocus(204)">$INFO[Container(204).ListItem(1).Property(Art(fanart))]</value>
        <value condition="ControlGroup(9001).HasFocus(203)">$INFO[Container(203).ListItem(1).Property(Art(fanart))]</value>
        <value condition="ControlGroup(9001).HasFocus(202)">$INFO[Container(202).ListItem(1).Property(Art(fanart))]</value>
        <value condition="ControlGroup(9001).HasFocus(201)">$INFO[Container(201).ListItem(1).Property(Art(fanart))]</value>
        <value>$INFO[Container(200).ListItem(1).Property(Art(fanart))]</value>
    </variable>
    
    <variable name="TVGuideThumbFanart2">
        <value condition="ControlGroup(9001).HasFocus(206)">$INFO[Container(206).ListItem(2).Property(Art(fanart))]</value>
        <value condition="ControlGroup(9001).HasFocus(205)">$INFO[Container(205).ListItem(2).Property(Art(fanart))]</value>
        <value condition="ControlGroup(9001).HasFocus(204)">$INFO[Container(204).ListItem(2).Property(Art(fanart))]</value>
        <value condition="ControlGroup(9001).HasFocus(203)">$INFO[Container(203).ListItem(2).Property(Art(fanart))]</value>
        <value condition="ControlGroup(9001).HasFocus(202)">$INFO[Container(202).ListItem(2).Property(Art(fanart))]</value>
        <value condition="ControlGroup(9001).HasFocus(201)">$INFO[Container(201).ListItem(2).Property(Art(fanart))]</value>
        <value>$INFO[Container(200).ListItem(2).Property(Art(fanart))]</value>
    </variable>
    
    <variable name="TVGuideThumbClearLogo0">
        <value condition="ControlGroup(9001).HasFocus(206)">$INFO[Container(206).ListItem(0).Property(Art(clearlogo))]</value>
        <value condition="ControlGroup(9001).HasFocus(205)">$INFO[Container(205).ListItem(0).Property(Art(clearlogo))]</value>
        <value condition="ControlGroup(9001).HasFocus(204)">$INFO[Container(204).ListItem(0).Property(Art(clearlogo))]</value>
        <value condition="ControlGroup(9001).HasFocus(203)">$INFO[Container(203).ListItem(0).Property(Art(clearlogo))]</value>
        <value condition="ControlGroup(9001).HasFocus(202)">$INFO[Container(202).ListItem(0).Property(Art(clearlogo))]</value>
        <value condition="ControlGroup(9001).HasFocus(201)">$INFO[Container(201).ListItem(0).Property(Art(clearlogo))]</value>
        <value>$INFO[Container(200).ListItem(0).Property(Art(clearlogo))]</value>
    </variable>
    
    <variable name="TVGuideThumbClearLogo1">
        <value condition="ControlGroup(9001).HasFocus(206)">$INFO[Container(206).ListItem(1).Property(Art(clearlogo))]</value>
        <value condition="ControlGroup(9001).HasFocus(205)">$INFO[Container(205).ListItem(1).Property(Art(clearlogo))]</value>
        <value condition="ControlGroup(9001).HasFocus(204)">$INFO[Container(204).ListItem(1).Property(Art(clearlogo))]</value>
        <value condition="ControlGroup(9001).HasFocus(203)">$INFO[Container(203).ListItem(1).Property(Art(clearlogo))]</value>
        <value condition="ControlGroup(9001).HasFocus(202)">$INFO[Container(202).ListItem(1).Property(Art(clearlogo))]</value>
        <value condition="ControlGroup(9001).HasFocus(201)">$INFO[Container(201).ListItem(1).Property(Art(clearlogo))]</value>
        <value>$INFO[Container(200).ListItem(1).Property(Art(clearlogo))]</value>
    </variable>
    
    <variable name="TVGuideThumbClearLogo2">
        <value condition="ControlGroup(9001).HasFocus(206)">$INFO[Container(206).ListItem(2).Property(Art(clearlogo))]</value>
        <value condition="ControlGroup(9001).HasFocus(205)">$INFO[Container(205).ListItem(2).Property(Art(clearlogo))]</value>
        <value condition="ControlGroup(9001).HasFocus(204)">$INFO[Container(204).ListItem(2).Property(Art(clearlogo))]</value>
        <value condition="ControlGroup(9001).HasFocus(203)">$INFO[Container(203).ListItem(2).Property(Art(clearlogo))]</value>
        <value condition="ControlGroup(9001).HasFocus(202)">$INFO[Container(202).ListItem(2).Property(Art(clearlogo))]</value>
        <value condition="ControlGroup(9001).HasFocus(201)">$INFO[Container(201).ListItem(2).Property(Art(clearlogo))]</value>
        <value>$INFO[Container(200).ListItem(2).Property(Art(clearlogo))]</value>
    </variable>
    
    <variable name="TVGuideThumbLandscape1">
        <value condition="ControlGroup(9001).HasFocus(206)">$INFO[Container(206).ListItem(1).Property(Art(clearlogo))]</value>
        <value condition="ControlGroup(9001).HasFocus(205)">$INFO[Container(205).ListItem(1).Property(Art(clearlogo))]</value>
        <value condition="ControlGroup(9001).HasFocus(204)">$INFO[Container(204).ListItem(1).Property(Art(clearlogo))]</value>
        <value condition="ControlGroup(9001).HasFocus(203)">$INFO[Container(203).ListItem(1).Property(Art(clearlogo))]</value>
        <value condition="ControlGroup(9001).HasFocus(202)">$INFO[Container(202).ListItem(1).Property(Art(clearlogo))]</value>
        <value condition="ControlGroup(9001).HasFocus(201)">$INFO[Container(201).ListItem(1).Property(Art(clearlogo))]</value>
        <value>$INFO[Container(200).ListItem(1).Property(Art(clearlogo))]</value>
    </variable>
    
    <variable name="TVGuideThumbLandscape2">
        <value condition="ControlGroup(9001).HasFocus(206)">$INFO[Container(206).ListItem(2).Property(Art(clearlogo))]</value>
        <value condition="ControlGroup(9001).HasFocus(205)">$INFO[Container(205).ListItem(2).Property(Art(clearlogo))]</value>
        <value condition="ControlGroup(9001).HasFocus(204)">$INFO[Container(204).ListItem(2).Property(Art(clearlogo))]</value>
        <value condition="ControlGroup(9001).HasFocus(203)">$INFO[Container(203).ListItem(2).Property(Art(clearlogo))]</value>
        <value condition="ControlGroup(9001).HasFocus(202)">$INFO[Container(202).ListItem(2).Property(Art(clearlogo))]</value>
        <value condition="ControlGroup(9001).HasFocus(201)">$INFO[Container(201).ListItem(2).Property(Art(clearlogo))]</value>
        <value>$INFO[Container(200).ListItem(2).Property(Art(clearlogo))]</value>
    </variable>
    
    <variable name="TVGuideThumb">
        <value condition="Skin.HasSetting(TVGuide.ClearLogo)">$INFO[ListItem.Property(Art(clearlogo))]</value>
        <value condition="Skin.HasSetting(TVGuide.ClearArt)">$INFO[ListItem.Property(Art(clearart))]</value>
        <value condition="Skin.HasSetting(TVGuide.Landscape)">$INFO[ListItem.Property(Art(landscape))]</value>
        <value>$INFO[ListItem.Property(Art(fanart))]</value>    
    </variable>
    
    <variable name="TVGuideThumb0">
        <value condition="Skin.HasSetting(TVGuide.ClearLogo)">$VAR[TVGuideThumbClearLogo0]</value>
        <value condition="Skin.HasSetting(TVGuide.ClearArt)">$VAR[TVGuideThumbClearArt0]</value>
        <value condition="Skin.HasSetting(TVGuide.Landscape)">$VAR[TVGuideThumbLandscape0]</value>
        <value>$VAR[TVGuideThumbFanart0]</value>    
    </variable>
    
    <variable name="TVGuideThumb1">
        <value condition="Skin.HasSetting(TVGuide.ClearLogo)">$VAR[TVGuideThumbClearLogo1]</value>
        <value condition="Skin.HasSetting(TVGuide.ClearArt)">$VAR[TVGuideThumbClearArt1]</value>
        <value condition="Skin.HasSetting(TVGuide.Landscape)">$VAR[TVGuideThumbLandscape1]</value>
        <value>$VAR[TVGuideThumbFanart1]</value>    
    </variable>
    
    <variable name="TVGuideThumb2">
        <value condition="Skin.HasSetting(TVGuide.ClearLogo)">$VAR[TVGuideThumbClearLogo2]</value>
        <value condition="Skin.HasSetting(TVGuide.ClearArt)">$VAR[TVGuideThumbClearArt2]</value>
        <value condition="Skin.HasSetting(TVGuide.Landscape)">$VAR[TVGuideThumbLandscape2]</value>
        <value>$VAR[TVGuideThumbFanart2]</value>    
    </variable>
    
    <variable name="TVDayLabelMon">
        <value condition="!IntegerGreaterThan(Container(200).NumItems,0)  + !stringcompare(System.Date(ddd),$LOCALIZE[41])">$LOCALIZE[11]</value>
        <value condition="!IntegerGreaterThan(Container(200).NumItems,0)  + stringcompare(System.Date(ddd),$LOCALIZE[41])">[COLOR=SelectedGreen]$LOCALIZE[11][/COLOR]</value>
        <value condition="stringcompare(System.Date(ddd),$LOCALIZE[41])">[COLOR=SelectedGreen]$LOCALIZE[11]$INFO[Container(200).NumItems, (,)][/COLOR]</value>
        <value>$LOCALIZE[11]$INFO[Container(200).NumItems, (,)]</value>
    </variable>
    
    <variable name="TVDayLabelTue">
        <value condition="!IntegerGreaterThan(Container(201).NumItems,0)  + !stringcompare(System.Date(ddd),$LOCALIZE[42])">$LOCALIZE[12]</value>
        <value condition="!IntegerGreaterThan(Container(201).NumItems,0)  + stringcompare(System.Date(ddd),$LOCALIZE[42])">[COLOR=SelectedGreen]$LOCALIZE[12][/COLOR]</value>
        <value condition="stringcompare(System.Date(ddd),$LOCALIZE[42])">[COLOR=SelectedGreen]$LOCALIZE[12]$INFO[Container(201).NumItems, (,)][/COLOR]</value>
        <value>$LOCALIZE[12]$INFO[Container(201).NumItems, (,)]</value>
    </variable>
	
	<variable name="TVDayLabelWed">
        <value condition="!IntegerGreaterThan(Container(202).NumItems,0)  + !stringcompare(System.Date(ddd),$LOCALIZE[43])">$LOCALIZE[13]</value>
        <value condition="!IntegerGreaterThan(Container(202).NumItems,0)  + stringcompare(System.Date(ddd),$LOCALIZE[43])">[COLOR=SelectedGreen]$LOCALIZE[13][/COLOR]</value>
        <value condition="stringcompare(System.Date(ddd),$LOCALIZE[43])">[COLOR=SelectedGreen]$LOCALIZE[13]$INFO[Container(202).NumItems, (,)][/COLOR]</value>
        <value>$LOCALIZE[13]$INFO[Container(202).NumItems, (,)]</value>
    </variable>
    
	<variable name="TVDayLabelThu">
        <value condition="!IntegerGreaterThan(Container(203).NumItems,0)  + !stringcompare(System.Date(ddd),$LOCALIZE[44])">$LOCALIZE[14]</value>
        <value condition="!IntegerGreaterThan(Container(203).NumItems,0)  + stringcompare(System.Date(ddd),$LOCALIZE[44])">[COLOR=SelectedGreen]$LOCALIZE[14][/COLOR]</value>
        <value condition="stringcompare(System.Date(ddd),$LOCALIZE[44])">[COLOR=SelectedGreen]$LOCALIZE[14]$INFO[Container(203).NumItems, (,)][/COLOR]</value>
        <value>$LOCALIZE[14]$INFO[Container(203).NumItems, (,)]</value>
    </variable>
    
	<variable name="TVDayLabelFri">
        <value condition="!IntegerGreaterThan(Container(204).NumItems,0)  + !stringcompare(System.Date(ddd),$LOCALIZE[45])">$LOCALIZE[15]</value>
        <value condition="!IntegerGreaterThan(Container(204).NumItems,0)  + stringcompare(System.Date(ddd),$LOCALIZE[45])">[COLOR=SelectedGreen]$LOCALIZE[15][/COLOR]</value>
        <value condition="stringcompare(System.Date(ddd),$LOCALIZE[45])">[COLOR=SelectedGreen]$LOCALIZE[15]$INFO[Container(204).NumItems, (,)][/COLOR]</value>
        <value>$LOCALIZE[15]$INFO[Container(204).NumItems, (,)]</value>
    </variable>
    
	<variable name="TVDayLabelSat">
        <value condition="!IntegerGreaterThan(Container(205).NumItems,0)  + !stringcompare(System.Date(ddd),$LOCALIZE[46])">$LOCALIZE[16]</value>
        <value condition="!IntegerGreaterThan(Container(205).NumItems,0)  + stringcompare(System.Date(ddd),$LOCALIZE[46])">[COLOR=SelectedGreen]$LOCALIZE[16][/COLOR]</value>
        <value condition="stringcompare(System.Date(ddd),$LOCALIZE[46])">[COLOR=SelectedGreen]$LOCALIZE[16]$INFO[Container(205).NumItems, (,)][/COLOR]</value>
        <value>$LOCALIZE[16]$INFO[Container(205).NumItems, (,)]</value>
    </variable>
    
    <variable name="TVDayLabelSun">
        <value condition="!IntegerGreaterThan(Container(206).NumItems,0)  + !stringcompare(System.Date(ddd),$LOCALIZE[47])">$LOCALIZE[17]</value>
        <value condition="!IntegerGreaterThan(Container(206).NumItems,0)  + stringcompare(System.Date(ddd),$LOCALIZE[47])">[COLOR=SelectedGreen]$LOCALIZE[17][/COLOR]</value>
        <value condition="stringcompare(System.Date(ddd),$LOCALIZE[47])">[COLOR=SelectedGreen]$LOCALIZE[17]$INFO[Container(206).NumItems, (,)][/COLOR]</value>
        <value>$LOCALIZE[17]$INFO[Container(206).NumItems, (,)]</value>
    </variable>
    
    <variable name="TVDayLabelMonColor"><value condition="stringcompare(System.Date(ddd),$LOCALIZE[41])">[COLOR=SelectedGreen]</value><value>[COLOR=99FFFFFF]</value></variable>
    <variable name="TVDayLabelTueColor"><value condition="stringcompare(System.Date(ddd),$LOCALIZE[42])">[COLOR=SelectedGreen]</value><value>[COLOR=99FFFFFF]</value></variable>
    <variable name="TVDayLabelWedColor"><value condition="stringcompare(System.Date(ddd),$LOCALIZE[43])">[COLOR=SelectedGreen]</value><value>[COLOR=99FFFFFF]</value></variable>
    <variable name="TVDayLabelThuColor"><value condition="stringcompare(System.Date(ddd),$LOCALIZE[44])">[COLOR=SelectedGreen]</value><value>[COLOR=99FFFFFF]</value></variable>
    <variable name="TVDayLabelFriColor"><value condition="stringcompare(System.Date(ddd),$LOCALIZE[45])">[COLOR=SelectedGreen]</value><value>[COLOR=99FFFFFF]</value></variable>
    <variable name="TVDayLabelSatColor"><value condition="stringcompare(System.Date(ddd),$LOCALIZE[46])">[COLOR=SelectedGreen]</value><value>[COLOR=99FFFFFF]</value></variable>
    <variable name="TVDayLabelSunColor"><value condition="stringcompare(System.Date(ddd),$LOCALIZE[47])">[COLOR=SelectedGreen]</value><value>[COLOR=99FFFFFF]</value></variable>
    
    <!-- Includes -->
    <include name="TVGuideWeekdayButton">
        <posx>0</posx>
        <posy>0</posy>
        <width>490</width>
        <height>84</height>
        <align>left</align>
        <font>Font-Condensed-S36</font>
        <textcolor>eewhite</textcolor>
        <disabledcolor>55FFFFFF</disabledcolor>
        <shadowcolor>22000000</shadowcolor>
        <textoffsetx>30</textoffsetx>
        <texturefocus border="90,3,90,3">views/list/other/separator.png</texturefocus>
        <texturenofocus border="90,3,90,3">views/list/other/separator.png</texturenofocus>
    </include>
    
    <include name="TVGuideItemLayout">
        <control type="group">
            <posx>12</posx>
            <animation effect="fade" end="50" time="0" condition="true">Conditional</animation>
            <control type="image">
                <posx>-10</posx>
                <posy>465</posy>
                <height>50</height>
                <width>500</width>
                <texture>dialogs/shutdown/shadow.png</texture>
            </control>
            <control type="image">
                <posx>-5</posx>
                <posy>265</posy>
                <width>490</width>
                <height>200</height>
                <texture border="7">windows/home/tile-grey.png</texture>
                <animation effect="fade" end="60" time="0" condition="true">Conditional</animation>
            </control>
            <control type="image">
                <posx>0</posx>
                <posy>270</posy>
                <width>480</width>
                <height>104</height>
                <texture border="2">views/extended/overlay.png</texture>
            </control>
            <control type="label">
                <posx>20</posx>
                <posy>287</posy>
                <width>440</width>
                <label>$INFO[ListItem.Property(NextNumber),, ]$INFO[ListItem.Property(NextTitle)]</label>
                <font>Font-Condensed-S34-B</font>
                <textcolor>ddwhite</textcolor>
                <shadowcolor>22000000</shadowcolor>
                <scroll>false</scroll>
                <align>left</align>
            </control>
            <control type="label">
                <posx>20</posx>
                <posy>327</posy>
                <width>440</width>
                <label>$INFO[ListItem.Label]$INFO[ListItem.Property(Premiered), (,)]</label>
                <font>Font-Condensed-S32</font>
                <textcolor>aawhite</textcolor>
                <shadowcolor>22000000</shadowcolor>
                <scroll>false</scroll>
                <align>left</align>
            </control>
            <control type="image">
                <posx>14</posx>
                <posy>391</posy>
                <width>50</width>
                <height>50</height>
                <texture>windows/tvguide/clock.png</texture>
            </control>
            <control type="label">
                <posx>77</posx>
                <posy>401</posy>
                <width>383</width>
                <label>$INFO[ListItem.Property(ShortTime)]$INFO[ListItem.Property(Network), $LOCALIZE[42162] ,]</label>
                <font>Font-Condensed-S40</font>
                <textcolor>eewhite</textcolor>
                <shadowcolor>22000000</shadowcolor>
                <scroll>false</scroll>
                <align>left</align>
            </control>
        </control>
        <control type="image">
            <posx>12</posx>
            <posy>0</posy>
            <width>480</width>
            <height>270</height>
            <texture background="true" fallback="views/fallbacks/DefaultVideo.png/landscape.png">$VAR[TVGuideThumb]</texture>
            <aspectratio align="center" aligny="bottom" scalediffuse="false">keep</aspectratio>
        </control>
        <control type="image">
            <posx>12</posx>
            <posy>269</posy>
            <width>480</width>
            <height>1</height>
            <colordiffuse>99000000</colordiffuse>
            <texture>windows/common/black.png</texture>
        </control>
    </include>
    
    <include name="TVGuideFocusedLayout">
        <control type="group">
            <posx>12</posx>
            <animation type="Focus">
                <effect type="fade" start="50" end="100" time="300" tween="sine" easing="inout" />
            </animation>
            <animation type="Unfocus">
                <effect type="fade" start="100" end="50" time="300" tween="sine" easing="inout" />
            </animation>
            <control type="image">
                <posx>-10</posx>
                <posy>465</posy>
                <height>50</height>
                <width>500</width>
                <texture>dialogs/shutdown/shadow.png</texture>
            </control>
            <control type="image">
                <posx>-5</posx>
                <posy>265</posy>
                <width>490</width>
                <height>200</height>
                <texture border="7">windows/home/tile-grey.png</texture>
                <animation type="Focus">
                    <effect type="fade" start="60" end="100" time="300" tween="sine" easing="inout" />
                </animation>
                <animation type="Unfocus">
                    <effect type="fade" start="100" end="60" time="300" tween="sine" easing="inout" />
                </animation>
            </control>
            <control type="image">
                <posx>0</posx>
                <posy>270</posy>
                <width>480</width>
                <height>104</height>
                <texture border="2">views/extended/overlay.png</texture>
            </control>
            <control type="label">
                <posx>20</posx>
                <posy>287</posy>
                <width>440</width>
                <label>$INFO[ListItem.Property(NextNumber),, ]$INFO[ListItem.Property(NextTitle)]</label>
                <font>Font-Condensed-S34-B</font>
                <textcolor>ddwhite</textcolor>
                <shadowcolor>22000000</shadowcolor>
                <scroll>false</scroll>
                <align>left</align>
            </control>
            <control type="label">
                <posx>20</posx>
                <posy>327</posy>
                <width>440</width>
                <label>$INFO[ListItem.Label]$INFO[ListItem.Property(Premiered), (,)]</label>
                <font>Font-Condensed-S32</font>
                <textcolor>aawhite</textcolor>
                <shadowcolor>22000000</shadowcolor>
                <scroll>false</scroll>
                <align>left</align>
            </control>
            <control type="image">
                <posx>14</posx>
                <posy>391</posy>
                <width>50</width>
                <height>50</height>
                <texture>windows/tvguide/clock.png</texture>
            </control>
            <control type="label">
                <posx>77</posx>
                <posy>401</posy>
                <width>383</width>
                <label>$INFO[ListItem.Property(ShortTime)]$INFO[ListItem.Property(Network), $LOCALIZE[42162] ,]</label>
                <font>Font-Condensed-S40</font>
                <textcolor>eewhite</textcolor>
                <shadowcolor>22000000</shadowcolor>
                <scroll>false</scroll>
                <align>left</align>
            </control>
        </control>
        <control type="image">
            <posx>12</posx>
            <posy>0</posy>
            <width>480</width>
            <height>270</height>
            <texture background="true" fallback="views/fallbacks/DefaultVideo.png/landscape.png">$VAR[TVGuideThumb]</texture>
            <aspectratio align="center" aligny="bottom" scalediffuse="false">keep</aspectratio>
        </control>
        <control type="image">
            <posx>12</posx>
            <posy>269</posy>
            <width>480</width>
            <height>1</height>
            <colordiffuse>99000000</colordiffuse>
            <texture>windows/common/black.png</texture>
        </control>
    </include>
    
    <!-- Next Aired info includes -->
    <include name="NextAiredInfo">
        <control type="group">
            <visible>Container.Content(TVShows) | Container.Content(Seasons) | Container.Content(Episodes)</visible>
            <control type="group">
                <posx>1745</posx>
                <posy>26</posy>
                <visible>!Window.IsActive(movieinformation) + !Window.IsActive(favourites)</visible>
                <include>BannerListInfoAnimation</include>
                <animation effect="slide" end="-76" time="300" tween="sine" easing="inout" condition="Window.IsActive(busydialog)">Conditional</animation>
                <animation type="Conditional" condition="Window.IsActive(volumebar) | Window.IsActive(extendedprogressdialog) | Window.IsActive(infodialog) | [Player.HasMedia + IsEmpty(Window(videos).property(TvTunesIsAlive))]">
                    <effect type="fade" start="100" end="8" tween="sine" easing="out" time="300" /> 
                    <effect type="zoom" start="100" end="50" center="1745,100" tween="sine" easing="inout" time="300" />
                </animation>
                <control type="group">
                    <visible>!IsEmpty(Window(Home).Property(NextAired.NextDate))</visible>
                    <control type="label">
                        <posx>75</posx>
                        <posy>0</posy>
                        <width>500</width>
                        <height>120</height>
                        <label>$INFO[Window(Home).Property(NextAired.NextTitle)]</label>
                        <font>Font-Condensed-S36-B</font>
                        <textcolor>C0FFFFFF</textcolor>
                        <scroll>false</scroll>
                        <align>right</align>
                    </control>
                    <control type="label">
                        <posx>75</posx>
                        <posy>33</posy>
                        <width>500</width>
                        <height>120</height>
                        <label>$INFO[Window(Home).Property(NextAired.AirTime),, • ]$INFO[Window(Home).Property(NextAired.NextDate)]</label>
                        <font>Font-Condensed-S28</font>
                        <textcolor>80FFFFFF</textcolor>
                        <scroll>false</scroll>
                        <align>right</align>
                    </control>
                </control>
                <control type="group">
                    <visible>IsEmpty(Window(Home).Property(NextAired.NextDate)) + !IsEmpty(Window(Home).Property(NextAired.LatestTitle))</visible>
                    <control type="label">
                        <posx>75</posx>
                        <posy>0</posy>
                        <width>500</width>
                        <height>120</height>
                        <label>$INFO[Window(Home).Property(NextAired.LatestTitle)]</label>
                        <font>Font-Condensed-S36-B</font>
                        <textcolor>C0FFFFFF</textcolor>
                        <scroll>false</scroll>
                        <align>right</align>
                    </control>
                    <control type="label">
                        <posx>75</posx>
                        <posy>33</posy>
                        <width>500</width>
                        <height>120</height>
                        <label>$INFO[Window(Home).Property(NextAired.Status),, • ]$INFO[Window(Home).Property(NextAired.LatestDate)]</label>
                        <font>Font-Condensed-S28</font>
                        <textcolor>80FFFFFF</textcolor>
                        <scroll>false</scroll>
                        <align>right</align>
                    </control>
                </control>
            </control>
        </control>
    </include>
</includes>