<?xml version="1.0" encoding="UTF-8"?>
<includes>

    <variable name="HomeTileEditLabel">
        <value condition="stringcompare(Window(3003).Property(SingleDialog),item1)">$INFO[Skin.String(HomeVideoTile1.Label)]</value>
        <value condition="stringcompare(Window(3003).Property(SingleDialog),item2)">$INFO[Skin.String(HomeVideoTile2.Label)]</value>
        <value condition="stringcompare(Window(3003).Property(SingleDialog),item3)">$INFO[Skin.String(HomeVideoTile3.Label)]</value>
        <value condition="stringcompare(Window(3003).Property(SingleDialog),item4)">$INFO[Skin.String(HomeVideoTile4.Label)]</value>
        <value condition="stringcompare(Window(3003).Property(SingleDialog),item5)">$INFO[Skin.String(HomeTVShowTile1.Label)]</value>
        <value condition="stringcompare(Window(3003).Property(SingleDialog),item6)">$INFO[Skin.String(HomeTVShowTile2.Label)]</value>
        <value condition="stringcompare(Window(3003).Property(SingleDialog),item7)">$INFO[Skin.String(HomeMusicTile1.Label)]</value>
        <value condition="stringcompare(Window(3003).Property(SingleDialog),item8)">$INFO[Skin.String(HomeMusicTile2.Label)]</value>
        <value condition="stringcompare(Window(3003).Property(SingleDialog),item9)">$INFO[Skin.String(HomeProgramTile1.Label)]</value>
        <value condition="stringcompare(Window(3003).Property(SingleDialog),item10)">$INFO[Skin.String(HomeProgramTile2.Label)]</value>
        <value condition="stringcompare(Window(3003).Property(SingleDialog),item11)">$INFO[Skin.String(HomeProgramTile3.Label)]</value>
        <value condition="stringcompare(Window(3003).Property(SingleDialog),item12)">$INFO[Skin.String(HomeProgramTile4.Label)]</value>
        <value condition="stringcompare(Window(3003).Property(SingleDialog),item13)">$INFO[Skin.String(HomeHomeTile1.Label)]</value>
        <value condition="stringcompare(Window(3003).Property(SingleDialog),item14)">$INFO[Skin.String(HomeHomeTile2.Label)]</value>
        <value condition="stringcompare(Window(3003).Property(SingleDialog),item15)">$INFO[Skin.String(HomeVideoTile5.Label)]</value>
        <value condition="stringcompare(Window(3003).Property(SingleDialog),item16)">$INFO[Skin.String(HomeVideoTile6.Label)]</value>
        <value condition="stringcompare(Window(3003).Property(SingleDialog),item17)">$INFO[Skin.String(HomeTVShowTile3.Label)]</value>
        <value condition="stringcompare(Window(3003).Property(SingleDialog),item18)">$INFO[Skin.String(HomeTVShowTile4.Label)]</value>
        <value condition="stringcompare(Window(3003).Property(SingleDialog),item19)">$INFO[Skin.String(HomeMusicTile3.Label)]</value>
        <value condition="stringcompare(Window(3003).Property(SingleDialog),item20)">$INFO[Skin.String(HomeMusicTile4.Label)]</value>
        <value condition="stringcompare(Window(3003).Property(SingleDialog),item21)">$INFO[Skin.String(HomeProgramTile5.Label)]</value>
        <value condition="stringcompare(Window(3003).Property(SingleDialog),item22)">$INFO[Skin.String(HomeProgramTile6.Label)]</value>
        <value condition="stringcompare(Window(3003).Property(SingleDialog),item23)">$INFO[Skin.String(HomeProgramTile7.Label)]</value>
        <value condition="stringcompare(Window(3003).Property(SingleDialog),item24)">$INFO[Skin.String(HomeProgramTile8.Label)]</value>
    </variable>
    
    <variable name="HomeTileEditIcon">
        <value condition="stringcompare(Window(3003).Property(SingleDialog),item1)">$INFO[Skin.String(HomeVideoTile1.Icon)]</value>
        <value condition="stringcompare(Window(3003).Property(SingleDialog),item2)">$INFO[Skin.String(HomeVideoTile2.Icon)]</value>
        <value condition="stringcompare(Window(3003).Property(SingleDialog),item3)">$INFO[Skin.String(HomeVideoTile3.Icon)]</value>
        <value condition="stringcompare(Window(3003).Property(SingleDialog),item4)">$INFO[Skin.String(HomeVideoTile4.Icon)]</value>
        <value condition="stringcompare(Window(3003).Property(SingleDialog),item5)">$INFO[Skin.String(HomeTVShowTile1.Icon)]</value>
        <value condition="stringcompare(Window(3003).Property(SingleDialog),item6)">$INFO[Skin.String(HomeTVShowTile2.Icon)]</value>
        <value condition="stringcompare(Window(3003).Property(SingleDialog),item7)">$INFO[Skin.String(HomeMusicTile1.Icon)]</value>
        <value condition="stringcompare(Window(3003).Property(SingleDialog),item8)">$INFO[Skin.String(HomeMusicTile2.Icon)]</value>
        <value condition="stringcompare(Window(3003).Property(SingleDialog),item9)">$INFO[Skin.String(HomeProgramTile1.Icon)]</value>
        <value condition="stringcompare(Window(3003).Property(SingleDialog),item10)">$INFO[Skin.String(HomeProgramTile2.Icon)]</value>
        <value condition="stringcompare(Window(3003).Property(SingleDialog),item11)">$INFO[Skin.String(HomeProgramTile3.Icon)]</value>
        <value condition="stringcompare(Window(3003).Property(SingleDialog),item12)">$INFO[Skin.String(HomeProgramTile4.Icon)]</value>
        <value condition="stringcompare(Window(3003).Property(SingleDialog),item13)">$INFO[Skin.String(HomeHomeTile1.Icon)]</value>
        <value condition="stringcompare(Window(3003).Property(SingleDialog),item14)">$INFO[Skin.String(HomeHomeTile2.Icon)]</value>
        <value condition="stringcompare(Window(3003).Property(SingleDialog),item15)">$INFO[Skin.String(HomeVideoTile5.Icon)]</value>
        <value condition="stringcompare(Window(3003).Property(SingleDialog),item16)">$INFO[Skin.String(HomeVideoTile6.Icon)]</value>
        <value condition="stringcompare(Window(3003).Property(SingleDialog),item17)">$INFO[Skin.String(HomeTVShowTile3.Icon)]</value>
        <value condition="stringcompare(Window(3003).Property(SingleDialog),item18)">$INFO[Skin.String(HomeTVShowTile4.Icon)]</value>
        <value condition="stringcompare(Window(3003).Property(SingleDialog),item19)">$INFO[Skin.String(HomeMusicTile3.Icon)]</value>
        <value condition="stringcompare(Window(3003).Property(SingleDialog),item20)">$INFO[Skin.String(HomeMusicTile4.Icon)]</value>
        <value condition="stringcompare(Window(3003).Property(SingleDialog),item21)">$INFO[Skin.String(HomeProgramTile5.Icon)]</value>
        <value condition="stringcompare(Window(3003).Property(SingleDialog),item22)">$INFO[Skin.String(HomeProgramTile6.Icon)]</value>
        <value condition="stringcompare(Window(3003).Property(SingleDialog),item23)">$INFO[Skin.String(HomeProgramTile7.Icon)]</value>
        <value condition="stringcompare(Window(3003).Property(SingleDialog),item24)">$INFO[Skin.String(HomeProgramTile8.Icon)]</value>
    </variable>
    
    <variable name="HomeTileEditTypeName">
        <value condition="stringcompare(Window(3003).Property(SingleDialog),item1)">$INFO[Skin.String(HomeVideoTile1.TypeName)]</value>
        <value condition="stringcompare(Window(3003).Property(SingleDialog),item2)">$INFO[Skin.String(HomeVideoTile2.TypeName)]</value>
        <value condition="stringcompare(Window(3003).Property(SingleDialog),item3)">$INFO[Skin.String(HomeVideoTile3.TypeName)]</value>
        <value condition="stringcompare(Window(3003).Property(SingleDialog),item4)">$INFO[Skin.String(HomeVideoTile4.TypeName)]</value>
        <value condition="stringcompare(Window(3003).Property(SingleDialog),item5)">$INFO[Skin.String(HomeTVShowTile1.TypeName)]</value>
        <value condition="stringcompare(Window(3003).Property(SingleDialog),item6)">$INFO[Skin.String(HomeTVShowTile2.TypeName)]</value>
        <value condition="stringcompare(Window(3003).Property(SingleDialog),item7)">$INFO[Skin.String(HomeMusicTile1.TypeName)]</value>
        <value condition="stringcompare(Window(3003).Property(SingleDialog),item8)">$INFO[Skin.String(HomeMusicTile2.TypeName)]</value>
        <value condition="stringcompare(Window(3003).Property(SingleDialog),item9)">$INFO[Skin.String(HomeProgramTile1.TypeName)]</value>
        <value condition="stringcompare(Window(3003).Property(SingleDialog),item10)">$INFO[Skin.String(HomeProgramTile2.TypeName)]</value>
        <value condition="stringcompare(Window(3003).Property(SingleDialog),item11)">$INFO[Skin.String(HomeProgramTile3.TypeName)]</value>
        <value condition="stringcompare(Window(3003).Property(SingleDialog),item12)">$INFO[Skin.String(HomeProgramTile4.TypeName)]</value>
        <value condition="stringcompare(Window(3003).Property(SingleDialog),item13)">$INFO[Skin.String(HomeHomeTile1.TypeName)]</value>
        <value condition="stringcompare(Window(3003).Property(SingleDialog),item14)">$INFO[Skin.String(HomeHomeTile2.TypeName)]</value>
        <value condition="stringcompare(Window(3003).Property(SingleDialog),item15)">$INFO[Skin.String(HomeVideoTile5.TypeName)]</value>
        <value condition="stringcompare(Window(3003).Property(SingleDialog),item16)">$INFO[Skin.String(HomeVideoTile6.TypeName)]</value>
        <value condition="stringcompare(Window(3003).Property(SingleDialog),item17)">$INFO[Skin.String(HomeTVShowTile3.TypeName)]</value>
        <value condition="stringcompare(Window(3003).Property(SingleDialog),item18)">$INFO[Skin.String(HomeTVShowTile4.TypeName)]</value>
        <value condition="stringcompare(Window(3003).Property(SingleDialog),item19)">$INFO[Skin.String(HomeMusicTile3.TypeName)]</value>
        <value condition="stringcompare(Window(3003).Property(SingleDialog),item20)">$INFO[Skin.String(HomeMusicTile4.TypeName)]</value>
        <value condition="stringcompare(Window(3003).Property(SingleDialog),item21)">$INFO[Skin.String(HomeProgramTile5.TypeName)]</value>
        <value condition="stringcompare(Window(3003).Property(SingleDialog),item22)">$INFO[Skin.String(HomeProgramTile6.TypeName)]</value>
        <value condition="stringcompare(Window(3003).Property(SingleDialog),item23)">$INFO[Skin.String(HomeProgramTile7.TypeName)]</value>
        <value condition="stringcompare(Window(3003).Property(SingleDialog),item24)">$INFO[Skin.String(HomeProgramTile8.TypeName)]</value>
    </variable>
    
    <variable name="HomeTileEditPath">
        <value condition="stringcompare(Window(3003).Property(SingleDialog),item1)">$INFO[Skin.String(HomeVideoTile1.Path)]</value>
        <value condition="stringcompare(Window(3003).Property(SingleDialog),item2)">$INFO[Skin.String(HomeVideoTile2.Path)]</value>
        <value condition="stringcompare(Window(3003).Property(SingleDialog),item3)">$INFO[Skin.String(HomeVideoTile3.Path)]</value>
        <value condition="stringcompare(Window(3003).Property(SingleDialog),item4)">$INFO[Skin.String(HomeVideoTile4.Path)]</value>
        <value condition="stringcompare(Window(3003).Property(SingleDialog),item5)">$INFO[Skin.String(HomeTVShowTile1.Path)]</value>
        <value condition="stringcompare(Window(3003).Property(SingleDialog),item6)">$INFO[Skin.String(HomeTVShowTile2.Path)]</value>
        <value condition="stringcompare(Window(3003).Property(SingleDialog),item7)">$INFO[Skin.String(HomeMusicTile1.Path)]</value>
        <value condition="stringcompare(Window(3003).Property(SingleDialog),item8)">$INFO[Skin.String(HomeMusicTile2.Path)]</value>
        <value condition="stringcompare(Window(3003).Property(SingleDialog),item9)">$INFO[Skin.String(HomeProgramTile1.Path)]</value>
        <value condition="stringcompare(Window(3003).Property(SingleDialog),item10)">$INFO[Skin.String(HomeProgramTile2.Path)]</value>
        <value condition="stringcompare(Window(3003).Property(SingleDialog),item11)">$INFO[Skin.String(HomeProgramTile3.Path)]</value>
        <value condition="stringcompare(Window(3003).Property(SingleDialog),item12)">$INFO[Skin.String(HomeProgramTile4.Path)]</value>
        <value condition="stringcompare(Window(3003).Property(SingleDialog),item13)">$INFO[Skin.String(HomeHomeTile1.Path)]</value>
        <value condition="stringcompare(Window(3003).Property(SingleDialog),item14)">$INFO[Skin.String(HomeHomeTile2.Path)]</value>
        <value condition="stringcompare(Window(3003).Property(SingleDialog),item15)">$INFO[Skin.String(HomeVideoTile5.Path)]</value>
        <value condition="stringcompare(Window(3003).Property(SingleDialog),item16)">$INFO[Skin.String(HomeVideoTile6.Path)]</value>
        <value condition="stringcompare(Window(3003).Property(SingleDialog),item17)">$INFO[Skin.String(HomeTVShowTile3.Path)]</value>
        <value condition="stringcompare(Window(3003).Property(SingleDialog),item18)">$INFO[Skin.String(HomeTVShowTile4.Path)]</value>
        <value condition="stringcompare(Window(3003).Property(SingleDialog),item19)">$INFO[Skin.String(HomeMusicTile3.Path)]</value>
        <value condition="stringcompare(Window(3003).Property(SingleDialog),item20)">$INFO[Skin.String(HomeMusicTile4.Path)]</value>
        <value condition="stringcompare(Window(3003).Property(SingleDialog),item21)">$INFO[Skin.String(HomeProgramTile5.Path)]</value>
        <value condition="stringcompare(Window(3003).Property(SingleDialog),item22)">$INFO[Skin.String(HomeProgramTile6.Path)]</value>
        <value condition="stringcompare(Window(3003).Property(SingleDialog),item23)">$INFO[Skin.String(HomeProgramTile7.Path)]</value>
        <value condition="stringcompare(Window(3003).Property(SingleDialog),item24)">$INFO[Skin.String(HomeProgramTile8.Path)]</value>
    </variable>
    
    <include name="PanelDialogHomeTile">
        <control type="grouplist" id="4">
            <posx>0</posx>
            <posy>0</posy>
            <width>532</width>
            <height>360</height>
            <itemgap>0</itemgap>
            <onup>2406</onup>
            <ondown>2405</ondown>
            <onleft>5</onleft>
            <onright condition="Control.IsVisible(3)">3</onright>
            <onright condition="!Control.IsVisible(3)">6</onright>
            <scrolltime>0</scrolltime>
            <orientation>vertical</orientation>
            <control type="button" id="2141">
                <include>SettingsCustomDialogButtonVars</include>
                <label>$LOCALIZE[41138]</label>
                <label2>$VAR[HomeTileEditLabel]</label2>
                <onclick>Skin.SetString($INFO[Window.Property(HomeTileEdit)].Label)</onclick>
            </control>
            <control type="button" id="2142">
                <include>SettingsCustomDialogButtonVars</include>
                <label>$LOCALIZE[41139]</label>
                <label2>$VAR[HomeTileEditIcon]</label2>
                <onclick>Skin.SetImage($INFO[Window.Property(HomeTileEdit)].Icon)</onclick>
            </control>
            <control type="radiobutton" id="2403">
                <include>SettingsCustomDialogRadioButtonVars</include>
                <label>$LOCALIZE[41156]</label>
                <onclick condition="IsEmpty(Window.Property(HomeTileEdit.ShowLabel))">Skin.SetString($INFO[Window.Property(HomeTileEdit)].ShowLabel,on)</onclick>
                <onclick condition="IsEmpty(Window.Property(HomeTileEdit.ShowLabel))">SetProperty(HomeTileEdit.ShowLabel,on)</onclick>
                <onclick condition="!IsEmpty(Window.Property(HomeTileEdit.ShowLabel))">Skin.Reset($INFO[Window.Property(HomeTileEdit)].ShowLabel)</onclick>
                <onclick condition="!IsEmpty(Window.Property(HomeTileEdit.ShowLabel))">ClearProperty(HomeTileEdit.ShowLabel)</onclick>
                <selected>!IsEmpty(Window.Property(HomeTileEdit.ShowLabel))</selected>
            </control>
            <control type="radiobutton" id="2404">
                <include>SettingsCustomDialogRadioButtonVars</include>
                <label>$LOCALIZE[41160]</label>
                <onclick condition="IsEmpty(Window.Property(HomeTileEdit.Animate))">Skin.SetString($INFO[Window.Property(HomeTileEdit)].Animate,on)</onclick>
                <onclick condition="IsEmpty(Window.Property(HomeTileEdit.Animate))">SetProperty(HomeTileEdit.Animate,on)</onclick>
                <onclick condition="!IsEmpty(Window.Property(HomeTileEdit.Animate))">Skin.Reset($INFO[Window.Property(HomeTileEdit)].Animate)</onclick>
                <onclick condition="!IsEmpty(Window.Property(HomeTileEdit.Animate))">ClearProperty(HomeTileEdit.Animate)</onclick>
                <selected>!IsEmpty(Window.Property(HomeTileEdit.Animate))</selected>
            </control>
        </control>
        
        <control type="group">
            <control type="image">
                <posx>0</posx>
                <posy>240</posy>
                <width>532</width>
                <height>60</height>
                <texture>dialogs/default/separator-btn.png</texture>
                <aspectratio>stretch</aspectratio>
                <visible>!ControlGroup(2405).HasFocus</visible>
            </control>
            <control type="image">
                <posx>0</posx>
                <posy>240</posy>
                <width>532</width>
                <height>60</height>
                <texture border="2">dialogs/default/highlight.png</texture>
                <aspectratio>stretch</aspectratio>
                <visible>ControlGroup(2405).HasFocus</visible>
            </control>
            <control type="button">
                <posx>0</posx>
                <posy>240</posy>
                <width>455</width>
                <height>60</height>
                <align>left</align>
                <textoffsetx>20</textoffsetx>
                <font>Font-Condensed-S30</font>
                <textcolor>FF585858</textcolor>
                <label>$LOCALIZE[41141]</label>
                <label2>$VAR[HomeTileEditTypeName]</label2>
                <visible>!ControlGroup(2405).HasFocus</visible>
            </control>
            <control type="button">
                <posx>0</posx>
                <posy>240</posy>
                <width>455</width>
                <height>60</height>
                <align>left</align>
                <textoffsetx>20</textoffsetx>
                <font>Font-Condensed-S30</font>
                <textcolor>eewhite</textcolor>
                <label>$LOCALIZE[41141]</label>
                <label2>$VAR[HomeTileEditTypeName]</label2>
                <visible>ControlGroup(2405).HasFocus</visible>
            </control>
        </control>
        
        <control type="grouplist" id="2405">
            <description>button area</description>
            <posx>450</posx>
            <posy>240</posy>
            <width>120</width>
            <height>60</height>
            <itemgap>0</itemgap>
            <onleft>5</onleft>
            <onright condition="Control.IsVisible(3)">3</onright>
            <onright condition="!Control.IsVisible(3)">6</onright>
            <onup>2404</onup>
            <ondown>2406</ondown>
            <orientation>horizontal</orientation>
            <control type="button" id="24051">
                <width>32</width>
                <height>60</height>
                <texturefocus>buttons/spinctrl/arrow-light-down-fo.png</texturefocus>
                <texturenofocus>buttons/spinctrl/arrow-light-down-nf.png</texturenofocus>
                <onclick condition="stringcompare(Window.Property(HomeTileEdit.Type),7)">Skin.SetString($INFO[Window.Property(HomeTileEdit)].Type,0)</onclick>
                <onclick condition="stringcompare(Window.Property(HomeTileEdit.Type),7)">Skin.SetString($INFO[Window.Property(HomeTileEdit)].TypeName,$LOCALIZE[41145])</onclick>
                <onclick condition="stringcompare(Window.Property(HomeTileEdit.Type),7)">SetProperty(HomeTileEdit.Type,0)</onclick>
                <onclick condition="stringcompare(Window.Property(HomeTileEdit.Type),6)">Skin.SetString($INFO[Window.Property(HomeTileEdit)].Type,7)</onclick>
                <onclick condition="stringcompare(Window.Property(HomeTileEdit.Type),6)">Skin.SetString($INFO[Window.Property(HomeTileEdit)].TypeName,$LOCALIZE[41151])</onclick>
                <onclick condition="stringcompare(Window.Property(HomeTileEdit.Type),6)">SetProperty(HomeTileEdit.Type,7)</onclick>
                <onclick condition="stringcompare(Window.Property(HomeTileEdit.Type),5)">Skin.SetString($INFO[Window.Property(HomeTileEdit)].Type,6)</onclick>
                <onclick condition="stringcompare(Window.Property(HomeTileEdit.Type),5)">Skin.SetString($INFO[Window.Property(HomeTileEdit)].TypeName,$LOCALIZE[41153])</onclick>
                <onclick condition="stringcompare(Window.Property(HomeTileEdit.Type),5)">SetProperty(HomeTileEdit.Type,6)</onclick>
                <onclick condition="stringcompare(Window.Property(HomeTileEdit.Type),4)">Skin.SetString($INFO[Window.Property(HomeTileEdit)].Type,5)</onclick>
                <onclick condition="stringcompare(Window.Property(HomeTileEdit.Type),4)">Skin.SetString($INFO[Window.Property(HomeTileEdit)].TypeName,$LOCALIZE[41150])</onclick>
                <onclick condition="stringcompare(Window.Property(HomeTileEdit.Type),4)">SetProperty(HomeTileEdit.Type,5)</onclick>
                <onclick condition="stringcompare(Window.Property(HomeTileEdit.Type),3)">Skin.SetString($INFO[Window.Property(HomeTileEdit)].Type,4)</onclick>
                <onclick condition="stringcompare(Window.Property(HomeTileEdit.Type),3)">Skin.SetString($INFO[Window.Property(HomeTileEdit)].TypeName,$LOCALIZE[41149])</onclick>
                <onclick condition="stringcompare(Window.Property(HomeTileEdit.Type),3)">SetProperty(HomeTileEdit.Type,4)</onclick>
                <onclick condition="stringcompare(Window.Property(HomeTileEdit.Type),2)">Skin.SetString($INFO[Window.Property(HomeTileEdit)].Type,3)</onclick>
                <onclick condition="stringcompare(Window.Property(HomeTileEdit.Type),2)">Skin.SetString($INFO[Window.Property(HomeTileEdit)].TypeName,$LOCALIZE[41148])</onclick>
                <onclick condition="stringcompare(Window.Property(HomeTileEdit.Type),2)">SetProperty(HomeTileEdit.Type,3)</onclick>
                <onclick condition="stringcompare(Window.Property(HomeTileEdit.Type),1)">Skin.SetString($INFO[Window.Property(HomeTileEdit)].Type,2)</onclick>
                <onclick condition="stringcompare(Window.Property(HomeTileEdit.Type),1)">Skin.SetString($INFO[Window.Property(HomeTileEdit)].TypeName,$LOCALIZE[41147])</onclick>
                <onclick condition="stringcompare(Window.Property(HomeTileEdit.Type),1)">SetProperty(HomeTileEdit.Type,2)</onclick>
                <onclick condition="stringcompare(Window.Property(HomeTileEdit.Type),0)">Skin.SetString($INFO[Window.Property(HomeTileEdit)].Type,1)</onclick>
                <onclick condition="stringcompare(Window.Property(HomeTileEdit.Type),0)">Skin.SetString($INFO[Window.Property(HomeTileEdit)].TypeName,$LOCALIZE[41146])</onclick>
                <onclick condition="stringcompare(Window.Property(HomeTileEdit.Type),0)">SetProperty(HomeTileEdit.Type,1)</onclick>
                <onclick condition="stringcompare(Window.Property(HomeTileEdit.Type),7)">Skin.SetString($INFO[Window.Property(HomeTileEdit)].Type,0)</onclick>
                <onclick condition="stringcompare(Window.Property(HomeTileEdit.Type),7)">Skin.SetString($INFO[Window.Property(HomeTileEdit)].TypeName,$LOCALIZE[41145])</onclick>
                <onclick condition="stringcompare(Window.Property(HomeTileEdit.Type),7)">SetProperty(HomeTileEdit.Type,0)</onclick>
            </control>
            <control type="button" id="24052">
                <width>32</width>
                <height>60</height>
                <texturefocus>buttons/spinctrl/arrow-light-up-fo.png</texturefocus>
                <texturenofocus>buttons/spinctrl/arrow-light-up-nf.png</texturenofocus>
                <onclick condition="stringcompare(Window.Property(HomeTileEdit.Type),0)">Skin.SetString($INFO[Window.Property(HomeTileEdit)].Type,7)</onclick>
                <onclick condition="stringcompare(Window.Property(HomeTileEdit.Type),0)">Skin.SetString($INFO[Window.Property(HomeTileEdit)].TypeName,$LOCALIZE[41151])</onclick>
                <onclick condition="stringcompare(Window.Property(HomeTileEdit.Type),0)">SetProperty(HomeTileEdit.Type,7)</onclick>
                <onclick condition="stringcompare(Window.Property(HomeTileEdit.Type),1)">Skin.SetString($INFO[Window.Property(HomeTileEdit)].Type,0)</onclick>
                <onclick condition="stringcompare(Window.Property(HomeTileEdit.Type),1)">Skin.SetString($INFO[Window.Property(HomeTileEdit)].TypeName,$LOCALIZE[41145])</onclick>
                <onclick condition="stringcompare(Window.Property(HomeTileEdit.Type),1)">SetProperty(HomeTileEdit.Type,0)</onclick>
                <onclick condition="stringcompare(Window.Property(HomeTileEdit.Type),2)">Skin.SetString($INFO[Window.Property(HomeTileEdit)].Type,1)</onclick>
                <onclick condition="stringcompare(Window.Property(HomeTileEdit.Type),2)">Skin.SetString($INFO[Window.Property(HomeTileEdit)].TypeName,$LOCALIZE[41146])</onclick>
                <onclick condition="stringcompare(Window.Property(HomeTileEdit.Type),2)">SetProperty(HomeTileEdit.Type,1)</onclick>
                <onclick condition="stringcompare(Window.Property(HomeTileEdit.Type),3)">Skin.SetString($INFO[Window.Property(HomeTileEdit)].Type,2)</onclick>
                <onclick condition="stringcompare(Window.Property(HomeTileEdit.Type),3)">Skin.SetString($INFO[Window.Property(HomeTileEdit)].TypeName,$LOCALIZE[41147])</onclick>
                <onclick condition="stringcompare(Window.Property(HomeTileEdit.Type),3)">SetProperty(HomeTileEdit.Type,2)</onclick>
                <onclick condition="stringcompare(Window.Property(HomeTileEdit.Type),4)">Skin.SetString($INFO[Window.Property(HomeTileEdit)].Type,3)</onclick>
                <onclick condition="stringcompare(Window.Property(HomeTileEdit.Type),4)">Skin.SetString($INFO[Window.Property(HomeTileEdit)].TypeName,$LOCALIZE[41148])</onclick>
                <onclick condition="stringcompare(Window.Property(HomeTileEdit.Type),4)">SetProperty(HomeTileEdit.Type,3)</onclick>
                <onclick condition="stringcompare(Window.Property(HomeTileEdit.Type),5)">Skin.SetString($INFO[Window.Property(HomeTileEdit)].Type,4)</onclick>
                <onclick condition="stringcompare(Window.Property(HomeTileEdit.Type),5)">Skin.SetString($INFO[Window.Property(HomeTileEdit)].TypeName,$LOCALIZE[41149])</onclick>
                <onclick condition="stringcompare(Window.Property(HomeTileEdit.Type),5)">SetProperty(HomeTileEdit.Type,4)</onclick>
                <onclick condition="stringcompare(Window.Property(HomeTileEdit.Type),6)">Skin.SetString($INFO[Window.Property(HomeTileEdit)].Type,5)</onclick>
                <onclick condition="stringcompare(Window.Property(HomeTileEdit.Type),6)">Skin.SetString($INFO[Window.Property(HomeTileEdit)].TypeName,$LOCALIZE[41150])</onclick>
                <onclick condition="stringcompare(Window.Property(HomeTileEdit.Type),6)">SetProperty(HomeTileEdit.Type,5)</onclick>
                <onclick condition="stringcompare(Window.Property(HomeTileEdit.Type),7)">Skin.SetString($INFO[Window.Property(HomeTileEdit)].Type,6)</onclick>
                <onclick condition="stringcompare(Window.Property(HomeTileEdit.Type),7)">Skin.SetString($INFO[Window.Property(HomeTileEdit)].TypeName,$LOCALIZE[41153])</onclick>
                <onclick condition="stringcompare(Window.Property(HomeTileEdit.Type),7)">SetProperty(HomeTileEdit.Type,6)</onclick>
                <onclick condition="stringcompare(Window.Property(HomeTileEdit.Type),0)">Skin.SetString($INFO[Window.Property(HomeTileEdit)].Type,7)</onclick>
                <onclick condition="stringcompare(Window.Property(HomeTileEdit.Type),0)">Skin.SetString($INFO[Window.Property(HomeTileEdit)].TypeName,$LOCALIZE[41151])</onclick>
                <onclick condition="stringcompare(Window.Property(HomeTileEdit.Type),0)">SetProperty(HomeTileEdit.Type,7)</onclick>
            </control>
        </control>
        
        <control type="button" id="2406">
            <posx>0</posx>
            <posy>300</posy>
            <onleft>5</onleft>
            <onright condition="Control.IsVisible(3)">3</onright>
            <onright condition="!Control.IsVisible(3)">6</onright>
            <onup>2405</onup>
            <ondown>2141</ondown>
            <include>SettingsCustomDialogButtonVars</include>
            <label>$LOCALIZE[41142]</label>
            <label2>$VAR[HomeTileEditPath]</label2>
            <onclick condition="!stringcompare(Window.Property(HomeTileEdit.Type),6) + !stringcompare(Window.Property(HomeTileEdit.Type),7)">SetProperty(Property,$INFO[Window.Property(HomeTileEdit)],selectdialog)</onclick>
            <onclick condition="stringcompare(Window.Property(HomeTileEdit.Type),0)">Skin.SetAddon($INFO[Window.Property(HomeTileEdit)].Path,xbmc.addon.video)</onclick>
            <onclick condition="stringcompare(Window.Property(HomeTileEdit.Type),1)">Skin.SetAddon($INFO[Window.Property(HomeTileEdit)].Path,xbmc.addon.audio)</onclick>
            <onclick condition="stringcompare(Window.Property(HomeTileEdit.Type),2)">Skin.SetAddon($INFO[Window.Property(HomeTileEdit)].Path,xbmc.addon.image)</onclick>
            <onclick condition="stringcompare(Window.Property(HomeTileEdit.Type),3)">Skin.SetAddon($INFO[Window.Property(HomeTileEdit)].Path,xbmc.addon.executable)</onclick>
            <onclick condition="stringcompare(Window.Property(HomeTileEdit.Type),4)">Skin.SetFile($INFO[Window.Property(HomeTileEdit)].Path,.xsp|.m3u,special://profile/playlists/video/)</onclick>
            <onclick condition="stringcompare(Window.Property(HomeTileEdit.Type),5)">Skin.SetFile($INFO[Window.Property(HomeTileEdit)].Path,.xsp|.m3u,special://profile/playlists/music/)</onclick>
            <onclick condition="stringcompare(Window.Property(HomeTileEdit.Type),6)">RunScript(script.favourites,property=$INFO[Window.Property(HomeTileEdit)])</onclick>
            <onclick condition="stringcompare(Window.Property(HomeTileEdit.Type),7)">Skin.SetString($INFO[Window.Property(HomeTileEdit)].Path)</onclick>
        </control>
    </include>
    
    <include name="PanelDialogHome">
        <control type="group">
            <visible>!Window.IsVisible(yesnodialog)</visible>
            <animation type="Visible" reversible="false">
                <effect type="zoom" start="75" end="100" center="960,540" easing="out" tween="back" time="300" />
                <effect type="fade" start="0" end="100" time="175" />
            </animation>
            <animation type="Hidden" reversible="false">
                <effect type="fade" start="100" end="0" time="0" />
            </animation>
            <control type="group">
                <include>KeyboardAnimations</include>
                <visible>!Window.IsVisible(filebrowser) + !Window.IsVisible(virtualkeyboard) + !Window.IsVisible(selectdialog) + !Window.IsVisible(DialogSelect.xml)</visible>
                
                <control type="label">
                    <description>Heading</description>
                    <posx>473</posx>
                    <posy>278</posy>
                    <width>974</width>
                    <font>Font-Condensed-S34</font>
                    <label>$INFO[Window(skinsettings).property(Dialog)]</label>
                    <textcolor>ddwhite</textcolor>
                    <align>center</align>
                </control>
                
                <control type="image">
                    <posx>920</posx>
                    <posy>306</posy>
                    <width>80</width>
                    <height>60</height>
                    <texture>dialogs/default/arrow.png</texture>
                </control>
                <control type="image">
                    <posx>524</posx>
                    <posy>326</posy>
                    <width>872</width>
                    <height>428</height>
                    <texture border="39">dialogs/default/bg.png</texture>
                </control>
                <control type="image">
                	<posx>558</posx>
                	<posy>360</posy>
                	<width>532</width>
                	<height>361</height>
                	<texture border="5">dialogs/default/inner.png</texture>
                </control>
                <control type="image">
                	<posx>1104</posx>
                	<posy>360</posy>
                	<width>258</width>
                	<height>361</height>
                	<texture border="5">dialogs/default/inner.png</texture>
                </control>
                
                <control type="group" id="9">
                    <control type="grouplist" id="3">
                        <posx>1104</posx>
                        <posy>360</posy>
                        <width>258</width>
                        <height>360</height>
                        <onup>3</onup>
                        <ondown>3</ondown>
                        <onleft>4</onleft>
                        <onright>5</onright>
                        <scrolltime tween="cubic" easing="out">500</scrolltime>
                        <orientation>vertical</orientation>
                        <itemgap>0</itemgap>
                        <control type="radiobutton" id="31">
                            <include>SettingsBackgroundDialogRadioButtonVars</include>
                            <label>$LOCALIZE[41175] 1</label>
                            <onclick>Skin.SetString(HomeHomeTile1.Type,0)</onclick>
                            <onclick>Skin.SetString(HomeHomeTile1.TypeName,$LOCALIZE[41145])</onclick>
                            <onclick>Skin.Reset(HomeHomeTile1.Label)</onclick>
                            <onclick>Skin.Reset(HomeHomeTile1.Icon)</onclick>
                            <onclick>Skin.Reset(HomeHomeTile1.Animate)</onclick>
                            <onclick>Skin.Reset(HomeHomeTile1.ShowLabel)</onclick>
                            <onclick>Skin.Reset(HomeHomeTile1.Path)</onclick>
                            <onclick>Skin.ToggleSetting(HomeHomeTile1)</onclick>
                            <onclick>SetProperty(HomeTileEdit.Enabled,$INFO[Skin.HasSetting(HomeHomeTile1)])</onclick>
                            <onfocus>SetProperty(SingleDialog,item13)</onfocus>
                            <onfocus>SetProperty(HomeTileEdit,HomeHomeTile1)</onfocus>
                            <onfocus>SetProperty(HomeTileEdit.Enabled,$INFO[Skin.HasSetting(HomeHomeTile1)])</onfocus>
                            <onfocus>SetProperty(HomeTileEdit.Type,$INFO[Skin.String(HomeHomeTile1.Type)])</onfocus>
                            <onfocus>SetProperty(HomeTileEdit.ShowLabel,$INFO[Skin.String(HomeHomeTile1.ShowLabel)])</onfocus>
                            <onfocus>SetProperty(HomeTileEdit.Animate,$INFO[Skin.String(HomeHomeTile1.Animate)])</onfocus>
                            <selected>Skin.HasSetting(HomeHomeTile1)</selected>
                        </control>
                        <control type="radiobutton" id="32">
                            <include>SettingsBackgroundDialogRadioButtonVars</include>
                            <label>$LOCALIZE[41175] 2</label>
                            <onclick>Skin.SetString(HomeHomeTile2.Type,0)</onclick>
                            <onclick>Skin.SetString(HomeHomeTile2.TypeName,$LOCALIZE[41145])</onclick>
                            <onclick>Skin.Reset(HomeHomeTile2.Label)</onclick>
                            <onclick>Skin.Reset(HomeHomeTile2.Icon)</onclick>
                            <onclick>Skin.Reset(HomeHomeTile2.Animate)</onclick>
                            <onclick>Skin.Reset(HomeHomeTile2.ShowLabel)</onclick>
                            <onclick>Skin.Reset(HomeHomeTile2.Path)</onclick>
                            <onclick>Skin.ToggleSetting(HomeHomeTile2)</onclick>
                            <onclick>SetProperty(HomeTileEdit.Enabled,$INFO[Skin.HasSetting(HomeHomeTile2)])</onclick>
                            <onfocus>SetProperty(SingleDialog,item14)</onfocus>
                            <onfocus>SetProperty(HomeTileEdit,HomeHomeTile2)</onfocus>
                            <onfocus>SetProperty(HomeTileEdit.Enabled,$INFO[Skin.HasSetting(HomeHomeTile2)])</onfocus>
                            <onfocus>SetProperty(HomeTileEdit.Type,$INFO[Skin.String(HomeHomeTile2.Type)])</onfocus>
                            <onfocus>SetProperty(HomeTileEdit.ShowLabel,$INFO[Skin.String(HomeHomeTile2.ShowLabel)])</onfocus>
                            <onfocus>SetProperty(HomeTileEdit.Animate,$INFO[Skin.String(HomeHomeTile2.Animate)])</onfocus>
                            <selected>Skin.HasSetting(HomeHomeTile2)</selected>
                        </control>
                        <control type="radiobutton" id="33">
                            <include>SettingsBackgroundDialogRadioButtonVars</include>
                            <label>$LOCALIZE[41157] 1</label>
                            <onclick>Skin.SetString(HomeVideoTile5.Type,0)</onclick>
                            <onclick>Skin.SetString(HomeVideoTile5.TypeName,$LOCALIZE[41145])</onclick>
                            <onclick>Skin.Reset(HomeVideoTile5.Label)</onclick>
                            <onclick>Skin.Reset(HomeVideoTile5.Icon)</onclick>
                            <onclick>Skin.Reset(HomeVideoTile5.Animate)</onclick>
                            <onclick>Skin.Reset(HomeVideoTile5.ShowLabel)</onclick>
                            <onclick>Skin.Reset(HomeVideoTile5.Path)</onclick>
                            <onclick>Skin.ToggleSetting(HomeVideoTile5)</onclick>
                            <onclick>SetProperty(HomeTileEdit.Enabled,$INFO[Skin.HasSetting(HomeVideoTile5)])</onclick>
                            <onfocus>SetProperty(SingleDialog,item15)</onfocus>
                            <onfocus>SetProperty(HomeTileEdit,HomeVideoTile5)</onfocus>
                            <onfocus>SetProperty(HomeTileEdit.Enabled,$INFO[Skin.HasSetting(HomeVideoTile5)])</onfocus>
                            <onfocus>SetProperty(HomeTileEdit.Type,$INFO[Skin.String(HomeVideoTile5.Type)])</onfocus>
                            <onfocus>SetProperty(HomeTileEdit.ShowLabel,$INFO[Skin.String(HomeVideoTile5.ShowLabel)])</onfocus>
                            <onfocus>SetProperty(HomeTileEdit.Animate,$INFO[Skin.String(HomeVideoTile5.Animate)])</onfocus>
                            <selected>Skin.HasSetting(HomeVideoTile5)</selected>
                        </control>
                        <control type="radiobutton" id="34">
                            <include>SettingsBackgroundDialogRadioButtonVars</include>
                            <label>$LOCALIZE[41157] 2</label>
                            <onclick>Skin.SetString(HomeVideoTile6.Type,0)</onclick>
                            <onclick>Skin.SetString(HomeVideoTile6.TypeName,$LOCALIZE[41145])</onclick>
                            <onclick>Skin.Reset(HomeVideoTile6.Label)</onclick>
                            <onclick>Skin.Reset(HomeVideoTile6.Icon)</onclick>
                            <onclick>Skin.Reset(HomeVideoTile6.Animate)</onclick>
                            <onclick>Skin.Reset(HomeVideoTile6.ShowLabel)</onclick>
                            <onclick>Skin.Reset(HomeVideoTile6.Path)</onclick>
                            <onclick>Skin.ToggleSetting(HomeVideoTile6)</onclick>
                            <onclick>SetProperty(HomeTileEdit.Enabled,$INFO[Skin.HasSetting(HomeVideoTile6)])</onclick>
                            <onfocus>SetProperty(SingleDialog,item16)</onfocus>
                            <onfocus>SetProperty(HomeTileEdit,HomeVideoTile6)</onfocus>
                            <onfocus>SetProperty(HomeTileEdit.Enabled,$INFO[Skin.HasSetting(HomeVideoTile6)])</onfocus>
                            <onfocus>SetProperty(HomeTileEdit.Type,$INFO[Skin.String(HomeVideoTile6.Type)])</onfocus>
                            <onfocus>SetProperty(HomeTileEdit.ShowLabel,$INFO[Skin.String(HomeVideoTile6.ShowLabel)])</onfocus>
                            <onfocus>SetProperty(HomeTileEdit.Animate,$INFO[Skin.String(HomeVideoTile6.Animate)])</onfocus>
                            <selected>Skin.HasSetting(HomeVideoTile6)</selected>
                        </control>
                        <control type="radiobutton" id="35">
                            <include>SettingsBackgroundDialogRadioButtonVars</include>
                            <label>$LOCALIZE[41157] 3</label>
                            <onclick>Skin.SetString(HomeVideoTile1.Type,0)</onclick>
                            <onclick>Skin.SetString(HomeVideoTile1.TypeName,$LOCALIZE[41145])</onclick>
                            <onclick>Skin.Reset(HomeVideoTile1.Label)</onclick>
                            <onclick>Skin.Reset(HomeVideoTile1.Icon)</onclick>
                            <onclick>Skin.Reset(HomeVideoTile1.Animate)</onclick>
                            <onclick>Skin.Reset(HomeVideoTile1.ShowLabel)</onclick>
                            <onclick>Skin.Reset(HomeVideoTile1.Path)</onclick>
                            <onclick>Skin.ToggleSetting(HomeVideoTile1)</onclick>
                            <onclick>SetProperty(HomeTileEdit.Enabled,$INFO[Skin.HasSetting(HomeVideoTile1)])</onclick>
                            <onfocus>SetProperty(SingleDialog,item1)</onfocus>
                            <onfocus>SetProperty(HomeTileEdit,HomeVideoTile1)</onfocus>
                            <onfocus>SetProperty(HomeTileEdit.Enabled,$INFO[Skin.HasSetting(HomeVideoTile1)])</onfocus>
                            <onfocus>SetProperty(HomeTileEdit.Type,$INFO[Skin.String(HomeVideoTile1.Type)])</onfocus>
                            <onfocus>SetProperty(HomeTileEdit.ShowLabel,$INFO[Skin.String(HomeVideoTile1.ShowLabel)])</onfocus>
                            <onfocus>SetProperty(HomeTileEdit.Animate,$INFO[Skin.String(HomeVideoTile1.Animate)])</onfocus>
                            <selected>Skin.HasSetting(HomeVideoTile1)</selected>
                        </control>
                        <control type="radiobutton" id="36">
                            <include>SettingsBackgroundDialogRadioButtonVars</include>
                            <label>$LOCALIZE[41157] 4</label>
                            <onclick>Skin.SetString(HomeVideoTile2.Type,0)</onclick>
                            <onclick>Skin.SetString(HomeVideoTile2.TypeName,$LOCALIZE[41145])</onclick>
                            <onclick>Skin.Reset(HomeVideoTile2.Label)</onclick>
                            <onclick>Skin.Reset(HomeVideoTile2.Icon)</onclick>
                            <onclick>Skin.Reset(HomeVideoTile2.Animate)</onclick>
                            <onclick>Skin.Reset(HomeVideoTile2.ShowLabel)</onclick>
                            <onclick>Skin.Reset(HomeVideoTile2.Path)</onclick>
                            <onclick>Skin.ToggleSetting(HomeVideoTile2)</onclick>
                            <onclick>SetProperty(HomeTileEdit.Enabled,$INFO[Skin.HasSetting(HomeVideoTile2)])</onclick>
                            <onfocus>SetProperty(SingleDialog,item2)</onfocus>
                            <onfocus>SetProperty(HomeTileEdit,HomeVideoTile2)</onfocus>
                            <onfocus>SetProperty(HomeTileEdit.Enabled,$INFO[Skin.HasSetting(HomeVideoTile2)])</onfocus>
                            <onfocus>SetProperty(HomeTileEdit.Type,$INFO[Skin.String(HomeVideoTile2.Type)])</onfocus>
                            <onfocus>SetProperty(HomeTileEdit.ShowLabel,$INFO[Skin.String(HomeVideoTile2.ShowLabel)])</onfocus>
                            <onfocus>SetProperty(HomeTileEdit.Animate,$INFO[Skin.String(HomeVideoTile2.Animate)])</onfocus>
                            <selected>Skin.HasSetting(HomeVideoTile2)</selected>
                        </control>
                        <control type="radiobutton" id="37">
                            <include>SettingsBackgroundDialogRadioButtonVars</include>
                            <label>$LOCALIZE[41157] 5</label>
                            <onclick>Skin.SetString(HomeVideoTile3.Type,0)</onclick>
                            <onclick>Skin.SetString(HomeVideoTile3.TypeName,$LOCALIZE[41145])</onclick>
                            <onclick>Skin.Reset(HomeVideoTile3.Label)</onclick>
                            <onclick>Skin.Reset(HomeVideoTile3.Icon)</onclick>
                            <onclick>Skin.Reset(HomeVideoTile3.Animate)</onclick>
                            <onclick>Skin.Reset(HomeVideoTile3.ShowLabel)</onclick>
                            <onclick>Skin.Reset(HomeVideoTile3.Path)</onclick>
                            <onclick>Skin.ToggleSetting(HomeVideoTile3)</onclick>
                            <onclick>SetProperty(HomeTileEdit.Enabled,$INFO[Skin.HasSetting(HomeVideoTile3)])</onclick>
                            <onfocus>SetProperty(SingleDialog,item3)</onfocus>
                            <onfocus>SetProperty(HomeTileEdit,HomeVideoTile3)</onfocus>
                            <onfocus>SetProperty(HomeTileEdit.Enabled,$INFO[Skin.HasSetting(HomeVideoTile3)])</onfocus>
                            <onfocus>SetProperty(HomeTileEdit.Type,$INFO[Skin.String(HomeVideoTile3.Type)])</onfocus>
                            <onfocus>SetProperty(HomeTileEdit.ShowLabel,$INFO[Skin.String(HomeVideoTile3.ShowLabel)])</onfocus>
                            <onfocus>SetProperty(HomeTileEdit.Animate,$INFO[Skin.String(HomeVideoTile3.Animate)])</onfocus>
                            <selected>Skin.HasSetting(HomeVideoTile3)</selected>
                        </control>
                        <control type="radiobutton" id="38">
                            <include>SettingsBackgroundDialogRadioButtonVars</include>
                            <label>$LOCALIZE[41157] 6</label>
                            <onclick>Skin.SetString(HomeVideoTile4.Type,0)</onclick>
                            <onclick>Skin.SetString(HomeVideoTile4.TypeName,$LOCALIZE[41145])</onclick>
                            <onclick>Skin.Reset(HomeVideoTile4.Label)</onclick>
                            <onclick>Skin.Reset(HomeVideoTile4.Icon)</onclick>
                            <onclick>Skin.Reset(HomeVideoTile4.Animate)</onclick>
                            <onclick>Skin.Reset(HomeVideoTile4.ShowLabel)</onclick>
                            <onclick>Skin.Reset(HomeVideoTile4.Path)</onclick>
                            <onclick>Skin.ToggleSetting(HomeVideoTile4)</onclick>
                            <onclick>SetProperty(HomeTileEdit.Enabled,$INFO[Skin.HasSetting(HomeVideoTile4)])</onclick>
                            <onfocus>SetProperty(SingleDialog,item4)</onfocus>
                            <onfocus>SetProperty(HomeTileEdit,HomeVideoTile4)</onfocus>
                            <onfocus>SetProperty(HomeTileEdit.Enabled,$INFO[Skin.HasSetting(HomeVideoTile4)])</onfocus>
                            <onfocus>SetProperty(HomeTileEdit.Type,$INFO[Skin.String(HomeVideoTile4.Type)])</onfocus>
                            <onfocus>SetProperty(HomeTileEdit.ShowLabel,$INFO[Skin.String(HomeVideoTile4.ShowLabel)])</onfocus>
                            <onfocus>SetProperty(HomeTileEdit.Animate,$INFO[Skin.String(HomeVideoTile4.Animate)])</onfocus>
                            <selected>Skin.HasSetting(HomeVideoTile4)</selected>
                        </control>
                        <control type="radiobutton" id="39">
                            <include>SettingsBackgroundDialogRadioButtonVars</include>
                            <label>$LOCALIZE[41158] 1</label>
                            <onclick>Skin.SetString(HomeTVShowTile3.Type,0)</onclick>
                            <onclick>Skin.SetString(HomeTVShowTile3.TypeName,$LOCALIZE[41145])</onclick>
                            <onclick>Skin.Reset(HomeTVShowTile3.Label)</onclick>
                            <onclick>Skin.Reset(HomeTVShowTile3.Icon)</onclick>
                            <onclick>Skin.Reset(HomeTVShowTile3.Animate)</onclick>
                            <onclick>Skin.Reset(HomeTVShowTile3.ShowLabel)</onclick>
                            <onclick>Skin.Reset(HomeTVShowTile3.Path)</onclick>
                            <onclick>Skin.ToggleSetting(HomeTVShowTile3)</onclick>
                            <onclick>SetProperty(HomeTileEdit.Enabled,$INFO[Skin.HasSetting(HomeTVShowTile3)])</onclick>
                            <onfocus>SetProperty(SingleDialog,item17)</onfocus>
                            <onfocus>SetProperty(HomeTileEdit,HomeTVShowTile3)</onfocus>
                            <onfocus>SetProperty(HomeTileEdit.Enabled,$INFO[Skin.HasSetting(HomeTVShowTile3)])</onfocus>
                            <onfocus>SetProperty(HomeTileEdit.Type,$INFO[Skin.String(HomeTVShowTile3.Type)])</onfocus>
                            <onfocus>SetProperty(HomeTileEdit.ShowLabel,$INFO[Skin.String(HomeTVShowTile3.ShowLabel)])</onfocus>
                            <onfocus>SetProperty(HomeTileEdit.Animate,$INFO[Skin.String(HomeTVShowTile3.Animate)])</onfocus>
                            <selected>Skin.HasSetting(HomeTVShowTile3)</selected>
                        </control>
                        <control type="radiobutton" id="40">
                            <include>SettingsBackgroundDialogRadioButtonVars</include>
                            <label>$LOCALIZE[41158] 2</label>
                            <onclick>Skin.SetString(HomeTVShowTile4.Type,0)</onclick>
                            <onclick>Skin.SetString(HomeTVShowTile4.TypeName,$LOCALIZE[41145])</onclick>
                            <onclick>Skin.Reset(HomeTVShowTile4.Label)</onclick>
                            <onclick>Skin.Reset(HomeTVShowTile4.Icon)</onclick>
                            <onclick>Skin.Reset(HomeTVShowTile4.Animate)</onclick>
                            <onclick>Skin.Reset(HomeTVShowTile4.ShowLabel)</onclick>
                            <onclick>Skin.Reset(HomeTVShowTile4.Path)</onclick>
                            <onclick>Skin.ToggleSetting(HomeTVShowTile4)</onclick>
                            <onclick>SetProperty(HomeTileEdit.Enabled,$INFO[Skin.HasSetting(HomeTVShowTile4)])</onclick>
                            <onfocus>SetProperty(SingleDialog,item18)</onfocus>
                            <onfocus>SetProperty(HomeTileEdit,HomeTVShowTile4)</onfocus>
                            <onfocus>SetProperty(HomeTileEdit.Enabled,$INFO[Skin.HasSetting(HomeTVShowTile4)])</onfocus>
                            <onfocus>SetProperty(HomeTileEdit.Type,$INFO[Skin.String(HomeTVShowTile4.Type)])</onfocus>
                            <onfocus>SetProperty(HomeTileEdit.ShowLabel,$INFO[Skin.String(HomeTVShowTile4.ShowLabel)])</onfocus>
                            <onfocus>SetProperty(HomeTileEdit.Animate,$INFO[Skin.String(HomeTVShowTile4.Animate)])</onfocus>
                            <selected>Skin.HasSetting(HomeTVShowTile4)</selected>
                        </control>
                        <control type="radiobutton" id="41">
                            <include>SettingsBackgroundDialogRadioButtonVars</include>
                            <label>$LOCALIZE[41158] 3</label>
                            <onclick>Skin.SetString(HomeTVShowTile1.Type,0)</onclick>
                            <onclick>Skin.SetString(HomeTVShowTile1.TypeName,$LOCALIZE[41145])</onclick>
                            <onclick>Skin.Reset(HomeTVShowTile1.Label)</onclick>
                            <onclick>Skin.Reset(HomeTVShowTile1.Icon)</onclick>
                            <onclick>Skin.Reset(HomeTVShowTile1.Animate)</onclick>
                            <onclick>Skin.Reset(HomeTVShowTile1.ShowLabel)</onclick>
                            <onclick>Skin.Reset(HomeTVShowTile1.Path)</onclick>
                            <onclick>Skin.ToggleSetting(HomeTVShowTile1)</onclick>
                            <onclick>SetProperty(HomeTileEdit.Enabled,$INFO[Skin.HasSetting(HomeTVShowTile1)])</onclick>
                            <onfocus>SetProperty(SingleDialog,item5)</onfocus>
                            <onfocus>SetProperty(HomeTileEdit,HomeTVShowTile1)</onfocus>
                            <onfocus>SetProperty(HomeTileEdit.Enabled,$INFO[Skin.HasSetting(HomeTVShowTile1)])</onfocus>
                            <onfocus>SetProperty(HomeTileEdit.Type,$INFO[Skin.String(HomeTVShowTile1.Type)])</onfocus>
                            <onfocus>SetProperty(HomeTileEdit.ShowLabel,$INFO[Skin.String(HomeTVShowTile1.ShowLabel)])</onfocus>
                            <onfocus>SetProperty(HomeTileEdit.Animate,$INFO[Skin.String(HomeTVShowTile1.Animate)])</onfocus>
                            <selected>Skin.HasSetting(HomeTVShowTile1)</selected>
                        </control>
                        <control type="radiobutton" id="42">
                            <include>SettingsBackgroundDialogRadioButtonVars</include>
                            <label>$LOCALIZE[41158] 4</label>
                            <onclick>Skin.SetString(HomeTVShowTile2.Type,0)</onclick>
                            <onclick>Skin.SetString(HomeTVShowTile2.TypeName,$LOCALIZE[41145])</onclick>
                            <onclick>Skin.Reset(HomeTVShowTile2.Label)</onclick>
                            <onclick>Skin.Reset(HomeTVShowTile2.Icon)</onclick>
                            <onclick>Skin.Reset(HomeTVShowTile2.Animate)</onclick>
                            <onclick>Skin.Reset(HomeTVShowTile2.ShowLabel)</onclick>
                            <onclick>Skin.Reset(HomeTVShowTile2.Path)</onclick>
                            <onclick>Skin.ToggleSetting(HomeTVShowTile2)</onclick>
                            <onclick>SetProperty(HomeTileEdit.Enabled,$INFO[Skin.HasSetting(HomeTVShowTile2)])</onclick>
                            <onfocus>SetProperty(SingleDialog,item6)</onfocus>
                            <onfocus>SetProperty(HomeTileEdit,HomeTVShowTile2)</onfocus>
                            <onfocus>SetProperty(HomeTileEdit.Enabled,$INFO[Skin.HasSetting(HomeTVShowTile2)])</onfocus>
                            <onfocus>SetProperty(HomeTileEdit.Type,$INFO[Skin.String(HomeTVShowTile2.Type)])</onfocus>
                            <onfocus>SetProperty(HomeTileEdit.ShowLabel,$INFO[Skin.String(HomeTVShowTile2.ShowLabel)])</onfocus>
                            <onfocus>SetProperty(HomeTileEdit.Animate,$INFO[Skin.String(HomeTVShowTile2.Animate)])</onfocus>
                            <selected>Skin.HasSetting(HomeTVShowTile2)</selected>
                        </control>
                        <control type="radiobutton" id="43">
                            <include>SettingsBackgroundDialogRadioButtonVars</include>
                            <label>$LOCALIZE[41161] 1</label>
                            <onclick>Skin.SetString(HomeMusicTile3.Type,0)</onclick>
                            <onclick>Skin.SetString(HomeMusicTile3.TypeName,$LOCALIZE[41145])</onclick>
                            <onclick>Skin.Reset(HomeMusicTile3.Label)</onclick>
                            <onclick>Skin.Reset(HomeMusicTile3.Icon)</onclick>
                            <onclick>Skin.Reset(HomeMusicTile3.Animate)</onclick>
                            <onclick>Skin.Reset(HomeMusicTile3.ShowLabel)</onclick>
                            <onclick>Skin.Reset(HomeMusicTile3.Path)</onclick>
                            <onclick>Skin.ToggleSetting(HomeMusicTile3)</onclick>
                            <onclick>SetProperty(HomeTileEdit.Enabled,$INFO[Skin.HasSetting(HomeMusicTile3)])</onclick>
                            <onfocus>SetProperty(SingleDialog,item19)</onfocus>
                            <onfocus>SetProperty(HomeTileEdit,HomeMusicTile3)</onfocus>
                            <onfocus>SetProperty(HomeTileEdit.Enabled,$INFO[Skin.HasSetting(HomeMusicTile3)])</onfocus>
                            <onfocus>SetProperty(HomeTileEdit.Type,$INFO[Skin.String(HomeMusicTile3.Type)])</onfocus>
                            <onfocus>SetProperty(HomeTileEdit.ShowLabel,$INFO[Skin.String(HomeMusicTile3.ShowLabel)])</onfocus>
                            <onfocus>SetProperty(HomeTileEdit.Animate,$INFO[Skin.String(HomeMusicTile3.Animate)])</onfocus>
                            <selected>Skin.HasSetting(HomeMusicTile3)</selected>
                        </control>
                        <control type="radiobutton" id="44">
                            <include>SettingsBackgroundDialogRadioButtonVars</include>
                            <label>$LOCALIZE[41161] 2</label>
                            <onclick>Skin.SetString(HomeMusicTile4.Type,0)</onclick>
                            <onclick>Skin.SetString(HomeMusicTile4.TypeName,$LOCALIZE[41145])</onclick>
                            <onclick>Skin.Reset(HomeMusicTile4.Label)</onclick>
                            <onclick>Skin.Reset(HomeMusicTile4.Icon)</onclick>
                            <onclick>Skin.Reset(HomeMusicTile4.Animate)</onclick>
                            <onclick>Skin.Reset(HomeMusicTile4.ShowLabel)</onclick>
                            <onclick>Skin.Reset(HomeMusicTile4.Path)</onclick>
                            <onclick>Skin.ToggleSetting(HomeMusicTile4)</onclick>
                            <onclick>SetProperty(HomeTileEdit.Enabled,$INFO[Skin.HasSetting(HomeMusicTile4)])</onclick>
                            <onfocus>SetProperty(SingleDialog,item20)</onfocus>
                            <onfocus>SetProperty(HomeTileEdit,HomeMusicTile4)</onfocus>
                            <onfocus>SetProperty(HomeTileEdit.Enabled,$INFO[Skin.HasSetting(HomeMusicTile4)])</onfocus>
                            <onfocus>SetProperty(HomeTileEdit.Type,$INFO[Skin.String(HomeMusicTile4.Type)])</onfocus>
                            <onfocus>SetProperty(HomeTileEdit.ShowLabel,$INFO[Skin.String(HomeMusicTile4.ShowLabel)])</onfocus>
                            <onfocus>SetProperty(HomeTileEdit.Animate,$INFO[Skin.String(HomeMusicTile4.Animate)])</onfocus>
                            <selected>Skin.HasSetting(HomeMusicTile4)</selected>
                        </control>
                        <control type="radiobutton" id="45">
                            <include>SettingsBackgroundDialogRadioButtonVars</include>
                            <label>$LOCALIZE[41161] 3</label>
                            <onclick>Skin.SetString(HomeMusicTile1.Type,0)</onclick>
                            <onclick>Skin.SetString(HomeMusicTile1.TypeName,$LOCALIZE[41145])</onclick>
                            <onclick>Skin.Reset(HomeMusicTile1.Label)</onclick>
                            <onclick>Skin.Reset(HomeMusicTile1.Icon)</onclick>
                            <onclick>Skin.Reset(HomeMusicTile1.Animate)</onclick>
                            <onclick>Skin.Reset(HomeMusicTile1.ShowLabel)</onclick>
                            <onclick>Skin.Reset(HomeMusicTile1.Path)</onclick>
                            <onclick>Skin.ToggleSetting(HomeMusicTile1)</onclick>
                            <onclick>SetProperty(HomeTileEdit.Enabled,$INFO[Skin.HasSetting(HomeMusicTile1)])</onclick>
                            <onfocus>SetProperty(SingleDialog,item7)</onfocus>
                            <onfocus>SetProperty(HomeTileEdit,HomeMusicTile1)</onfocus>
                            <onfocus>SetProperty(HomeTileEdit.Enabled,$INFO[Skin.HasSetting(HomeMusicTile1)])</onfocus>
                            <onfocus>SetProperty(HomeTileEdit.Type,$INFO[Skin.String(HomeMusicTile1.Type)])</onfocus>
                            <onfocus>SetProperty(HomeTileEdit.ShowLabel,$INFO[Skin.String(HomeMusicTile1.ShowLabel)])</onfocus>
                            <onfocus>SetProperty(HomeTileEdit.Animate,$INFO[Skin.String(HomeMusicTile1.Animate)])</onfocus>
                            <selected>Skin.HasSetting(HomeMusicTile1)</selected>
                        </control>
                        <control type="radiobutton" id="46">
                            <include>SettingsBackgroundDialogRadioButtonVars</include>
                            <label>$LOCALIZE[41161] 4</label>
                            <onclick>Skin.SetString(HomeMusicTile2.Type,0)</onclick>
                            <onclick>Skin.SetString(HomeMusicTile2.TypeName,$LOCALIZE[41145])</onclick>
                            <onclick>Skin.Reset(HomeMusicTile2.Label)</onclick>
                            <onclick>Skin.Reset(HomeMusicTile2.Icon)</onclick>
                            <onclick>Skin.Reset(HomeMusicTile2.Animate)</onclick>
                            <onclick>Skin.Reset(HomeMusicTile2.ShowLabel)</onclick>
                            <onclick>Skin.Reset(HomeMusicTile2.Path)</onclick>
                            <onclick>Skin.ToggleSetting(HomeMusicTile2)</onclick>
                            <onclick>SetProperty(HomeTileEdit.Enabled,$INFO[Skin.HasSetting(HomeMusicTile2)])</onclick>
                            <onfocus>SetProperty(SingleDialog,item8)</onfocus>
                            <onfocus>SetProperty(HomeTileEdit,HomeMusicTile2)</onfocus>
                            <onfocus>SetProperty(HomeTileEdit.Enabled,$INFO[Skin.HasSetting(HomeMusicTile2)])</onfocus>
                            <onfocus>SetProperty(HomeTileEdit.Type,$INFO[Skin.String(HomeMusicTile2.Type)])</onfocus>
                            <onfocus>SetProperty(HomeTileEdit.ShowLabel,$INFO[Skin.String(HomeMusicTile2.ShowLabel)])</onfocus>
                            <onfocus>SetProperty(HomeTileEdit.Animate,$INFO[Skin.String(HomeMusicTile2.Animate)])</onfocus>
                            <selected>Skin.HasSetting(HomeMusicTile2)</selected>
                        </control>
                        <control type="radiobutton" id="47">
                            <include>SettingsBackgroundDialogRadioButtonVars</include>
                            <label>$LOCALIZE[41159] 1</label>
                            <onclick>Skin.SetString(HomeProgramTile5.Type,0)</onclick>
                            <onclick>Skin.SetString(HomeProgramTile5.TypeName,$LOCALIZE[41145])</onclick>
                            <onclick>Skin.Reset(HomeProgramTile5.Label)</onclick>
                            <onclick>Skin.Reset(HomeProgramTile5.Icon)</onclick>
                            <onclick>Skin.Reset(HomeProgramTile5.Animate)</onclick>
                            <onclick>Skin.Reset(HomeProgramTile5.ShowLabel)</onclick>
                            <onclick>Skin.Reset(HomeProgramTile5.Path)</onclick>
                            <onclick>Skin.ToggleSetting(HomeProgramTile5)</onclick>
                            <onclick>SetProperty(HomeTileEdit.Enabled,$INFO[Skin.HasSetting(HomeProgramTile5)])</onclick>
                            <onfocus>SetProperty(SingleDialog,item21)</onfocus>
                            <onfocus>SetProperty(HomeTileEdit,HomeProgramTile5)</onfocus>
                            <onfocus>SetProperty(HomeTileEdit.Enabled,$INFO[Skin.HasSetting(HomeProgramTile5)])</onfocus>
                            <onfocus>SetProperty(HomeTileEdit.Type,$INFO[Skin.String(HomeProgramTile5.Type)])</onfocus>
                            <onfocus>SetProperty(HomeTileEdit.ShowLabel,$INFO[Skin.String(HomeProgramTile5.ShowLabel)])</onfocus>
                            <onfocus>SetProperty(HomeTileEdit.Animate,$INFO[Skin.String(HomeProgramTile5.Animate)])</onfocus>
                            <selected>Skin.HasSetting(HomeProgramTile5)</selected>
                        </control>
                        <control type="radiobutton" id="48">
                            <include>SettingsBackgroundDialogRadioButtonVars</include>
                            <label>$LOCALIZE[41159] 2</label>
                            <onclick>Skin.SetString(HomeProgramTile6.Type,0)</onclick>
                            <onclick>Skin.SetString(HomeProgramTile6.TypeName,$LOCALIZE[41145])</onclick>
                            <onclick>Skin.Reset(HomeProgramTile6.Label)</onclick>
                            <onclick>Skin.Reset(HomeProgramTile6.Icon)</onclick>
                            <onclick>Skin.Reset(HomeProgramTile6.Animate)</onclick>
                            <onclick>Skin.Reset(HomeProgramTile6.ShowLabel)</onclick>
                            <onclick>Skin.Reset(HomeProgramTile6.Path)</onclick>
                            <onclick>Skin.ToggleSetting(HomeProgramTile6)</onclick>
                            <onclick>SetProperty(HomeTileEdit.Enabled,$INFO[Skin.HasSetting(HomeProgramTile6)])</onclick>
                            <onfocus>SetProperty(SingleDialog,item22)</onfocus>
                            <onfocus>SetProperty(HomeTileEdit,HomeProgramTile6)</onfocus>
                            <onfocus>SetProperty(HomeTileEdit.Enabled,$INFO[Skin.HasSetting(HomeProgramTile6)])</onfocus>
                            <onfocus>SetProperty(HomeTileEdit.Type,$INFO[Skin.String(HomeProgramTile6.Type)])</onfocus>
                            <onfocus>SetProperty(HomeTileEdit.ShowLabel,$INFO[Skin.String(HomeProgramTile6.ShowLabel)])</onfocus>
                            <onfocus>SetProperty(HomeTileEdit.Animate,$INFO[Skin.String(HomeProgramTile6.Animate)])</onfocus>
                            <selected>Skin.HasSetting(HomeProgramTile6)</selected>
                        </control>
                        <control type="radiobutton" id="49">
                            <include>SettingsBackgroundDialogRadioButtonVars</include>
                            <label>$LOCALIZE[41159] 3</label>
                            <onclick>Skin.SetString(HomeProgramTile7.Type,0)</onclick>
                            <onclick>Skin.SetString(HomeProgramTile7.TypeName,$LOCALIZE[41145])</onclick>
                            <onclick>Skin.Reset(HomeProgramTile7.Label)</onclick>
                            <onclick>Skin.Reset(HomeProgramTile7.Icon)</onclick>
                            <onclick>Skin.Reset(HomeProgramTile7.Animate)</onclick>
                            <onclick>Skin.Reset(HomeProgramTile7.ShowLabel)</onclick>
                            <onclick>Skin.Reset(HomeProgramTile7.Path)</onclick>
                            <onclick>Skin.ToggleSetting(HomeProgramTile7)</onclick>
                            <onclick>SetProperty(HomeTileEdit.Enabled,$INFO[Skin.HasSetting(HomeProgramTile7)])</onclick>
                            <onfocus>SetProperty(SingleDialog,item23)</onfocus>
                            <onfocus>SetProperty(HomeTileEdit,HomeProgramTile7)</onfocus>
                            <onfocus>SetProperty(HomeTileEdit.Enabled,$INFO[Skin.HasSetting(HomeProgramTile7)])</onfocus>
                            <onfocus>SetProperty(HomeTileEdit.Type,$INFO[Skin.String(HomeProgramTile7.Type)])</onfocus>
                            <onfocus>SetProperty(HomeTileEdit.ShowLabel,$INFO[Skin.String(HomeProgramTile7.ShowLabel)])</onfocus>
                            <onfocus>SetProperty(HomeTileEdit.Animate,$INFO[Skin.String(HomeProgramTile7.Animate)])</onfocus>
                            <selected>Skin.HasSetting(HomeProgramTile7)</selected>
                        </control>
                        <control type="radiobutton" id="50">
                            <include>SettingsBackgroundDialogRadioButtonVars</include>
                            <label>$LOCALIZE[41159] 4</label>
                            <onclick>Skin.SetString(HomeProgramTile8.Type,0)</onclick>
                            <onclick>Skin.SetString(HomeProgramTile8.TypeName,$LOCALIZE[41145])</onclick>
                            <onclick>Skin.Reset(HomeProgramTile8.Label)</onclick>
                            <onclick>Skin.Reset(HomeProgramTile8.Icon)</onclick>
                            <onclick>Skin.Reset(HomeProgramTile8.Animate)</onclick>
                            <onclick>Skin.Reset(HomeProgramTile8.ShowLabel)</onclick>
                            <onclick>Skin.Reset(HomeProgramTile8.Path)</onclick>
                            <onclick>Skin.ToggleSetting(HomeProgramTile8)</onclick>
                            <onclick>SetProperty(HomeTileEdit.Enabled,$INFO[Skin.HasSetting(HomeProgramTile8)])</onclick>
                            <onfocus>SetProperty(SingleDialog,item24)</onfocus>
                            <onfocus>SetProperty(HomeTileEdit,HomeProgramTile8)</onfocus>
                            <onfocus>SetProperty(HomeTileEdit.Enabled,$INFO[Skin.HasSetting(HomeProgramTile8)])</onfocus>
                            <onfocus>SetProperty(HomeTileEdit.Type,$INFO[Skin.String(HomeProgramTile8.Type)])</onfocus>
                            <onfocus>SetProperty(HomeTileEdit.ShowLabel,$INFO[Skin.String(HomeProgramTile8.ShowLabel)])</onfocus>
                            <onfocus>SetProperty(HomeTileEdit.Animate,$INFO[Skin.String(HomeProgramTile8.Animate)])</onfocus>
                            <selected>Skin.HasSetting(HomeProgramTile8)</selected>
                        </control>
                        <control type="radiobutton" id="51">
                            <include>SettingsBackgroundDialogRadioButtonVars</include>
                            <label>$LOCALIZE[41159] 5</label>
                            <onclick>Skin.SetString(HomeProgramTile1.Type,0)</onclick>
                            <onclick>Skin.SetString(HomeProgramTile1.TypeName,$LOCALIZE[41145])</onclick>
                            <onclick>Skin.Reset(HomeProgramTile1.Label)</onclick>
                            <onclick>Skin.Reset(HomeProgramTile1.Icon)</onclick>
                            <onclick>Skin.Reset(HomeProgramTile1.Animate)</onclick>
                            <onclick>Skin.Reset(HomeProgramTile1.ShowLabel)</onclick>
                            <onclick>Skin.Reset(HomeProgramTile1.Path)</onclick>
                            <onclick>Skin.ToggleSetting(HomeProgramTile1)</onclick>
                            <onclick>SetProperty(HomeTileEdit.Enabled,$INFO[Skin.HasSetting(HomeProgramTile1)])</onclick>
                            <onfocus>SetProperty(SingleDialog,item9)</onfocus>
                            <onfocus>SetProperty(HomeTileEdit,HomeProgramTile1)</onfocus>
                            <onfocus>SetProperty(HomeTileEdit.Enabled,$INFO[Skin.HasSetting(HomeProgramTile1)])</onfocus>
                            <onfocus>SetProperty(HomeTileEdit.Type,$INFO[Skin.String(HomeProgramTile1.Type)])</onfocus>
                            <onfocus>SetProperty(HomeTileEdit.ShowLabel,$INFO[Skin.String(HomeProgramTile1.ShowLabel)])</onfocus>
                            <onfocus>SetProperty(HomeTileEdit.Animate,$INFO[Skin.String(HomeProgramTile1.Animate)])</onfocus>
                            <selected>Skin.HasSetting(HomeProgramTile1)</selected>
                        </control>
                        <control type="radiobutton" id="52">
                            <include>SettingsBackgroundDialogRadioButtonVars</include>
                            <label>$LOCALIZE[41159] 6</label>
                            <onclick>Skin.SetString(HomeProgramTile2.Type,0)</onclick>
                            <onclick>Skin.SetString(HomeProgramTile2.TypeName,$LOCALIZE[41145])</onclick>
                            <onclick>Skin.Reset(HomeProgramTile2.Label)</onclick>
                            <onclick>Skin.Reset(HomeProgramTile2.Icon)</onclick>
                            <onclick>Skin.Reset(HomeProgramTile2.Animate)</onclick>
                            <onclick>Skin.Reset(HomeProgramTile2.ShowLabel)</onclick>
                            <onclick>Skin.Reset(HomeProgramTile2.Path)</onclick>
                            <onclick>Skin.ToggleSetting(HomeProgramTile2)</onclick>
                            <onclick>SetProperty(HomeTileEdit.Enabled,$INFO[Skin.HasSetting(HomeProgramTile2)])</onclick>
                            <onfocus>SetProperty(SingleDialog,item10)</onfocus>
                            <onfocus>SetProperty(HomeTileEdit,HomeProgramTile2)</onfocus>
                            <onfocus>SetProperty(HomeTileEdit.Enabled,$INFO[Skin.HasSetting(HomeProgramTile2)])</onfocus>
                            <onfocus>SetProperty(HomeTileEdit.Type,$INFO[Skin.String(HomeProgramTile2.Type)])</onfocus>
                            <onfocus>SetProperty(HomeTileEdit.ShowLabel,$INFO[Skin.String(HomeProgramTile2.ShowLabel)])</onfocus>
                            <onfocus>SetProperty(HomeTileEdit.Animate,$INFO[Skin.String(HomeProgramTile2.Animate)])</onfocus>
                            <selected>Skin.HasSetting(HomeProgramTile2)</selected>
                        </control>
                        <control type="radiobutton" id="53">
                            <include>SettingsBackgroundDialogRadioButtonVars</include>
                            <label>$LOCALIZE[41159] 7</label>
                            <onclick>Skin.SetString(HomeProgramTile3.Type,0)</onclick>
                            <onclick>Skin.SetString(HomeProgramTile3.TypeName,$LOCALIZE[41145])</onclick>
                            <onclick>Skin.Reset(HomeProgramTile3.Label)</onclick>
                            <onclick>Skin.Reset(HomeProgramTile3.Icon)</onclick>
                            <onclick>Skin.Reset(HomeProgramTile3.Animate)</onclick>
                            <onclick>Skin.Reset(HomeProgramTile3.ShowLabel)</onclick>
                            <onclick>Skin.Reset(HomeProgramTile3.Path)</onclick>
                            <onclick>Skin.ToggleSetting(HomeProgramTile3)</onclick>
                            <onclick>SetProperty(HomeTileEdit.Enabled,$INFO[Skin.HasSetting(HomeProgramTile3)])</onclick>
                            <onfocus>SetProperty(SingleDialog,item11)</onfocus>
                            <onfocus>SetProperty(HomeTileEdit,HomeProgramTile3)</onfocus>
                            <onfocus>SetProperty(HomeTileEdit.Enabled,$INFO[Skin.HasSetting(HomeProgramTile3)])</onfocus>
                            <onfocus>SetProperty(HomeTileEdit.Type,$INFO[Skin.String(HomeProgramTile3.Type)])</onfocus>
                            <onfocus>SetProperty(HomeTileEdit.ShowLabel,$INFO[Skin.String(HomeProgramTile3.ShowLabel)])</onfocus>
                            <onfocus>SetProperty(HomeTileEdit.Animate,$INFO[Skin.String(HomeProgramTile3.Animate)])</onfocus>
                            <selected>Skin.HasSetting(HomeProgramTile3)</selected>
                        </control>
                        <control type="radiobutton" id="54">
                            <include>SettingsBackgroundDialogRadioButtonVars</include>
                            <label>$LOCALIZE[41159] 8</label>
                            <onclick>Skin.SetString(HomeProgramTile4.Type,0)</onclick>
                            <onclick>Skin.SetString(HomeProgramTile4.TypeName,$LOCALIZE[41145])</onclick>
                            <onclick>Skin.Reset(HomeProgramTile4.Label)</onclick>
                            <onclick>Skin.Reset(HomeProgramTile4.Icon)</onclick>
                            <onclick>Skin.Reset(HomeProgramTile4.Animate)</onclick>
                            <onclick>Skin.Reset(HomeProgramTile4.ShowLabel)</onclick>
                            <onclick>Skin.Reset(HomeProgramTile4.Path)</onclick>
                            <onclick>Skin.ToggleSetting(HomeProgramTile4)</onclick>
                            <onclick>SetProperty(HomeTileEdit.Enabled,$INFO[Skin.HasSetting(HomeProgramTile4)])</onclick>
                            <onfocus>SetProperty(SingleDialog,item12)</onfocus>
                            <onfocus>SetProperty(HomeTileEdit,HomeProgramTile4)</onfocus>
                            <onfocus>SetProperty(HomeTileEdit.Enabled,$INFO[Skin.HasSetting(HomeProgramTile4)])</onfocus>
                            <onfocus>SetProperty(HomeTileEdit.Type,$INFO[Skin.String(HomeProgramTile4.Type)])</onfocus>
                            <onfocus>SetProperty(HomeTileEdit.ShowLabel,$INFO[Skin.String(HomeProgramTile4.ShowLabel)])</onfocus>
                            <onfocus>SetProperty(HomeTileEdit.Animate,$INFO[Skin.String(HomeProgramTile4.Animate)])</onfocus>
                            <selected>Skin.HasSetting(HomeProgramTile4)</selected>
                        </control>
                    </control>
                    
                    <control type="group">
                        <posx>558</posx>
                        <posy>360</posy>
                        <visible>!IsEmpty(Window.Property(HomeTileEdit.Enabled))</visible>
                        <include>PanelDialogHomeTile</include>
                    </control>
                </control>
                
                <control type="group">
                    <posx>546</posx>
                    <posy>716</posy>
                    <control type="button" id="5">
                        <description>Close</description>
                        <texturefocus>buttons/cancel-fo.png</texturefocus>
                        <texturenofocus>buttons/cancel-nf.png</texturenofocus>
                        <include>DialogButtonDimensions</include>
                        <onleft>9</onleft>
                        <onright>9</onright>
                        <onup>9</onup>
                        <ondown>9</ondown>
                        <label>$LOCALIZE[42002]</label>
                        <onclick>PreviousMenu</onclick>
                    </control>
                    <control type="label">
                        <description>Info</description>
                        <posx>610</posx>
                        <width>500</width>
                        <font>Font-Condensed-S26-B</font>
                        <align>right</align>
                        <include>DialogButtonDimensions</include>
                        <label>$LOCALIZE[41154]</label>
                        <visible>Control.HasFocus(2142)</visible>
                        <include>visiblehidefadeinfo</include>
                    </control>
                </control>              
            </control>
        </control>
    </include>
    
    <include name="PanelDialogHomeSingle">
        <control type="group">
            <visible>!Window.IsVisible(yesnodialog)</visible>
            <animation type="Visible" reversible="false">
                <effect type="zoom" start="75" end="100" center="960,540" easing="out" tween="back" time="300" />
                <effect type="fade" start="0" end="100" time="175" />
            </animation>
            <animation type="Hidden" reversible="false">
                <effect type="fade" start="100" end="0" time="0" />
            </animation>
            <control type="button" id="3">
                <onfocus>SetFocus(4)</onfocus>
                <visible allowhiddenfocus="true">false</visible>
            </control>
            <control type="group">
                <include>KeyboardAnimations</include>
                <visible>!Window.IsVisible(filebrowser) + !Window.IsVisible(virtualkeyboard) + !Window.IsVisible(selectdialog) + !Window.IsVisible(DialogSelect.xml)</visible>
                
                <control type="label">
                    <description>Heading</description>
                    <posx>473</posx>
                    <posy>278</posy>
                    <width>974</width>
                    <font>Font-Condensed-S34</font>
                    <label>$INFO[Window(skinsettings).property(Dialog)]</label>
                    <textcolor>ddwhite</textcolor>
                    <align>center</align>
                </control>
                
                <control type="image">
                    <posx>920</posx>
                    <posy>306</posy>
                    <width>80</width>
                    <height>60</height>
                    <texture>dialogs/default/arrow.png</texture>
                </control>
                <control type="image">
                    <posx>660</posx>
                    <posy>326</posy>
                    <width>600</width>
                    <height>428</height>
                    <texture border="39">dialogs/default/bg.png</texture>
                </control>
                <control type="image">
                	<posx>694</posx>
                	<posy>360</posy>
                	<width>532</width>
                	<height>361</height>
                	<texture border="5">dialogs/default/inner.png</texture>
                </control>
                
                <control type="group" id="9">
                    <posx>694</posx>
                    <posy>360</posy>
                    <include condition="SubString(Window.Property(SingleDialog),item,left)">PanelDialogHomeTile</include>
                    <include condition="StringCompare(Window.Property(SingleDialog),widget1)">PanelDialogHomeWidget1</include>
                    <include condition="StringCompare(Window.Property(SingleDialog),widget2)">PanelDialogHomeWidget2</include>
                    <include condition="StringCompare(Window.Property(SingleDialog),widget3)">PanelDialogHomeWidget3</include>
                    <include condition="StringCompare(Window.Property(SingleDialog),widget4)">PanelDialogHomeWidget4</include>
                    <include condition="StringCompare(Window.Property(SingleDialog),widget5)">PanelDialogHomeWidget5</include>
                </control> 
                
                <control type="group">
                    <posx>682</posx>
                    <posy>716</posy>
                    <control type="button" id="5">
                        <description>Close</description>
                        <texturefocus>buttons/cancel-fo.png</texturefocus>
                        <texturenofocus>buttons/cancel-nf.png</texturenofocus>
                        <include>DialogButtonDimensions</include>
                        <onleft>6</onleft>
                        <onright>6</onright>
                        <onup>9</onup>
                        <ondown>9</ondown>
                        <label>$LOCALIZE[42002]</label>
                        <onclick>PreviousMenu</onclick>
                    </control>
                    <control type="label">
                        <description>Info</description>
                        <posx>610</posx>
                        <width>500</width>
                        <font>Font-Condensed-S26-B</font>
                        <align>right</align>
                        <include>DialogButtonDimensions</include>
                        <label>$LOCALIZE[41154]</label>
                        <visible>Control.HasFocus(2142)</visible>
                        <include>visiblehidefadeinfo</include>
                    </control>
                    <control type="button" id="6">
                        <posx>60</posx>
                        <description>Default settings</description>
                        <label>$LOCALIZE[409]</label>
                        <width>500</width>
                        <include>DialogButtonDimensionsRightAlign</include>
                        <texturefocus border="0,0,100,0">buttons/options-right-fo.png</texturefocus>
                        <texturenofocus border="0,0,100,0">buttons/options-right-nf.png</texturenofocus>
                        <onup>9</onup>
                        <ondown>9</ondown>
                        <onleft>5</onleft>
                        <onright>5</onright>
                        <onclick condition="SubString(Window.Property(SingleDialog),item,left)">SetFocus(10)</onclick>
                        <onclick condition="StringCompare(Window.Property(SingleDialog),widget1)">SetFocus(11)</onclick>
                        <onclick condition="StringCompare(Window.Property(SingleDialog),widget2)">SetFocus(12)</onclick>
                        <onclick condition="StringCompare(Window.Property(SingleDialog),widget3)">SetFocus(13)</onclick>
                        <onclick condition="StringCompare(Window.Property(SingleDialog),widget4)">SetFocus(14)</onclick>
                        <onclick condition="StringCompare(Window.Property(SingleDialog),widget5)">SetFocus(15)</onclick>
                        <visible allowhiddenfocus="true">!Control.HasFocus(2142)</visible>
                        <include>visiblehidefadeinfo</include>
                    </control>
                    <control type="button" id="10">
                        <onfocus>Skin.SetString($INFO[Window.Property(HomeTileEdit)].Type,0)</onfocus>
                        <onfocus>Skin.SetString($INFO[Window.Property(HomeTileEdit)].TypeName,$LOCALIZE[41145])</onfocus>
                        <onfocus>Skin.Reset($INFO[Window.Property(HomeTileEdit)].Label)</onfocus>
                        <onfocus>Skin.Reset($INFO[Window.Property(HomeTileEdit)].Icon)</onfocus>
                        <onfocus>Skin.Reset($INFO[Window.Property(HomeTileEdit)].Animate)</onfocus>
                        <onfocus>Skin.Reset($INFO[Window.Property(HomeTileEdit)].ShowLabel)</onfocus>
                        <onfocus>Skin.Reset($INFO[Window.Property(HomeTileEdit)].Path)</onfocus>
                        <onfocus>SetFocus(6)</onfocus>
                        <visible allowhiddenfocus="true">false</visible>
                    </control>
                    <control type="button" id="11">
                        <onfocus>Skin.SetString(HomeWidget.1.Type,service.skin.widgets)</onfocus>
                        <onfocus>Skin.SetString(HomeWidget.1.TypeName,$LOCALIZE[41550])</onfocus>
                        <onfocus>Skin.SetString(HomeWidget.1.SubType,Movie)</onfocus>
                        <onfocus>Skin.SetString(HomeWidget.1.SubTypeName,$LOCALIZE[342])</onfocus>
                        <onfocus>Skin.SetString(HomeWidget.1.Method,Playlist)</onfocus>
                        <onfocus>Skin.SetString(HomeWidget.1.UnWatched,False)</onfocus>
                        <onfocus>Skin.SetString(HomeWidget.1.Resume,False)</onfocus>
                        <onfocus>SetFocus(6)</onfocus>
                        <visible allowhiddenfocus="true">false</visible>
                    </control>
                    <control type="button" id="12">
                        <onfocus>Skin.SetString(HomeWidget.2.Type,service.skin.widgets)</onfocus>
                        <onfocus>Skin.SetString(HomeWidget.2.TypeName,$LOCALIZE[41551])</onfocus>
                        <onfocus>Skin.SetString(HomeWidget.2.SubType,Movie)</onfocus>
                        <onfocus>Skin.SetString(HomeWidget.2.SubTypeName,$LOCALIZE[342])</onfocus>
                        <onfocus>Skin.SetString(HomeWidget.2.Method,Playlist)</onfocus>
                        <onfocus>Skin.SetString(HomeWidget.2.UnWatched,False)</onfocus>
                        <onfocus>Skin.SetString(HomeWidget.2.Resume,False)</onfocus>
                        <onfocus>SetFocus(6)</onfocus>
                        <visible allowhiddenfocus="true">false</visible>
                    </control>
                    <control type="button" id="13">
                        <onfocus>Skin.SetString(HomeWidget.3.Type,service.skin.widgets)</onfocus>
                        <onfocus>Skin.SetString(HomeWidget.3.TypeName,$LOCALIZE[41552])</onfocus>
                        <onfocus>Skin.SetString(HomeWidget.3.SubType,Movie)</onfocus>
                        <onfocus>Skin.SetString(HomeWidget.3.SubTypeName,$LOCALIZE[342])</onfocus>
                        <onfocus>Skin.SetString(HomeWidget.3.Method,Playlist)</onfocus>
                        <onfocus>Skin.SetString(HomeWidget.3.UnWatched,False)</onfocus>
                        <onfocus>Skin.SetString(HomeWidget.3.Resume,False)</onfocus>
                        <onfocus>SetFocus(6)</onfocus>
                        <visible allowhiddenfocus="true">false</visible>
                    </control>
                    <control type="button" id="14">
                        <onfocus>Skin.SetString(HomeWidget.4.Type,service.skin.widgets)</onfocus>
                        <onfocus>Skin.SetString(HomeWidget.4.TypeName,$LOCALIZE[41553])</onfocus>
                        <onfocus>Skin.SetString(HomeWidget.4.SubType,Episode)</onfocus>
                        <onfocus>Skin.SetString(HomeWidget.4.SubTypeName,$LOCALIZE[20360])</onfocus>
                        <onfocus>Skin.SetString(HomeWidget.4.Method,Playlist)</onfocus>
                        <onfocus>Skin.SetString(HomeWidget.4.UnWatched,False)</onfocus>
                        <onfocus>Skin.SetString(HomeWidget.4.Resume,False)</onfocus>
                        <onfocus>SetFocus(6)</onfocus>
                        <visible allowhiddenfocus="true">false</visible>
                    </control>
                    <control type="button" id="15">
                        <onfocus>Skin.SetString(HomeWidget.5.Type,service.skin.widgets.random)</onfocus>
                        <onfocus>Skin.SetString(HomeWidget.5.TypeName,$LOCALIZE[41556])</onfocus>
                        <onfocus>Skin.SetString(HomeWidget.5.SubType,Music)</onfocus>
                        <onfocus>Skin.SetString(HomeWidget.5.SubTypeName,$LOCALIZE[2])</onfocus>
                        <onfocus>Skin.SetString(HomeWidget.5.Method,Playlist)</onfocus>
                        <onfocus>Skin.SetString(HomeWidget.5.UnWatched,False)</onfocus>
                        <onfocus>Skin.SetString(HomeWidget.5.Resume,False)</onfocus>
                        <onfocus>SetFocus(6)</onfocus>
                        <visible allowhiddenfocus="true">false</visible>
                    </control>
                </control>
                    
            </control>
        </control>
    </include>
    
</includes>