<?xml version="1.0" encoding="UTF-8"?>
<window id="600">
    <defaultcontrol always="true">50</defaultcontrol>
    <allowoverlay>no</allowoverlay>
    <views>50</views>
    <controls>
        <include>CommonPVRItems</include>
        <include>PVRHeader</include>
        
        <control type="group">
            <posx>0</posx>
            <animation type="WindowClose">
                <effect type="fade" start="100" end="0" time="300" tween="sine" easing="out" />
                <effect type="zoom" start="100" end="85" time="300" center="960,600" tween="sine" easing="out" />
            </animation>
            
            <include>PVRMenu</include>
            
            <control type="group" id="110">
                <include>FullscreenDimensions</include>
                <include>OptionsShutdownAnimation</include>
                <animation effect="slide" start="0" end="278" time="400" tween="sine" easing="inout" condition="ControlGroup(9001).HasFocus">Conditional</animation>
                <include>listEndAnimation</include>
                <control type="group">
                    <animation type="WindowOpen" condition="!Control.IsVisible(9001)">
                        <effect type="slide" start="200" end="0" tween="cubic" easing="out" time="600" />
                        <effect type="fade" start="0" end="100" tween="sine" easing="inout" time="300" />
                        <effect type="zoom" start="90" end="100" center="960,438" tween="cubic" easing="out" time="400" />
                    </animation>
                    <animation type="WindowOpen" condition="Control.IsVisible(9001)">
                        <effect type="slide" start="200" end="0" tween="cubic" easing="out" time="545" delay="105" />
                        <effect type="fade" start="0" end="100" tween="sine" easing="inout" time="300" delay="105" />
                        <effect type="zoom" start="90" end="100" center="960,438" tween="cubic" easing="out" time="400" delay="105" />
                    </animation>
                    <include>PVRVisibleHiddenAnimation</include>
                    <control type="label">
                        <posx>318</posx>
                        <posy>178</posy>
                        <width>200</width>
                        <height>30</height>
                        <font>Font-Condensed-S30-B</font>
                        <textcolor>99FFFFFF</textcolor>
                        <shadowcolor>55000000</shadowcolor>
                        <align>left</align>
                        <aligny>center</aligny>
                        <label>$INFO[ListItem.StartDate]</label>
                    </control>
                    <control type="image">
                        <description>Shadow</description>
                        <posx>200</posx>
                        <posy>883</posy>
                        <width>1520</width>
                        <height>150</height>
                        <texture>windows/home/item-shadow.png</texture>
                    </control>
                    <control type="image">
                        <description>List Panel</description>
                        <posx>298</posx>
                        <posy>215</posy>
                        <width>1324</width>
                        <height>676</height>
                        <texture border="4">views/list/panel/panel.png</texture>
                    </control>
                    <control type="list" id="50">
                        <posx>300</posx>
                        <posy>218</posy>
                        <width>1320</width>
                        <height>675</height>
                        <pagecontrol>70</pagecontrol>
                        <onleft>103</onleft>
                        <onright>70</onright>
                        <onup>50</onup>
                        <ondown>50</ondown>
                        <onback>103</onback>
                        <viewtype label="535">list</viewtype>
                        <preloaditems>2</preloaditems>
                        <scrolltime tween="cubic" easing="out">500</scrolltime>
                        <itemlayout height="96">
                            <control type="image">
                                <posx>0</posx>
                                <posy>0</posy>
                                <width>1320</width>
                                <height>97</height>
                                <texture border="90,3,90,3">views/list/other/separator.png</texture>
                            </control>
                            <control type="label">
                                <description>Label</description>
                                <posx>20</posx>
                                <posy>0</posy>
                                <width>948</width>
                                <height>58</height>
                                <font>Font-Condensed-S34-B</font>
                                <align>left</align>
                                <label>$INFO[ListItem.Label]</label>
                                <textcolor>99FFFFFF</textcolor>
                                <selectedcolor>SelectedGreen</selectedcolor>
                                <scroll>false</scroll>
                                <animation effect="slide" end="0,19" time="0" condition="IsEmpty(ListItem.ChannelName)">Conditional</animation>
                            </control>
                            <control type="label">
                                <description>Date + Start / End Time + Channel</description>
                                <posx>20</posx>
                                <posy>42</posy>
                                <width>948</width>
                                <height>50</height>
                                <font>Font-Condensed-S28</font>
                                <align>left</align>
                                <label>$INFO[ListItem.StartDate]$INFO[ListItem.StartTime, ● ,]$INFO[ListItem.EndTime, → ,]$INFO[ListItem.ChannelName, ● ,]</label>
                                <textcolor>77white</textcolor>
                                <selectedcolor>D4FFFFFF</selectedcolor>
                                <scroll>false</scroll>
                                <visible>!IsEmpty(ListItem.ChannelName)</visible>
                            </control>
                            <control type="image">
                                <posx>1205</posx>
                                <posy>10</posy>
                                <width>120</width>
                                <height>75</height>
                                <texture>$VAR[TVTimerRadioButtonTexture]</texture>
                            </control>
                        </itemlayout>
                        <focusedlayout height="96">
                            <control type="image">
                                <posx>0</posx>
                                <posy>0</posy>
                                <width>1320</width>
                                <height>97</height>
                                <texture border="90,3,90,3">views/list/other/separator.png</texture>
                            </control>
                            <control type="image">
                                <posx>0</posx>
                                <posy>0</posy>
                                <width>1320</width>
                                <height>95</height>
                                <texture border="150,1,150,1">views/other/focus.png</texture>
                                <animation effect="slide" start="0,96" end="0,0" time="300" reversible="false" tween="back" easing="out" condition="Container(50).OnPrevious">focus</animation>
                                <animation effect="slide" start="0,-96" end="0,0" time="300" reversible="false" tween="back" easing="out" condition="Container(50).OnNext">focus</animation>
                                <include>visiblehidefadeinfo</include>
                                <visible>Control.HasFocus(50)</visible>
                            </control>
                            <control type="group">
                                <animation type="Focus" condition="Container(50).OnNext | Container(50).OnPrevious" reversible="false">
                                    <effect type="fade" start="64" end="100" time="500" tween="sine" easing="inout" />
                                </animation>
                                <animation effect="fade" start="100" end="64" time="300" tween="sine" easing="inout" condition="!Control.HasFocus(50)">Conditional</animation>
                                <control type="label">
                                    <description>Label</description>
                                    <posx>20</posx>
                                    <posy>0</posy>
                                    <width>948</width>
                                    <height>58</height>
                                    <font>Font-Condensed-S34-B</font>
                                    <align>left</align>
                                    <label>$INFO[ListItem.Label]</label>
                                    <textcolor>99FFFFFF</textcolor>
                                    <selectedcolor>SelectedGreen</selectedcolor>
                                    <scroll>false</scroll>
                                    <animation effect="slide" end="0,19" time="0" condition="IsEmpty(ListItem.ChannelName)">Conditional</animation>
                                </control>
                                <control type="label">
                                    <description>Date + Start / End Time + Channel</description>
                                    <posx>20</posx>
                                    <posy>42</posy>
                                    <width>948</width>
                                    <height>50</height>
                                    <font>Font-Condensed-S28</font>
                                    <align>left</align>
                                    <label>$INFO[ListItem.StartDate]$INFO[ListItem.StartTime, ● ,]$INFO[ListItem.EndTime, → ,]$INFO[ListItem.ChannelName, ● ,]</label>
                                    <textcolor>77white</textcolor>
                                    <selectedcolor>D4FFFFFF</selectedcolor>
                                    <scroll>false</scroll>
                                    <visible>!IsEmpty(ListItem.ChannelName)</visible>
                                </control>
                            </control>
                            <control type="image">
                                <posx>1205</posx>
                                <posy>10</posy>
                                <width>120</width>
                                <height>75</height>
                                <texture>$VAR[TVTimerRadioButtonTexture]</texture>
                            </control>
                        </focusedlayout>
                    </control>
                    <control type="scrollbar" id="70">
                        <description>Scrollbar</description>
                        <posx>1614</posx>
                        <posy>218</posy>
                        <width>6</width>
                        <height>675</height>
                        <onleft>50</onleft>
                        <onright>50</onright>
                        <texturesliderbar border="1">views/other/scrollbar-sq.png</texturesliderbar>
                        <texturesliderbarfocus border="1">views/other/scrollbar-sq.png</texturesliderbarfocus>
                        <orientation>vertical</orientation>
                        <showonepage>false</showonepage>
                        <animation effect="fade" start="35" end="0" time="300" tween="sine" easing="inout" condition="!Control.IsVisible(9772) + !Control.HasFocus(70)">Conditional</animation>
                    </control>
                </control>
            </control>
        </control>
        <include>Common-Info</include>
        <include>PVROptionsMenu</include>
        <include>PVRScrollbarVisiblityControl</include>
    </controls>
</window>
