<?xml version="1.0" encoding="UTF-8"?>
<window id="600">
    <defaultcontrol always="true">50</defaultcontrol>
    <allowoverlay>no</allowoverlay>
    <views>50</views>
    <controls>
        <include>CommonPVRItems</include>
        <include>PVRHeader</include>
        
        <control type="group">
            <posx>0</posx>
            <animation type="WindowClose">
                <effect type="fade" start="100" end="0" time="300" tween="sine" easing="out" />
                <effect type="zoom" start="100" end="85" time="300" center="960,600" tween="sine" easing="out" />
            </animation>
            
            <include>PVRMenu</include>
            
            <control type="group" id="110">
                <include>FullscreenDimensions</include>
                <include>OptionsShutdownAnimation</include>
                <animation effect="slide" start="0" end="428" time="400" tween="sine" easing="inout" condition="ControlGroup(9001).HasFocus">Conditional</animation>
                <include>listEndAnimation</include>
                <control type="group">
                    <animation type="WindowOpen" condition="!Control.IsVisible(9001)">
                        <effect type="slide" start="200" end="0" tween="cubic" easing="out" time="545" delay="105" />
                        <effect type="fade" start="0" end="100" tween="sine" easing="inout" time="300" delay="105" />
                        <effect type="zoom" start="90" end="100" center="1462,438" tween="cubic" easing="out" time="400" delay="105" />
                    </animation>
                    <animation type="WindowOpen" condition="Control.IsVisible(9001)">
                        <effect type="slide" start="200" end="0" tween="cubic" easing="out" time="485" delay="175" />
                        <effect type="fade" start="0" end="100" tween="sine" easing="inout" time="300" delay="175" />
                        <effect type="zoom" start="90" end="100" center="1462,438" tween="cubic" easing="out" time="400" delay="175" />
                    </animation>
                    <include>PVRVisibleHiddenAnimation</include>
                    <control type="group">
                        <description>Channel Preview + Info</description>
                        <posx>1184</posx>
                        <posy>218</posy>
                        <control type="image">
                            <posx>-2</posx>
                            <posy>-3</posy>
                            <width>580</width>
                            <height>676</height>
                            <texture border="4">views/list/panel/panel.png</texture>
                        </control>
                        <control type="label">
                            <posx>30</posx>
                            <posy>30</posy>
                            <width>516</width>
                            <font>Font-Condensed-S40</font>
                            <label>$INFO[Container(50).ListItem.Title]</label>
                            <textcolor>ddwhite</textcolor>
                            <shadowcolor>22000000</shadowcolor>
                            <scroll>false</scroll>
                        </control>
                        <control type="textbox">
                            <description>Plot</description>
                            <posx>30</posx>
                            <posy>78</posy>
                            <width>516</width>
                            <height>505</height>
                            <info>Container(50).ListItem.Plot</info>
                            <align>justify</align>
                            <textcolor>aawhite</textcolor>
                            <shadowcolor>33000000</shadowcolor>
                            <pagecontrol>71</pagecontrol>
                            <autoscroll delay="13000" time="3000" repeat="13000">!Control.HasFocus(71)</autoscroll>
                            <font>Font-Condensed-S34</font>
                        </control>
                        <control type="label">
                            <posx>30</posx>
                            <posy>610</posy>
                            <width>516</width>
                            <font>Font-Condensed-S30-B</font>
                            <label>$INFO[Container(50).ListItem.Genre]</label>
                            <textcolor>aawhite</textcolor>
                            <shadowcolor>22000000</shadowcolor>
                            <scroll>false</scroll>
                        </control>
                    </control>
                    <control type="scrollbar" id="71">
                        <description>Scrollbar</description>
                        <posx>1755</posx>
                        <posy>296</posy>
                        <width>6</width>
                        <height>505</height>                    
                        <onleft>70</onleft>
                        <onright>11</onright>
                        <texturesliderbar border="1">views/other/scrollbar-sq.png</texturesliderbar>
                        <texturesliderbarfocus border="1">views/other/scrollbar-sq.png</texturesliderbarfocus>
                        <orientation>vertical</orientation>
                        <showonepage>false</showonepage>
                        <animation effect="fade" start="35" end="0" time="300" tween="sine" easing="inout" condition="!Control.HasFocus(71)">Conditional</animation>
                    </control>
                </control>
                <control type="group">
                    <animation type="WindowOpen" condition="!Control.IsVisible(9001)">
                        <effect type="slide" start="200" end="0" tween="cubic" easing="out" time="650" />
                        <effect type="fade" start="0" end="100" tween="sine" easing="inout" time="300" />
                        <effect type="zoom" start="90" end="100" center="661,438" tween="cubic" easing="out" time="400" />
                    </animation>
                    <animation type="WindowOpen" condition="Control.IsVisible(9001)">
                        <effect type="slide" start="200" end="0" tween="cubic" easing="out" time="545" delay="105" />
                        <effect type="fade" start="0" end="100" tween="sine" easing="inout" time="300" delay="105" />
                        <effect type="zoom" start="90" end="100" center="661,438" tween="cubic" easing="out" time="400" delay="105" />
                    </animation>
                    <include>PVRVisibleHiddenAnimation</include>
                    <control type="label">
                        <posx>168</posx>
                        <posy>180</posy>
                        <width>300</width>
                        <height>30</height>
                        <font>Font-Condensed-S30-B</font>
                        <textcolor>99FFFFFF</textcolor>
                        <shadowcolor>55000000</shadowcolor>
                        <align>left</align>
                        <aligny>center</aligny>
                        <label>$VAR[TVNumItemsLabel]</label>
                    </control>
                    <control type="image">
                        <description>Shadow</description>
                        <posx>50</posx>
                        <posy>883</posy>
                        <width>1820</width>
                        <height>150</height>
                        <texture>windows/home/item-shadow.png</texture>
                    </control>
                    <control type="image">
                        <description>List Panel</description>
                        <posx>148</posx>
                        <posy>215</posy>
                        <width>1026</width>
                        <height>676</height>
                        <texture border="4">views/list/panel/panel.png</texture>
                    </control>
                    <control type="list" id="50">
                        <posx>150</posx>
                        <posy>218</posy>
                        <width>1022</width>
                        <height>672</height>
                        <pagecontrol>70</pagecontrol>
                        <onleft>104</onleft>
                        <onright>70</onright>
                        <onup>50</onup>
                        <ondown>50</ondown>
                        <onback>104</onback>
                        <viewtype label="535">list</viewtype>
                        <preloaditems>2</preloaditems>
                        <scrolltime tween="cubic" easing="out">500</scrolltime>
                        <itemlayout height="96">
                            <control type="image">
                                <posx>0</posx>
                                <posy>0</posy>
                                <width>1022</width>
                                <height>97</height>
                                <texture border="90,3,90,3">views/list/other/separator.png</texture>
                            </control>
                            <control type="label">
                                <description>Label</description>
                                <posx>20</posx>
                                <posy>0</posy>
                                <width>785</width>
                                <height>58</height>
                                <font>Font-Condensed-S34-B</font>
                                <align>left</align>
                                <label>$INFO[ListItem.Label]</label>
                                <textcolor>99FFFFFF</textcolor>
                                <selectedcolor>SelectedGreen</selectedcolor>
                                <scroll>false</scroll>
                                <animation effect="slide" end="0,19" time="0" condition="IsEmpty(ListItem.ChannelName)">Conditional</animation>
                            </control>
                            <control type="label">
                                <description>Genre</description>
                                <posx>20</posx>
                                <posy>42</posy>
                                <width>785</width>
                                <height>50</height>
                                <font>Font-Condensed-S28</font>
                                <align>left</align>
                                <label>$INFO[ListItem.StartDate]$INFO[ListItem.StartTime, ● ,]$INFO[ListItem.EndTime, → ,]$INFO[ListItem.ChannelName, ● ,]</label>
                                <textcolor>77white</textcolor>
                                <selectedcolor>D4FFFFFF</selectedcolor>
                                <scroll>false</scroll>
                            </control>
                            <control type="group">
                                <visible>ListItem.IsRecording</visible>
                                <control type="image">
                                    <posx>950</posx>
                                    <posy>8</posy>
                                    <width>66</width>
                                    <height>80</height>
                                    <texture>windows/pvr/epg-recording.png</texture>
                                </control>
                                <control type="image">
                                    <posx>950</posx>
                                    <posy>8</posy>
                                    <width>66</width>
                                    <height>80</height>
                                    <texture>windows/pvr/epg-recording-pulse.png</texture>
                                    <animation effect="fade" start="65" end="100" time="750" tween="sine" easing="in" pulse="true" condition="true">Conditional</animation>
                                </control>
                            </control>
                            <control type="image">
                                <posx>950</posx>
                                <posy>8</posy>
                                <width>66</width>
                                <height>80</height>
                                <texture>windows/pvr/epg-timer.png</texture>
                                <visible>ListItem.HasTimer + !ListItem.IsRecording</visible>
                            </control>
                        </itemlayout>
                        <focusedlayout height="96">
                            <control type="image">
                                <posx>0</posx>
                                <posy>0</posy>
                                <width>1022</width>
                                <height>97</height>
                                <texture border="90,3,90,3">views/list/other/separator.png</texture>
                            </control>
                            <control type="image">
                                <posx>0</posx>
                                <posy>0</posy>
                                <width>1022</width>
                                <height>95</height>
                                <texture border="150,1,150,1">views/other/focus.png</texture>
                                <animation effect="slide" start="0,96" end="0,0" time="300" reversible="false" tween="back" easing="out" condition="Container(50).OnPrevious">focus</animation>
                                <animation effect="slide" start="0,-96" end="0,0" time="300" reversible="false" tween="back" easing="out" condition="Container(50).OnNext">focus</animation>
                                <include>visiblehidefadeinfo</include>
                                <visible>Control.HasFocus(50)</visible>
                            </control>
                            <control type="group">
                                <animation type="Focus" condition="Container(50).OnNext | Container(50).OnPrevious" reversible="false">
                                    <effect type="fade" start="64" end="100" time="500" tween="sine" easing="inout" />
                                </animation>
                                <animation effect="fade" start="100" end="64" time="300" tween="sine" easing="inout" condition="!Control.HasFocus(50)">Conditional</animation>
                                <control type="label">
                                    <description>Label</description>
                                    <posx>20</posx>
                                    <posy>0</posy>
                                    <width>785</width>
                                    <height>58</height>
                                    <font>Font-Condensed-S34-B</font>
                                    <align>left</align>
                                    <label>$INFO[ListItem.Label]</label>
                                    <textcolor>99FFFFFF</textcolor>
                                    <selectedcolor>SelectedGreen</selectedcolor>
                                    <scroll>false</scroll>
                                    <animation effect="slide" end="0,19" time="0" condition="IsEmpty(ListItem.ChannelName)">Conditional</animation>
                                </control>
                                <control type="label">
                                    <description>Genre</description>
                                    <posx>20</posx>
                                    <posy>42</posy>
                                    <width>785</width>
                                    <height>50</height>
                                    <font>Font-Condensed-S28</font>
                                    <align>left</align>
                                    <label>$INFO[ListItem.StartDate]$INFO[ListItem.StartTime, ● ,]$INFO[ListItem.EndTime, → ,]$INFO[ListItem.ChannelName, ● ,]</label>
                                    <textcolor>77white</textcolor>
                                    <selectedcolor>D4FFFFFF</selectedcolor>
                                    <scroll>false</scroll>
                                </control>
                            </control>
                            <control type="group">
                                <visible>ListItem.IsRecording</visible>
                                <control type="image">
                                    <posx>950</posx>
                                    <posy>8</posy>
                                    <width>66</width>
                                    <height>80</height>
                                    <texture>windows/pvr/epg-recording.png</texture>
                                </control>
                                <control type="image">
                                    <posx>950</posx>
                                    <posy>8</posy>
                                    <width>66</width>
                                    <height>80</height>
                                    <texture>windows/pvr/epg-recording-pulse.png</texture>
                                    <animation effect="fade" start="65" end="100" time="750" tween="sine" easing="in" pulse="true" condition="true">Conditional</animation>
                                </control>
                            </control>
                            <control type="image">
                                <posx>950</posx>
                                <posy>8</posy>
                                <width>66</width>
                                <height>80</height>
                                <texture>windows/pvr/epg-timer.png</texture>
                                <visible>ListItem.HasTimer + !ListItem.IsRecording</visible>
                            </control>
                        </focusedlayout>
                    </control>
                    <control type="scrollbar" id="70">
                        <description>Scrollbar</description>
                        <posx>1166</posx>
                        <posy>218</posy>
                        <width>6</width>
                        <height>672</height>
                        <onleft>11</onleft>
                        <onright>71</onright>
                        <texturesliderbar border="1">views/other/scrollbar-sq.png</texturesliderbar>
                        <texturesliderbarfocus border="1">views/other/scrollbar-sq.png</texturesliderbarfocus>
                        <orientation>vertical</orientation>
                        <showonepage>false</showonepage>
                        <animation effect="fade" start="35" end="0" time="300" tween="sine" easing="inout" condition="!Control.IsVisible(9772) + !Control.HasFocus(70)">Conditional</animation>
                    </control>
                </control>
            </control>
        </control>
        <include>Common-Info</include>
        <include>PVROptionsMenu</include>
        <include>PVRScrollbarVisiblityControl</include>
    </controls>
</window>
