<?xml version="1.0" encoding="UTF-8"?>
<window>
    <defaultcontrol>5</defaultcontrol>
    <backgroundcolor>0</backgroundcolor>
    <controls>
        
        <control type="group">
            <include>KeyboardAnimations</include>
            <include>OptionsShutdownAnimation</include>
            <visible>!Window.IsVisible(filebrowser) + !Window.IsVisible(virtualkeyboard) + !Window.IsVisible(locksettings)</visible>  
        
            <control type="image">
                <posx>920</posx>
                <posy>306</posy>
                <width>80</width>
                <height>60</height>
                <texture>dialogs/default/arrow.png</texture>
            </control>
            <control type="image">
                <posx>544</posx>
                <posy>326</posy>
                <width>832</width>
                <height>428</height>
                <texture border="39">dialogs/default/bg.png</texture>
            </control>
            <control type="image">
            	<posx>578</posx>
            	<posy>360</posy>
            	<width>764</width>
            	<height>361</height>
            	<texture border="5">dialogs/default/inner.png</texture>
            </control>

            <control type="image" id="101">
                <description>profile image</description>
                <posx>920</posx>
                <posy>235</posy>
                <width>80</width>
                <height>80</height>
                <align>center</align>
                <aspectratio>scale</aspectratio>                
                <texture diffuse="windows/logon/profile_mask.png" />
            </control>
            
            <control type="label">
                <posx>473</posx>
                <posy>278</posy>
                <width>974</width>
                <font>Font-Condensed-S34</font>
                <textcolor>ddwhite</textcolor>
                <align>center</align>
                <label>$INFO[Control.GetLabel(102)]</label>
                <visible>IsEmpty(Control.GetLabel(101))</visible>
            </control>
            
            <control type="grouplist" id="5">
                <description>Control Area</description>
                <posx>578</posx>
                <posy>360</posy>
                <width>764</width>
                <height>360</height>
                <itemgap>0</itemgap>
                <orientation>vertical</orientation>
                <pagecontrol>60</pagecontrol>
                <onleft>1004</onleft>
                <onright>1004</onright>
                <onup>1004</onup>
                <ondown>1004</ondown>
                <scrolltime tween="cubic" easing="out">500</scrolltime>
            </control>
            
            <control type="label" id="102">
                <description>profile name</description>
                <posx>1322</posx>
                <posy>360</posy>
                <width>352</width>
                <height>60</height>
                <align>right</align>
                <font>Font-Condensed-S32</font>
                <textcolor>FF585858</textcolor>
                <visible>!ControlGroup(5).HasFocus() | !ControlGroup(5).HasFocus(30)</visible>
            </control>
            
            <control type="label">
                <description>profile name</description>
                <posx>1322</posx>
                <posy>360</posy>
                <width>352</width>
                <height>60</height>
                <align>right</align>
                <label>$INFO[Control.GetLabel(102)]</label>
                <font>Font-Condensed-S32</font>
                <textcolor>eewhite</textcolor>
                <visible>ControlGroup(5).HasFocus() + ControlGroup(5).HasFocus(30)</visible>
            </control>
            
            <control type="image">
                <description>profile image</description>
                <posx>1282</posx>
                <posy>430</posy>
                <width>40</width>
                <height>40</height>
                <texture>$INFO[Control.GetLabel(101)]</texture>
            </control>
            
            <control type="label" id="103">
                <description>profile location</description>
                <posx>1322</posx>
                <posy>480</posy>
                <width>352</width>
                <height>60</height>
                <align>right</align>
                <font>Font-Condensed-S32</font>
                <textcolor>FF585858</textcolor>
                <visible>[!ControlGroup(5).HasFocus() | !ControlGroup(5).HasFocus(32)] + !IsEmpty(Control.GetLabel(33))</visible>
            </control>
            
            <control type="label">
                <description>profile location</description>
                <posx>1322</posx>
                <posy>480</posy>
                <width>352</width>
                <height>60</height>
                <align>right</align>
                <label>$INFO[Control.GetLabel(103)]</label>
                <font>Font-Condensed-S32</font>
                <textcolor>eewhite</textcolor>
                <visible>ControlGroup(5).HasFocus() + ControlGroup(5).HasFocus(32) + !IsEmpty(Control.GetLabel(33))</visible>
            </control>
            
            <control type="button" id="7">
                <description>-</description>
                <height>60</height>
                <align>left</align>
                <font>Font-Condensed-S32</font>
                <textwidth>352</textwidth>
                <textoffsetx>20</textoffsetx>
                <textcolor>FF585858</textcolor>
                <focusedcolor>eewhite</focusedcolor>
                <disabledcolor>77585858</disabledcolor>
                <shadowcolor>20FFFFFF</shadowcolor>
                <texturefocus border="2">dialogs/default/highlight.png</texturefocus>
                <texturenofocus>dialogs/default/separator-btn.png</texturenofocus>
            </control>
            
            <control type="radiobutton" id="8">
                <description>-</description>
                <height>60</height>
                <align>left</align>
                <font>Font-Condensed-S32</font>
                <textwidth>352</textwidth>
                <textoffsetx>20</textoffsetx>
                <radioposx>852</radioposx>
                <textcolor>FF585858</textcolor>
                <focusedcolor>eewhite</focusedcolor>
                <disabledcolor>77585858</disabledcolor>
                <shadowcolor>20FFFFFF</shadowcolor>
                <textureradioon>buttons/radio/radio-light-fo.png</textureradioon>
                <textureradiooff>buttons/radio/radio-light-nf.png</textureradiooff>
                <texturefocus border="2">dialogs/default/highlight.png</texturefocus>
                <texturenofocus>dialogs/default/separator-btn.png</texturenofocus>
            </control>
            
            <control type="spincontrolex" id="9">
                <description>-</description>
                <textureup>buttons/spinctrl/arrow-light-up-nf.png</textureup>
                <texturedown>buttons/spinctrl/arrow-light-down-nf.png</texturedown>
                <textureupfocus>buttons/spinctrl/arrow-light-up-fo.png</textureupfocus>
                <texturedownfocus>buttons/spinctrl/arrow-light-down-fo.png</texturedownfocus>
                <texturefocus border="2">dialogs/default/highlight.png</texturefocus>
                <texturenofocus>dialogs/default/separator-btn.png</texturenofocus>
                <textcolor>FF585858</textcolor>
                <focusedcolor>eewhite</focusedcolor>
                <disabledcolor>77585858</disabledcolor>
                <shadowcolor>20FFFFFF</shadowcolor>
                <font>Font-Condensed-S32</font>
                <textwidth>352</textwidth>
                <textoffsetx>20</textoffsetx>
                <spinposx>16</spinposx>
            </control>
            
            <control type="sliderex" id="10">
                <description>Slider</description>
                <textcolor>FF585858</textcolor>
                <focusedcolor>eewhite</focusedcolor>
                <disabledcolor>77585858</disabledcolor>
                <shadowcolor>20FFFFFF</shadowcolor>
                <font>Font-Condensed-S32</font>
                <textwidth>352</textwidth>
                <textoffsetx>20</textoffsetx>
                <sliderwidth>140</sliderwidth>
                <sliderheight>20</sliderheight>
                <texturesliderbar>buttons/OSD/slider_back.png</texturesliderbar>
                <textureslidernib>buttons/OSD/orb_nofo.png</textureslidernib>
                <textureslidernibfocus>buttons/OSD/orb_fo.png</textureslidernibfocus>
            </control>
            
            <control type="group" id="1004">
                <posx>565</posx>
                <posy>716</posy>
                <control type="button" id="28">
                    <description>Select</description>
                    <include>DialogButtonDimensions</include>
                    <label>$LOCALIZE[42000]</label>
                    <texturefocus>buttons/select-fo.png</texturefocus>
                    <texturenofocus>buttons/select-nf.png</texturenofocus>
                    <onleft>29</onleft>
                    <onright>29</onright>
                    <onup>5</onup>
                    <ondown>5</ondown>
                    <animation effect="fade" start="100" end="75" time="0" condition="!Control.IsEnabled(28)">Conditional</animation>
                </control>
                <control type="button" id="29">
                    <posx>200</posx>
                    <description>Cancel</description>
                    <include>DialogButtonDimensions</include>
                    <label>$LOCALIZE[42001]</label>
                    <texturefocus>buttons/cancel-fo.png</texturefocus>
                    <texturenofocus>buttons/cancel-nf.png</texturenofocus>
                    <onleft>28</onleft>
                    <onright>28</onright>
                    <onup>5</onup>
                    <ondown>5</ondown>
                    <animation effect="fade" start="100" end="75" time="0" condition="!Control.IsEnabled(29)">Conditional</animation>
                </control>
            </control>
        </control>
    </controls>
</window>