<?xml version="1.0" encoding="utf-8"?>
<window>
    <coordinates>
        <system>1</system>
        <posx>510</posx>
        <posy>352</posy>
    </coordinates>
    <animation effect="fade" time="250">WindowOpen</animation>
    <animation effect="fade" time="250">WindowClose</animation>
    <controls>
        <!--background overlay-->
		<!-- <control type="image">
            <include>FullscreenDimensions</include>
			<posx>-510</posx>
			<posy>-352</posy>
            <texture background="true">special://skin/extras/fade/black_content.png</texture>
            <animation effect="fade" time="1000" start="0" end="95" tween="sine" easing="out">WindowOpen</animation>
            <animation effect="fade" time="300" start="95" end="0" tween="sine" easing="in">WindowClose</animation>
        </control> -->
		<!--DIALOG BASE-->
        <control type="group">
            <control type="image">
                <!--DIALOG BACKGROUND-->
                <description>Background</description>
				<posx>-510</posx>
                <posy>-352</posy>
				<width>1920</width>
                <height>1080</height>
                <texture>dialogs/trakt/trakt_bg.png</texture>
            </control>
            <control type="label" id="10011">
                <!--DIALOG TITLE-->
                <label>$ADDON[script.trakt 1313]</label>
				<description>Heading</description>
                <posx>-37</posx>
                <posy>26</posy>
                <width>974</width>
                <font>Font-Condensed-S28-B</font>
                <label>20333</label>
                <textcolor>ddwhite</textcolor>
                <align>center</align>
            </control>
            <control type="label" id="10012">
                <!--MEDIA TITLE-->
                <description>Title</description>
                <posx>0</posx>
                <posy>117</posy>
                <width>900</width>
                <height>30</height>
                <label></label>
                <align>center</align>
                <aligny>center</aligny>
                <font>Font-Condensed-S40-B</font>
                <textcolor>FFBBBBBB</textcolor>
            </control>
            <control type="label" id="10013">
                <!--RATING TITLE-->
                <description>Title</description>
                <posx>0</posx>
                <posy>308</posy>
                <width>900</width>
                <height>30</height>
                <label></label>
                <align>center</align>
                <aligny>center</aligny>
                <font>Font-Condensed-S36-B</font>
                <textcolor>FFBBBBBB</textcolor>
            </control>
        </control>
        <!--SIMPLE -->
        <control type="group" id="10014">
            <control type="button" id="10030">
                <description>Love Button</description>
                <posx>255</posx>
                <posy>165</posy>
                <width>150</width>
                <height>90</height>
                <label></label>
                <texturefocus>special://home/addons/script.trakt/resources/skins/Default/media/love.png</texturefocus>
                <texturenofocus>special://home/addons/script.trakt/resources/skins/Default/media/love_nofocus.png</texturenofocus>
                <aligny>center</aligny>
                <align>center</align>
                <onleft>10031</onleft>
                <onright>10031</onright>
            </control>
            <control type="button" id="10031">
                <description>Hate Button</description>
                <posx>495</posx>
                <posy>165</posy>
                <width>150</width>
                <height>90</height>
                <label></label>
                <texturefocus>special://home/addons/script.trakt/resources/skins/Default/media/hate.png</texturefocus>
                <texturenofocus>special://home/addons/script.trakt/resources/skins/Default/media/hate_nofocus.png</texturenofocus>
                <align>center</align>
                <aligny>center</aligny>
                <onleft>10030</onleft>
                <onright>10030</onright>
            </control>
        </control>
        <!--ADVANCED-->
        <control type="group" id="10015">
            <control type="button" id="11030">
                <description>1 Button</description>
                <posx>120</posx>
                <posy>205</posy>
                <width>52</width>
                <height>52</height>
                <label></label>
                <texturefocus>special://home/addons/script.trakt/resources/skins/Default/media/1.png</texturefocus>
                <texturenofocus>special://home/addons/script.trakt/resources/skins/Default/media/1.png</texturenofocus>
                <align>center</align>
                <aligny>center</aligny>
                <ondown>11039</ondown>
                <onup>11031</onup>
                <onleft>11039</onleft>
                <onright>11031</onright>
                <animation effect="zoom" end="140,140" center="auto" time="100">focus</animation>
            </control>
            <control type="button" id="11031">
                <description>2 Button</description>
                <posx>188</posx>
                <posy>205</posy>
                <width>52</width>
                <height>52</height>
                <label></label>
                <texturefocus>special://home/addons/script.trakt/resources/skins/Default/media/2.png</texturefocus>
                <texturenofocus>special://home/addons/script.trakt/resources/skins/Default/media/2.png</texturenofocus>
                <align>center</align>
                <aligny>center</aligny>
                <ondown>11030</ondown>
                <onup>11032</onup>
                <onleft>11030</onleft>
                <onright>11032</onright>
                <visible allowhiddenfocus="true">!Control.HasFocus(11030)|!Control.HasFocus(11032)</visible>
                <animation effect="zoom" end="140,140" center="auto" time="100">focus</animation>
            </control>
            <control type="image">
                <description>2 Button Placeholder</description>
                <posx>188</posx>
                <posy>205</posy>
                <width>52</width>
                <height>52</height>
                <texture>special://home/addons/script.trakt/resources/skins/Default/media/2_b.png</texture>
                <visible>Control.HasFocus(11030)</visible>
            </control>
            <control type="button" id="11032">
                <description>3 Button</description>
                <posx>255</posx>
                <posy>205</posy>
                <width>52</width>
                <height>52</height>
                <label></label>
                <texturefocus>special://home/addons/script.trakt/resources/skins/Default/media/3.png</texturefocus>
                <texturenofocus>special://home/addons/script.trakt/resources/skins/Default/media/3.png</texturenofocus>
                <align>center</align>
                <aligny>center</aligny>
                <ondown>11031</ondown>
                <onup>11033</onup>
                <onleft>11031</onleft>
                <onright>11033</onright>
                <visible allowhiddenfocus="true">!Control.HasFocus(11030)|!Control.HasFocus(11031)</visible>
                <animation effect="zoom" end="140,140" center="auto" time="100">focus</animation>
            </control>
            <control type="image">
                <description>3 Button Placeholder</description>
                <posx>255</posx>
                <posy>205</posy>
                <width>52</width>
                <height>52</height>
                <texture>special://home/addons/script.trakt/resources/skins/Default/media/3_b.png</texture>
                <visible>Control.HasFocus(11030)|Control.HasFocus(11031)</visible>
            </control>
            <control type="button" id="11033">
                <description>4 Button</description>
                <posx>322</posx>
                <posy>205</posy>
                <width>52</width>
                <height>52</height>
                <label></label>
                <texturefocus>special://home/addons/script.trakt/resources/skins/Default/media/4.png</texturefocus>
                <texturenofocus>special://home/addons/script.trakt/resources/skins/Default/media/4.png</texturenofocus>
                <align>center</align>
                <aligny>center</aligny>
                <ondown>11032</ondown>
                <onup>11034</onup>
                <onleft>11032</onleft>
                <onright>11034</onright>
                <visible allowhiddenfocus="true">!Control.HasFocus(11030)|!Control.HasFocus(11031)|!Control.HasFocus(11032)</visible>
                <animation effect="zoom" end="140,140" center="auto" time="100">focus</animation>
            </control>
            <control type="image">
                <description>4 Button Placeholder</description>
                <posx>322</posx>
                <posy>205</posy>
                <width>52</width>
                <height>52</height>
                <texture>special://home/addons/script.trakt/resources/skins/Default/media/4_b.png</texture>
                <visible>Control.HasFocus(11030)|Control.HasFocus(11031)|Control.HasFocus(11032)</visible>
            </control>
            <control type="button" id="11034">
                <description>5 Button</description>
                <posx>390</posx>
                <posy>205</posy>
                <width>52</width>
                <height>52</height>
                <label></label>
                <texturefocus>special://home/addons/script.trakt/resources/skins/Default/media/5.png</texturefocus>
                <texturenofocus>special://home/addons/script.trakt/resources/skins/Default/media/5.png</texturenofocus>
                <align>center</align>
                <aligny>center</aligny>
                <ondown>11033</ondown>
                <onup>11035</onup>
                <onleft>11033</onleft>
                <onright>11035</onright>
                <visible allowhiddenfocus="true">!Control.HasFocus(11030)|!Control.HasFocus(11031)|!Control.HasFocus(11032)|!Control.HasFocus(11033)</visible>
                <animation effect="zoom" end="140,140" center="auto" time="100">focus</animation>
            </control>
            <control type="image">
                <description>5 Button Placeholder</description>
                <posx>390</posx>
                <posy>205</posy>
                <width>52</width>
                <height>52</height>
                <texture>special://home/addons/script.trakt/resources/skins/Default/media/5_b.png</texture>
                <visible>Control.HasFocus(11030)|Control.HasFocus(11031)|Control.HasFocus(11032)|Control.HasFocus(11033)</visible>
            </control>
            <control type="button" id="11035">
                <description>6 Button</description>
                <posx>458</posx>
                <posy>205</posy>
                <width>52</width>
                <height>52</height>
                <label></label>
                <texturefocus>special://home/addons/script.trakt/resources/skins/Default/media/6.png</texturefocus>
                <texturenofocus>special://home/addons/script.trakt/resources/skins/Default/media/6.png</texturenofocus>
                <align>center</align>
                <aligny>center</aligny>
                <ondown>11034</ondown>
                <onup>11036</onup>
                <onleft>11034</onleft>
                <onright>11036</onright>
                <visible allowhiddenfocus="true">!Control.HasFocus(11030)|!Control.HasFocus(11031)|!Control.HasFocus(11032)|!Control.HasFocus(11033)|!Control.HasFocus(11034)</visible>
                <animation effect="zoom" end="140,140" center="auto" time="100">focus</animation>
            </control>
            <control type="image">
                <description>6 Button Placeholder</description>
                <posx>458</posx>
                <posy>205</posy>
                <width>52</width>
                <height>52</height>
                <texture>special://home/addons/script.trakt/resources/skins/Default/media/6_b.png</texture>
                <visible>Control.HasFocus(11030)|Control.HasFocus(11031)|Control.HasFocus(11032)|Control.HasFocus(11033)|Control.HasFocus(11034)</visible>
            </control>
            <control type="button" id="11036">
                <description>7 Button</description>
                <posx>525</posx>
                <posy>205</posy>
                <width>52</width>
                <height>52</height>
                <label></label>
                <texturefocus>special://home/addons/script.trakt/resources/skins/Default/media/7.png</texturefocus>
                <texturenofocus>special://home/addons/script.trakt/resources/skins/Default/media/7.png</texturenofocus>
                <align>center</align>
                <aligny>center</aligny>
                <ondown>11035</ondown>
                <onup>11037</onup>
                <onleft>11035</onleft>
                <onright>11037</onright>
                <visible allowhiddenfocus="true">!Control.HasFocus(11030)|!Control.HasFocus(11031)|!Control.HasFocus(11032)|!Control.HasFocus(11033)|!Control.HasFocus(11034)|!Control.HasFocus(11035)</visible>
                <animation effect="zoom" end="140,140" center="auto" time="100">focus</animation>
            </control>
            <control type="image">
                <description>7 Button Placeholder</description>
                <posx>525</posx>
                <posy>205</posy>
                <width>52</width>
                <height>52</height>
                <texture>special://home/addons/script.trakt/resources/skins/Default/media/7_b.png</texture>
                <visible>Control.HasFocus(11030)|Control.HasFocus(11031)|Control.HasFocus(11032)|Control.HasFocus(11033)|Control.HasFocus(11034)|Control.HasFocus(11035)</visible>
            </control>
            <control type="button" id="11037">
                <description>8 Button</description>
                <posx>592</posx>
                <posy>205</posy>
                <width>52</width>
                <height>52</height>
                <label></label>
                <texturefocus>special://home/addons/script.trakt/resources/skins/Default/media/8.png</texturefocus>
                <texturenofocus>special://home/addons/script.trakt/resources/skins/Default/media/8.png</texturenofocus>
                <align>center</align>
                <aligny>center</aligny>
                <ondown>11036</ondown>
                <onup>11038</onup>
                <onleft>11036</onleft>
                <onright>11038</onright>
                <visible allowhiddenfocus="true">!Control.HasFocus(11030)|!Control.HasFocus(11031)|!Control.HasFocus(11032)|!Control.HasFocus(11033)|!Control.HasFocus(11034)|!Control.HasFocus(11035)|!Control.HasFocus(11036)</visible>
                <animation effect="zoom" end="140,140" center="auto" time="100">focus</animation>
            </control>
            <control type="image">
                <description>8 Button Placeholder</description>
                <posx>592</posx>
                <posy>205</posy>
                <width>52</width>
                <height>52</height>
                <texture>special://home/addons/script.trakt/resources/skins/Default/media/8_b.png</texture>
                <visible>Control.HasFocus(11030)|Control.HasFocus(11031)|Control.HasFocus(11032)|Control.HasFocus(11033)|Control.HasFocus(11034)|Control.HasFocus(11035)|Control.HasFocus(11036)</visible>
            </control>
            <control type="button" id="11038">
                <description>9 Button</description>
                <posx>660</posx>
                <posy>205</posy>
                <width>52</width>
                <height>52</height>
                <label></label>
                <texturefocus>special://home/addons/script.trakt/resources/skins/Default/media/9.png</texturefocus>
                <texturenofocus>special://home/addons/script.trakt/resources/skins/Default/media/9.png</texturenofocus>
                <align>center</align>
                <aligny>center</aligny>
                <ondown>11037</ondown>
                <onup>11039</onup>
                <onleft>11037</onleft>
                <onright>11039</onright>
                <visible allowhiddenfocus="true">!Control.HasFocus(11030)|!Control.HasFocus(11031)|!Control.HasFocus(11032)|!Control.HasFocus(11033)|!Control.HasFocus(11034)|!Control.HasFocus(11035)|!Control.HasFocus(11036)|!Control.HasFocus(11037)</visible>
                <animation effect="zoom" end="140,140" center="auto" time="100">focus</animation>
            </control>
            <control type="image">
                <description>9 Button Placeholder</description>
                <posx>660</posx>
                <posy>205</posy>
                <width>52</width>
                <height>52</height>
                <texture>special://home/addons/script.trakt/resources/skins/Default/media/9_b.png</texture>
                <visible>Control.HasFocus(11030)|Control.HasFocus(11031)|Control.HasFocus(11032)|Control.HasFocus(11033)|Control.HasFocus(11034)|Control.HasFocus(11035)|Control.HasFocus(11036)|Control.HasFocus(11037)</visible>
            </control>
            <control type="button" id="11039">
                <description>10 Button</description>
                <posx>728</posx>
                <posy>205</posy>
                <width>52</width>
                <height>52</height>
                <label></label>
                <texturefocus>special://home/addons/script.trakt/resources/skins/Default/media/10.png</texturefocus>
                <texturenofocus>special://home/addons/script.trakt/resources/skins/Default/media/10.png</texturenofocus>
                <align>center</align>
                <aligny>center</aligny>
                <ondown>11038</ondown>
                <onup>11030</onup>
                <onleft>11038</onleft>
                <onright>11030</onright>
                <visible allowhiddenfocus="true">!Control.HasFocus(11030)|!Control.HasFocus(11031)|!Control.HasFocus(11032)|!Control.HasFocus(11033)|!Control.HasFocus(11034)|!Control.HasFocus(11035)|!Control.HasFocus(11036)|!Control.HasFocus(11037)|!Control.HasFocus(11038)</visible>
                <animation effect="zoom" end="140,140" center="auto" time="100">focus</animation>
            </control>
            <control type="image">
                <description>10 Button Placeholder</description>
                <posx>728</posx>
                <posy>205</posy>
                <width>52</width>
                <height>52</height>
                <texture>special://home/addons/script.trakt/resources/skins/Default/media/10_b.png</texture>
                <visible>Control.HasFocus(11030)|Control.HasFocus(11031)|Control.HasFocus(11032)|Control.HasFocus(11033)|Control.HasFocus(11034)|Control.HasFocus(11035)|Control.HasFocus(11036)|Control.HasFocus(11037)|Control.HasFocus(11038)</visible>
            </control>
        </control>
    </controls>
</window>