<?xml version="1.0" encoding="UTF-8"?>
<window>
	<defaultcontrol always="true">1001</defaultcontrol>
	<controls>
		<control type="grouplist" id="1000">
			<visible allowhiddenfocus="true">false</visible>
			<control type="button" id="1001">
			    <!-- Always select movie information automatically -->
			    <onfocus condition="SubString(Control.GetLabel(1001),$LOCALIZE[13346])">SendClick(1001)</onfocus>
			    <onfocus condition="SubString(Control.GetLabel(1002),$LOCALIZE[13346])">SendClick(1002)</onfocus>
			    <onfocus condition="SubString(Control.GetLabel(1003),$LOCALIZE[13346])">SendClick(1003)</onfocus>
				<visible allowhiddenfocus="true">false</visible>
			</control>
			<control type="button" id="1002">
				<visible>false</visible>
			</control>
			<control type="button" id="1003">
				<visible>false</visible>
			</control>
			<control type="button" id="1004">
				<visible>false</visible>
			</control>
			<control type="button" id="1005">
				<visible>false</visible>
			</control>
			<control type="button" id="1006">
				<visible>false</visible>
			</control>
			<control type="button" id="1007">
				<visible>false</visible>
			</control>
			<control type="button" id="1008">
				<visible>false</visible>
			</control>
			<control type="button" id="1009">
				<visible>false</visible>
			</control>
			<control type="button" id="1010">
				<visible>false</visible>
			</control>
			<control type="button" id="1011">
				<visible>false</visible>
			</control>
		</control>
	</controls>
</window>
