<?xml version="1.0" encoding="UTF-8"?>
<window>
    <defaultcontrol always="true">10</defaultcontrol>
    <allowoverlay>no</allowoverlay>
    <backgroundcolor>0</backgroundcolor>
    <include condition="!Skin.HasSetting(Skin.Initialization)">HomeWidgets.Initialization</include>
    <onunload condition="IsEmpty(Window(startup).Property(Started))">SetProperty(Started,1)</onunload>
    <controls>
        <include>CommonSettingsItems</include>
        <include>Common-Info-NoOptions</include>
        <control type="button" id="10">
            <onfocus condition="!Skin.HasSetting(Skin.Initialization)">Skin.SetBool(Skin.Initialization)</onfocus>
            <onfocus condition="IsEmpty(Skin.String(GlobalBackdropSingle))">Skin.SetString(GlobalBackdropSingle,special://skin/extras/backgrounds/01.jpg)</onfocus>
            <onfocus condition="IsEmpty(Window(startup).Property(Started)) + Skin.HasSetting(NextAired.Update) + Library.HasContent(tvshows)">RunScript(script.tv.show.next.aired,silent=True)</onfocus>
            <onfocus condition="IsEmpty(Window(startup).Property(Started)) + Skin.HasSetting(StartupPlaylist)">PlayMedia($ESCINFO[Skin.String(StartupPlaylist.Path)])</onfocus>
            <onfocus condition="stringcompare(Skin.String(HomeWidget.1.Type),script.randomandlastitems) + !IsEmpty(Skin.String(HomeWidget.1.Playlist))">RunScript(script.randomandlastitems,limit=10,method=$INFO[Skin.String(HomeWidget.1.Method)],unwatched=$INFO[Skin.String(HomeWidget.1.UnWatched)],resume=$INFO[Skin.String(HomeWidget.1.Resume)],playlist=$INFO[Skin.String(HomeWidget.1.Playlist)],property=HomeWidget1)</onfocus>
            <onfocus condition="stringcompare(Skin.String(HomeWidget.2.Type),script.randomandlastitems) + !IsEmpty(Skin.String(HomeWidget.2.Playlist))">RunScript(script.randomandlastitems,limit=10,method=$INFO[Skin.String(HomeWidget.2.Method)],unwatched=$INFO[Skin.String(HomeWidget.2.UnWatched)],resume=$INFO[Skin.String(HomeWidget.2.Resume)],playlist=$INFO[Skin.String(HomeWidget.2.Playlist)],property=HomeWidget2)</onfocus>
            <onfocus condition="stringcompare(Skin.String(HomeWidget.3.Type),script.randomandlastitems) + !IsEmpty(Skin.String(HomeWidget.3.Playlist))">RunScript(script.randomandlastitems,limit=10,method=$INFO[Skin.String(HomeWidget.3.Method)],unwatched=$INFO[Skin.String(HomeWidget.3.UnWatched)],resume=$INFO[Skin.String(HomeWidget.3.Resume)],playlist=$INFO[Skin.String(HomeWidget.3.Playlist)],property=HomeWidget3)</onfocus>
 <onfocus condition="stringcompare(Skin.String(HomeWidget.4.Type),script.randomandlastitems) + !IsEmpty(Skin.String(HomeWidget.4.Playlist))">RunScript(script.randomandlastitems,limit=10,method=$INFO[Skin.String(HomeWidget.4.Method)],unwatched=$INFO[Skin.String(HomeWidget.4.UnWatched)],resume=$INFO[Skin.String(HomeWidget.4.Resume)],playlist=$INFO[Skin.String(HomeWidget.4.Playlist)],property=HomeWidget4)</onfocus>
<onfocus condition="stringcompare(Skin.String(HomeWidget.5.Type),script.randomandlastitems) + !IsEmpty(Skin.String(HomeWidget.5.Playlist))">RunScript(script.randomandlastitems,limit=10,method=$INFO[Skin.String(HomeWidget.5.Method)],unwatched=$INFO[Skin.String(HomeWidget.5.UnWatched)],resume=$INFO[Skin.String(HomeWidget.5.Resume)],playlist=$INFO[Skin.String(HomeWidget.5.Playlist)],property=HomeWidget5)</onfocus>
            <onfocus condition="System.HasAddon(script.extendedinfo) + IsEmpty(Window(startup).Property(Started))">SetProperty(extendedinfo_running,True,home)</onfocus>
            <onfocus condition="!stringcompare(Skin.String(HomeWidget.1.Type),service.skin.widgets) + !stringcompare(Skin.String(HomeWidget.1.Type),script.randomandlastitems) + System.HasAddon(script.extendedinfo)">RunScript(script.extendedinfo,info=$INFO[Skin.String(HomeWidget.1.Type)],prefix=HomeWidget1)</onfocus>
            <onfocus condition="!stringcompare(Skin.String(HomeWidget.2.Type),service.skin.widgets) + !stringcompare(Skin.String(HomeWidget.2.Type),script.randomandlastitems) + System.HasAddon(script.extendedinfo)">RunScript(script.extendedinfo,info=$INFO[Skin.String(HomeWidget.2.Type)],prefix=HomeWidget2)</onfocus>
            <onfocus condition="!stringcompare(Skin.String(HomeWidget.3.Type),service.skin.widgets) + !stringcompare(Skin.String(HomeWidget.3.Type),script.randomandlastitems) + System.HasAddon(script.extendedinfo)">RunScript(script.extendedinfo,info=$INFO[Skin.String(HomeWidget.3.Type)],prefix=HomeWidget3)</onfocus>
            <onfocus condition="!stringcompare(Skin.String(HomeWidget.4.Type),service.skin.widgets) + !stringcompare(Skin.String(HomeWidget.4.Type),script.randomandlastitems) + System.HasAddon(script.extendedinfo)">RunScript(script.extendedinfo,info=$INFO[Skin.String(HomeWidget.4.Type)],prefix=HomeWidget4)</onfocus>
            <onfocus condition="!stringcompare(Skin.String(HomeWidget.5.Type),service.skin.widgets) + !stringcompare(Skin.String(HomeWidget.5.Type),script.randomandlastitems) + System.HasAddon(script.extendedinfo)">RunScript(script.extendedinfo,info=$INFO[Skin.String(HomeWidget.5.Type)],prefix=HomeWidget5)</onfocus>
            <onfocus condition="IsEmpty(Window(startup).Property(Started)) + IsEmpty(Window(startup).Property(Skin.Initialization))">ReplaceWindow($INFO[System.StartupWindow])</onfocus>
            <onfocus condition="!IsEmpty(Window(startup).Property(Skin.Initialization))">SetFocus(11)</onfocus>
        </control>
        <control type="button" id="11">
            <onfocus>ClearProperty(Skin.Initialization)</onfocus>
            <onfocus>ReplaceWindow(Home)</onfocus>
            <animation effect="fade" start="0" end="100" time="0" delay="3000">Focus</animation>
        </control>
        <control type="group" id="12">
            <visible>!IsEmpty(Window(startup).Property(Skin.Initialization))</visible>
            <animation effect="fade" start="0" end="100" time="300" tween="sine" easing="inout">WindowOpen</animation>
            <include>visiblehidefadeinfo</include>
            <control type="image">
                <description>Loading Back</description>
                <posx>886</posx>
                <posy>466</posy>
                <width>148</width>
                <height>148</height>
                <texture>windows/home/loading-back.png</texture>
            </control>
            <control type="image">
                <description>Loading</description>
                <posx>886</posx>
                <posy>466</posy>
                <width>148</width>
                <height>148</height>
                <texture>windows/home/loading.png</texture>
                <animation effect="rotate" center="auto" start="360" end="0" time="1500" loop="true" condition="Control.IsVisible(12)">Conditional</animation>
            </control>
            <control type="label">
                <description>Loading label</description>
                <posx>660</posx>
                <posy>635</posy>
                <height>64</height>
                <width>600</width>
                <font>Font-Condensed-S36-B</font>
                <align>center</align>
                <aligny>center</aligny>
                <textcolor>99FFFFFF</textcolor>
                <label>$LOCALIZE[41601]...</label>
                <scroll>false</scroll>
            </control>
        </control>
    </controls>
</window>