﻿<?xml version="1.0" encoding="UTF-8"?>
<window type="dialog" id="160">
	<defaultcontrol always="true">100</defaultcontrol>
	<include>dialogOpen</include>
	<coordinates>
		<system>1</system>
		<posx>240</posx>
		<posy>38</posy>
	</coordinates>
	<controls>
		<control type="image">
			<width>800</width>
			<height>645</height>
			<include>dialogWindow</include>
		</control>
		<control type="label">
			<label>$LOCALIZE[32002]</label>
			<width>762</width>
			<include>dialog_Windowtitle</include>
		</control>
		<control type="group">
			<posx>19</posx>
			<posy>75</posy>
			<control type="image">
				<width>762</width>
				<include>dialog_Separator</include>
			</control>
			<control type="image">
				<posx>205</posx>
				<height>479</height>
				<include>dialog_Separator-y</include>
			</control>
			<control type="image">
				<posy>479</posy>
				<width>762</width>
				<include>dialog_Separator</include>
			</control>
			<!--button area--->
			<control type="grouplist" id="100">
				<width>225</width>
				<height>480</height>
				<itemgap>0</itemgap>
				<onleft>12</onleft>
				<onright>200</onright>
				<onup>100</onup>
				<ondown>100</ondown>
				<scrolltime tween="Cubic" easing="Out">200</scrolltime>
				<control type="button" id="101">
					<width>206</width>
					<label>$LOCALIZE[32008]</label>
					<onfocus>Skin.SetString(Sub,Global)</onfocus>
					<include>dialog_Button-list</include>
				</control>
				<control type="button" id="102">
					<width>206</width>
					<label>$LOCALIZE[3]</label>
					<onfocus>Skin.SetString(Sub,Video)</onfocus>
					<selectedcolor>Selected</selectedcolor>
					<include>dialog_Button-list</include>
				</control>
				<control type="button" id="103">
					<width>206</width>
					<label>$LOCALIZE[342]</label>
					<onfocus>Skin.SetString(Sub,Movies)</onfocus>
					<include>dialog_Button-list</include>
				</control>
				<control type="button" id="104">
					<width>206</width>
					<label>$LOCALIZE[20343]</label>
					<onfocus>Skin.SetString(Sub,Shows)</onfocus>
					<include>dialog_Button-list</include>
				</control>
				<control type="button" id="105">
					<width>206</width>
					<label>$LOCALIZE[31090]</label>
					<onfocus>Skin.SetString(Sub,TV)</onfocus>
					<include>dialog_Button-list</include>
					<visible>System.GetBool(pvrmanager.enabled)</visible>
				</control>
				<control type="button" id="106">
					<width>206</width>
					<label>$LOCALIZE[2]</label>
					<onfocus>Skin.SetString(Sub,Music)</onfocus>
					<include>dialog_Button-list</include>
				</control>
				<control type="button" id="107">
					<width>206</width>
					<label>$LOCALIZE[1]</label>
					<onfocus>Skin.SetString(Sub,Pictures)</onfocus>
					<include>dialog_Button-list</include>
				</control>
				<control type="button" id="108">
					<width>206</width>
					<label>$LOCALIZE[24001]</label>
					<onfocus>Skin.SetString(Sub,Addons)</onfocus>
					<include>dialog_Button-list</include>
				</control>
				<control type="button" id="109">
					<width>206</width>
					<label>$LOCALIZE[5]</label>
					<onfocus>Skin.SetString(Sub,System)</onfocus>
					<include>dialog_Button-list</include>
				</control>
				<control type="button" id="110">
					<width>206</width>
					<label>$LOCALIZE[1036]</label>
					<onfocus>Skin.SetString(Sub,Favourites)</onfocus>
					<include>dialog_Button-list</include>
				</control>
				<control type="button" id="111">
					<width>206</width>
					<label>$LOCALIZE[31955]</label>
					<onfocus>Skin.SetString(Sub,Disc)</onfocus>
					<include>dialog_Button-list</include>
				</control>
				<control type="button" id="112">
					<width>206</width>
					<label>$LOCALIZE[400]</label>
					<onfocus>Skin.SetString(Sub,Weather)</onfocus>
					<include>dialog_Button-list</include>
				</control>
			</control>

			<!---control area------>
			<control type="group">
				<!--global submenu-->
				<control type="grouplist" id="200">
					<posx>206</posx>
					<width>557</width>
					<height>480</height>
					<onleft>100</onleft>
					<onright>10</onright>
					<onup>200</onup>
					<ondown>200</ondown>
					<itemgap>0</itemgap>
					<visible>Skin.String(Sub,Global)</visible>
					<!--original wallpaper-->
					<control type="radiobutton" id="201">
						<width>557</width>
						<label>$LOCALIZE[32045]</label>
						<onclick>Skin.ToggleSetting(wallpaper.original)</onclick>
						<selected>Skin.HasSetting(wallpaper.original)</selected>
						<include>dialog_Radio</include>
					</control>
					<!--global fanart-->
					<control type="radiobutton" id="202">
						<width>557</width>
						<label>$LOCALIZE[31099]</label>
						<onclick>Skin.ToggleSetting(fanart.global)</onclick>
						<selected>Skin.HasSetting(fanart.global)</selected>
						<include>dialog_Radio</include>
					</control>
					<!--background video-->
					<control type="radiobutton" id="203">
						<width>557</width>
						<label>$LOCALIZE[31028]</label>
						<onclick>Skin.ToggleSetting(backgroundvideo)</onclick>
						<selected>Skin.HasSetting(backgroundvideo)</selected>
						<include>dialog_Radio</include>
					</control>
					<!--reset wallpapers-->
					<control type="button" id="204">
						<width>557</width>
						<label>$LOCALIZE[32058]</label>
						<onclick>Skin.Reset(fanart.video.path)</onclick>
						<onclick>Skin.Reset(fanart.video.image)</onclick>
						<onclick>Skin.Reset(fanart.movies.path)</onclick>
						<onclick>Skin.Reset(fanart.movies.image)</onclick>
						<onclick>Skin.Reset(fanart.tvshows.path)</onclick>
						<onclick>Skin.Reset(fanart.tvshows.image)</onclick>
						<onclick>Skin.Reset(fanart.pvr.path)</onclick>
						<onclick>Skin.Reset(fanart.pvr.image)</onclick>
						<onclick>Skin.Reset(fanart.music.path)</onclick>
						<onclick>Skin.Reset(fanart.music.image)</onclick>
						<onclick>Skin.Reset(fanart.pictures.path)</onclick>
						<onclick>Skin.Reset(fanart.pictures.image)</onclick>
						<onclick>Skin.Reset(fanart.addons.path)</onclick>
						<onclick>Skin.Reset(fanart.addons.image)</onclick>
						<onclick>Skin.Reset(fanart.system.path)</onclick>
						<onclick>Skin.Reset(fanart.system.image)</onclick>
						<onclick>Skin.Reset(fanart.favourites.path)</onclick>
						<onclick>Skin.Reset(fanart.favourites.image)</onclick>
						<onclick>Skin.Reset(fanart.disc.path)</onclick>
						<onclick>Skin.Reset(fanart.disc.image)</onclick>
						<onclick>Skin.Reset(fanart.weather.image)</onclick>
						<onclick>Skin.Reset(fanart.weather.singlepath)</onclick>
						<include>dialog_Radio</include>
					</control>
				</control>
				<!--video submenu-->
				<control type="grouplist" id="200">
					<posx>206</posx>
					<width>557</width>
					<height>480</height>
					<onleft>100</onleft>
					<onright>10</onright>
					<onup>200</onup>
					<ondown>200</ondown>
					<itemgap>0</itemgap>
					<visible>Skin.String(Sub,Video)</visible>
					<scrolltime tween="Cubic" easing="Out">200</scrolltime>
					<!--fanart image-->
					<control type="button" id="203">
						<width>557</width>
						<label>$LOCALIZE[32003]</label>
						<onclick>Skin.SetImage(fanart.video.image)</onclick>
						<onclick>Skin.Reset(fanart.video.path)</onclick>
						<label2>$INFO[Skin.String(fanart.video.image)]</label2>
						<selected>Skin.HasSetting(fanart.video.image)</selected>
						<include>dialog_Radio</include>
					</control>
					<!--fanart path-->
					<control type="button" id="204">
						<width>557</width>
						<label>$LOCALIZE[32004]</label>
						<onclick>Skin.SetPath(fanart.video.path)</onclick>
						<onclick>Skin.Reset(fanart.video.image)</onclick>
						<label2>$INFO[Skin.String(fanart.video.path)]</label2>
						<selected>Skin.HasSetting(fanart.video.path)</selected>
						<include>dialog_Radio</include>
					</control>
					<!--clear-->
					<control type="button" id="205">
						<width>557</width>
						<label>$LOCALIZE[32005]</label>
						<onclick>Skin.Reset(fanart.video.path)</onclick>
						<onclick>Skin.Reset(fanart.video.image)</onclick>
						<include>dialog_Radio</include>
					</control>
				</control>
				<!--movies submenu-->
				<control type="grouplist" id="200">
					<posx>206</posx>
					<width>557</width>
					<height>480</height>
					<onleft>100</onleft>
					<onright>10</onright>
					<onup>200</onup>
					<ondown>200</ondown>
					<itemgap>0</itemgap>
					<visible>Skin.String(Sub,Movies)</visible>
					<!--fanart image-->
					<control type="button" id="203">
						<width>557</width>
						<label>$LOCALIZE[32003]</label>
						<onclick>Skin.SetImage(fanart.movies.image)</onclick>
						<onclick>Skin.Reset(fanart.movies.path)</onclick>
						<label2>$INFO[Skin.String(fanart.movies.image)]</label2>
						<selected>Skin.HasSetting(fanart.movies.image)</selected>
						<selected>!Skin.HasSetting(fanart.movies)</selected>
						<include>dialog_Radio</include>
					</control>
					<!--fanart path-->
					<control type="button" id="204">
						<width>557</width>
						<label>$LOCALIZE[32004]</label>
						<onclick>Skin.SetPath(fanart.movies.path)</onclick>
						<onclick>Skin.Reset(fanart.movies.image)</onclick>
						<label2>$INFO[Skin.String(fanart.movies.path)]</label2>
						<selected>Skin.HasSetting(fanart.movies)</selected>
						<selected>!Skin.HasSetting(fanart.movies.image)</selected>
						<include>dialog_Radio</include>
					</control>
					<!--clear-->
					<control type="button" id="205">
						<width>557</width>
						<label>$LOCALIZE[32005]</label>
						<onclick>Skin.Reset(fanart.movies.path)</onclick>
						<onclick>Skin.Reset(fanart.movies.image)</onclick>
						<selected>!Skin.HasSetting(fanart.movies)</selected>
						<selected>!Skin.HasSetting(fanart.movies.image)</selected>
						<include>dialog_Radio</include>
					</control>
				</control>
				<!--tv shows submenu-->
				<control type="grouplist" id="200">
					<posx>206</posx>
					<width>557</width>
					<height>480</height>
					<onleft>100</onleft>
					<onright>10</onright>
					<onup>200</onup>
					<ondown>200</ondown>
					<itemgap>0</itemgap>
					<visible>Skin.String(Sub,Shows)</visible>
					<!--fanart image-->
					<control type="button" id="203">
						<width>557</width>
						<label>$LOCALIZE[32003]</label>
						<onclick>Skin.SetImage(fanart.tvshows.image)</onclick>
						<onclick>Skin.Reset(fanart.tvshows.path)</onclick>
						<label2>$INFO[Skin.String(fanart.tvshows.image)]</label2>
						<selected>Skin.HasSetting(fanart.tvshows.image)</selected>
						<selected>!Skin.HasSetting(fanart.tvshows)</selected>
						<include>dialog_Radio</include>
					</control>
					<!--fanart path-->
					<control type="button" id="204">
						<width>557</width>
						<label>$LOCALIZE[32004]</label>
						<onclick>Skin.SetPath(fanart.tvshows.path)</onclick>
						<onclick>Skin.Reset(fanart.tvshows.image)</onclick>
						<label2>$INFO[Skin.String(fanart.tvshows.path)]</label2>
						<selected>Skin.HasSetting(fanart.tvshows)</selected>
						<selected>!Skin.HasSetting(fanart.tvshows.image)</selected>
						<include>dialog_Radio</include>
					</control>
					<!--clear-->
					<control type="button" id="205">
						<width>557</width>
						<label>$LOCALIZE[32005]</label>
						<onclick>Skin.Reset(fanart.tvshows.path)</onclick>
						<onclick>Skin.Reset(fanart.tvshows.image)</onclick>
						<selected>!Skin.HasSetting(fanart.tvshows)</selected>
						<selected>!Skin.HasSetting(fanart.tvshows.image)</selected>
						<include>dialog_Radio</include>
					</control>
				</control>
				<!--livetv submenu-->
				<control type="grouplist" id="200">
					<posx>206</posx>
					<width>557</width>
					<height>480</height>
					<onleft>100</onleft>
					<onright>10</onright>
					<onup>200</onup>
					<ondown>200</ondown>
					<itemgap>0</itemgap>
					<visible>System.GetBool(pvrmanager.enabled) + Skin.String(Sub,TV)</visible>
					<!--fanart image-->
					<control type="button" id="203">
						<width>557</width>
						<label>$LOCALIZE[32003]</label>
						<onclick>Skin.SetImage(fanart.pvr.image)</onclick>
						<onclick>Skin.Reset(fanart.pvr.path)</onclick>
						<label2>$INFO[Skin.String(fanart.pvr.image)]</label2>
						<selected>Skin.HasSetting(fanart.pvr.image)</selected>
						<selected>!Skin.HasSetting(fanart.pvr)</selected>
						<include>dialog_Radio</include>
					</control>
					<!--fanart path-->
					<control type="button" id="204">
						<width>557</width>
						<label>$LOCALIZE[32004]</label>
						<onclick>Skin.SetPath(fanart.pvr.path)</onclick>
						<onclick>Skin.Reset(fanart.pvr.image)</onclick>
						<label2>$INFO[Skin.String(fanart.pvr.path)]</label2>
						<selected>Skin.HasSetting(fanart.pvr)</selected>
						<selected>!Skin.HasSetting(fanart.pvr.image)</selected>
						<include>dialog_Radio</include>
					</control>
					<!--clear-->
					<control type="button" id="205">
						<width>557</width>
						<label>$LOCALIZE[32005]</label>
						<onclick>Skin.Reset(fanart.pvr.path)</onclick>
						<onclick>Skin.Reset(fanart.pvr.image)</onclick>
						<selected>!Skin.HasSetting(fanart.pvr)</selected>
						<selected>!Skin.HasSetting(fanart.pvr.image)</selected>
						<include>dialog_Radio</include>
					</control>
				</control>
				<!--music submenu-->
				<control type="grouplist" id="200">
					<posx>206</posx>
					<width>557</width>
					<height>480</height>
					<onleft>100</onleft>
					<onright>10</onright>
					<onup>200</onup>
					<ondown>200</ondown>
					<itemgap>0</itemgap>
					<visible>Skin.String(Sub,Music)</visible>
					<!--fanart image-->
					<control type="button" id="203">
						<width>557</width>
						<label>$LOCALIZE[32003]</label>
						<onclick>Skin.SetImage(fanart.music.image)</onclick>
						<onclick>Skin.Reset(fanart.music.path)</onclick>
						<label2>$INFO[Skin.String(fanart.music.image)]</label2>
						<selected>Skin.HasSetting(fanart.music.image)</selected>
						<selected>!Skin.HasSetting(fanart.music)</selected>
						<include>dialog_Radio</include>
					</control>
					<!--fanart path-->
					<control type="button" id="204">
						<width>557</width>
						<label>$LOCALIZE[32004]</label>
						<onclick>Skin.SetPath(fanart.music.path)</onclick>
						<onclick>Skin.Reset(fanart.music.image)</onclick>
						<label2>$INFO[Skin.String(fanart.music.path)]</label2>
						<selected>Skin.HasSetting(fanart.music)</selected>
						<selected>!Skin.HasSetting(fanart.music.image)</selected>
						<include>dialog_Radio</include>
					</control>
					<!--clear-->
					<control type="button" id="205">
						<width>557</width>
						<label>$LOCALIZE[32005]</label>
						<onclick>Skin.Reset(fanart.music.path)</onclick>
						<onclick>Skin.Reset(fanart.music.image)</onclick>
						<selected>!Skin.HasSetting(fanart.music)</selected>
						<selected>!Skin.HasSetting(fanart.music.image)</selected>
						<include>dialog_Radio</include>
					</control>
				</control>
				<!--pictures submenu-->
				<control type="grouplist" id="200">
					<posx>206</posx>
					<width>557</width>
					<height>480</height>
					<onleft>100</onleft>
					<onright>10</onright>
					<onup>200</onup>
					<ondown>200</ondown>
					<itemgap>0</itemgap>
					<visible>Skin.String(Sub,Pictures)</visible>
					<!--fanart image-->
					<control type="button" id="203">
						<width>557</width>
						<label>$LOCALIZE[32003]</label>
						<onclick>Skin.SetImage(fanart.pictures.image)</onclick>
						<onclick>Skin.Reset(fanart.pictures.path)</onclick>
						<label2>$INFO[Skin.String(fanart.pictures.image)]</label2>
						<selected>Skin.HasSetting(fanart.pictures.image)</selected>
						<selected>!Skin.HasSetting(fanart.pictures)</selected>
						<include>dialog_Radio</include>
					</control>
					<!--fanart path-->
					<control type="button" id="204">
						<width>557</width>
						<label>$LOCALIZE[32004]</label>
						<onclick>Skin.SetPath(fanart.pictures.path)</onclick>
						<onclick>Skin.Reset(fanart.pictures.image)</onclick>
						<label2>$INFO[Skin.String(fanart.pictures.path)]</label2>
						<selected>Skin.HasSetting(fanart.pictures)</selected>
						<selected>!Skin.HasSetting(fanart.pictures.image)</selected>
						<include>dialog_Radio</include>
					</control>
					<!--clear-->
					<control type="button" id="205">
						<width>557</width>
						<label>$LOCALIZE[32005]</label>
						<onclick>Skin.Reset(fanart.pictures.path)</onclick>
						<onclick>Skin.Reset(fanart.pictures.image)</onclick>
						<selected>!Skin.HasSetting(fanart.pictures)</selected>
						<selected>!Skin.HasSetting(fanart.pictures.image)</selected>
						<include>dialog_Radio</include>
					</control>
				</control>
				<!--addons submenu-->
				<control type="grouplist" id="200">
					<posx>206</posx>
					<width>557</width>
					<height>480</height>
					<onleft>100</onleft>
					<onright>10</onright>
					<onup>200</onup>
					<ondown>200</ondown>
					<itemgap>0</itemgap>
					<visible>Skin.String(Sub,Addons)</visible>
					<!--fanart image-->
					<control type="button" id="203">
						<width>557</width>
						<label>$LOCALIZE[32003]</label>
						<onclick>Skin.SetImage(fanart.addons.image)</onclick>
						<onclick>Skin.Reset(fanart.addons.path)</onclick>
						<label2>$INFO[Skin.String(fanart.addons.image)]</label2>
						<selected>Skin.HasSetting(fanart.addons.image)</selected>
						<selected>!Skin.HasSetting(fanart.addons)</selected>
						<include>dialog_Radio</include>
					</control>
					<!--fanart path-->
					<control type="button" id="204">
						<width>557</width>
						<label>$LOCALIZE[32004]</label>
						<onclick>Skin.SetPath(fanart.addons.path)</onclick>
						<onclick>Skin.Reset(fanart.addons.image)</onclick>
						<label2>$INFO[Skin.String(fanart.addons.path)]</label2>
						<selected>Skin.HasSetting(fanart.addons)</selected>
						<selected>!Skin.HasSetting(fanart.addons.image)</selected>
						<include>dialog_Radio</include>
					</control>
					<!--clear-->
					<control type="button" id="205">
						<width>557</width>
						<label>$LOCALIZE[32005]</label>
						<onclick>Skin.Reset(fanart.addons.path)</onclick>
						<onclick>Skin.Reset(fanart.addons.image)</onclick>
						<selected>!Skin.HasSetting(fanart.addons)</selected>
						<selected>!Skin.HasSetting(fanart.addons.image)</selected>
						<include>dialog_Radio</include>
					</control>
				</control>
				<!--system submenu-->
				<control type="grouplist" id="200">
					<posx>206</posx>
					<width>557</width>
					<height>480</height>
					<onleft>100</onleft>
					<onright>10</onright>
					<onup>200</onup>
					<ondown>200</ondown>
					<itemgap>0</itemgap>
					<visible>Skin.String(Sub,System)</visible>
					<!--fanart image-->
					<control type="button" id="203">
						<width>557</width>
						<label>$LOCALIZE[32003]</label>
						<onclick>Skin.SetImage(fanart.system.image)</onclick>
						<onclick>Skin.Reset(fanart.system.path)</onclick>
						<label2>$INFO[Skin.String(fanart.system.image)]</label2>
						<selected>Skin.HasSetting(fanart.system.image)</selected>
						<selected>!Skin.HasSetting(fanart.system)</selected>
						<include>dialog_Radio</include>
					</control>
					<!--fanart path-->
					<control type="button" id="204">
						<width>557</width>
						<label>$LOCALIZE[32004]</label>
						<onclick>Skin.SetPath(fanart.system.path)</onclick>
						<onclick>Skin.Reset(fanart.system.image)</onclick>
						<label2>$INFO[Skin.String(fanart.system.path)]</label2>
						<selected>Skin.HasSetting(fanart.system)</selected>
						<selected>!Skin.HasSetting(fanart.system.image)</selected>
						<include>dialog_Radio</include>
					</control>
					<!--clear-->
					<control type="button" id="205">
						<width>557</width>
						<label>$LOCALIZE[32005]</label>
						<onclick>Skin.Reset(fanart.system.path)</onclick>
						<onclick>Skin.Reset(fanart.system.image)</onclick>
						<selected>!Skin.HasSetting(fanart.system)</selected>
						<selected>!Skin.HasSetting(fanart.system.image)</selected>
						<include>dialog_Radio</include>
					</control>
				</control>
				<!--favourites submenu-->
				<control type="grouplist" id="200">
					<posx>206</posx>
					<width>557</width>
					<height>480</height>
					<onleft>100</onleft>
					<onright>10</onright>
					<onup>200</onup>
					<ondown>200</ondown>
					<itemgap>0</itemgap>
					<visible>Skin.String(Sub,Favourites)</visible>
					<!--fanart image-->
					<control type="button" id="203">
						<width>557</width>
						<label>$LOCALIZE[32003]</label>
						<onclick>Skin.SetImage(fanart.favourites.image)</onclick>
						<onclick>Skin.Reset(fanart.favourites.path)</onclick>
						<label2>$INFO[Skin.String(fanart.favourites.image)]</label2>
						<selected>Skin.HasSetting(fanart.favourites.image)</selected>
						<selected>!Skin.HasSetting(fanart.favourites)</selected>
						<include>dialog_Radio</include>
					</control>
					<!--fanart path-->
					<control type="button" id="204">
						<width>557</width>
						<label>$LOCALIZE[32004]</label>
						<onclick>Skin.SetPath(fanart.favourites.path)</onclick>
						<onclick>Skin.Reset(fanart.favourites.image)</onclick>
						<label2>$INFO[Skin.String(fanart.favourites.path)]</label2>
						<selected>Skin.HasSetting(fanart.favourites)</selected>
						<selected>!Skin.HasSetting(fanart.favourites.image)</selected>
						<include>dialog_Radio</include>
					</control>
					<!--clear-->
					<control type="button" id="205">
						<width>557</width>
						<label>$LOCALIZE[32005]</label>
						<onclick>Skin.Reset(fanart.favourites.path)</onclick>
						<onclick>Skin.Reset(fanart.favourites.image)</onclick>
						<selected>!Skin.HasSetting(fanart.favourites)</selected>
						<selected>!Skin.HasSetting(fanart.favourites.image)</selected>
						<include>dialog_Radio</include>
					</control>
				</control>
				<!--disc submenu-->
				<control type="grouplist" id="200">
					<posx>206</posx>
					<width>557</width>
					<height>480</height>
					<onleft>100</onleft>
					<onright>10</onright>
					<onup>200</onup>
					<ondown>200</ondown>
					<itemgap>0</itemgap>
					<visible>Skin.String(Sub,Disc)</visible>
					<!--fanart image-->
					<control type="button" id="203">
						<width>557</width>
						<label>$LOCALIZE[32003]</label>
						<onclick>Skin.SetImage(fanart.disc.image)</onclick>
						<onclick>Skin.Reset(fanart.disc.path)</onclick>
						<label2>$INFO[Skin.String(fanart.disc.image)]</label2>
						<selected>Skin.HasSetting(fanart.disc.image)</selected>
						<selected>!Skin.HasSetting(fanart.disc)</selected>
						<include>dialog_Radio</include>
					</control>
					<!--fanart path-->
					<control type="button" id="204">
						<width>557</width>
						<label>$LOCALIZE[32004]</label>
						<onclick>Skin.SetPath(fanart.disc.path)</onclick>
						<onclick>Skin.Reset(fanart.disc.image)</onclick>
						<label2>$INFO[Skin.String(fanart.disc.path)]</label2>
						<selected>Skin.HasSetting(fanart.disc)</selected>
						<selected>!Skin.HasSetting(fanart.disc.image)</selected>
						<include>dialog_Radio</include>
					</control>
					<!--clear-->
					<control type="button" id="205">
						<width>557</width>
						<label>$LOCALIZE[32005]</label>
						<onclick>Skin.Reset(fanart.disc.path)</onclick>
						<onclick>Skin.Reset(fanart.disc.image)</onclick>
						<selected>!Skin.HasSetting(fanart.disc)</selected>
						<selected>!Skin.HasSetting(fanart.disc.image)</selected>
						<include>dialog_Radio</include>
					</control>
				</control>
				<!--weather submenu-->
				<control type="grouplist" id="200">
					<posx>206</posx>
					<width>557</width>
					<height>480</height>
					<onleft>100</onleft>
					<onright>10</onright>
					<onup>200</onup>
					<ondown>200</ondown>
					<itemgap>0</itemgap>
					<visible>Skin.String(Sub,Weather)</visible>
					<!--weather fanart-->
					<control type="radiobutton" id="201">
						<width>557</width>
						<label>$LOCALIZE[32006]</label>
						<onclick>Skin.ToggleSetting(fanart.weather)</onclick>
						<selected>Skin.HasSetting(fanart.weather)</selected>
						<selected>Skin.HasSetting(fanart.weather.singlepaths)</selected>
						<selected>Skin.HasSetting(fanart.weather.singleimage)</selected>
						<include>dialog_Radio</include>
					</control>
					<control type="button" id="202">
						<width>557</width>
						<label>$LOCALIZE[32007]</label>
						<onclick>Skin.SetPath(fanart.weather.path)</onclick>
						<!--<onclick>Skin.Reset(fanart.weather.image)</onclick>-->
						<!--<onclick>Skin.Reset(fanart.weather.singlepath)</onclick>-->
						<label2>$INFO[Skin.String(fanart.weather.path)]</label2>
						<selected>Skin.HasSetting(fanart.weather)</selected>
						<selected>Skin.HasSetting(fanart.weather.singlepaths)</selected>
						<selected>Skin.HasSetting(fanart.weather.singleimage)</selected>
						<enable>Skin.HasSetting(fanart.weather)</enable>
						<include>dialog_Radio</include>
						<visible>Skin.HasSetting(fanart.weather)</visible>
					</control>
					<!--fanart image-->
					<control type="button" id="203">
						<width>557</width>
						<label>$LOCALIZE[32003]</label>
						<onclick>Skin.SetImage(fanart.weather.image)</onclick>
						<!--<onclick>Skin.Reset(fanart.weather.path)</onclick>-->
						<onclick>Skin.Reset(fanart.weather.singlepath)</onclick>
						<label2>$INFO[Skin.String(fanart.weather.image)]</label2>
						<selected>Skin.HasSetting(fanart.weather.singleimage)</selected>
						<selected>!Skin.HasSetting(fanart.weather.singlepaths)</selected>
						<selected>!Skin.HasSetting(fanart.weather.dynamic)</selected>
						<visible>!Skin.HasSetting(fanart.weather)</visible>
						<include>dialog_Radio</include>
					</control>
					<!--fanart path-->
					<control type="button" id="204">
						<width>557</width>
						<label>$LOCALIZE[32004]</label>
						<onclick>Skin.SetPath(fanart.weather.singlepath)</onclick>
						<onclick>Skin.Reset(fanart.weather.image)</onclick>
						<!--<onclick>Skin.Reset(fanart.weather.path)</onclick>-->
						<label2>$INFO[Skin.String(fanart.weather.singlepath)]</label2>
						<selected>Skin.HasSetting(fanart.weather.singlepaths)</selected>
						<selected>!Skin.HasSetting(fanart.weather.singleimage)</selected>
						<selected>!Skin.HasSetting(fanart.weather.dynamic)</selected>
						<visible>!Skin.HasSetting(fanart.weather)</visible>
						<include>dialog_Radio</include>
					</control>
					<!--clear-->
					<control type="button" id="205">
						<width>557</width>
						<label>$LOCALIZE[32005]</label>
						<onclick>Skin.Reset(fanart.weather.image)</onclick>
						<!--<onclick>Skin.Reset(fanart.weather.path)</onclick>-->
						<onclick>Skin.Reset(fanart.weather.singlepath)</onclick>
						<selected>!Skin.HasSetting(fanart.weather.singlepath)</selected>
						<selected>!Skin.HasSetting(fanart.weather.singleimage)</selected>
						<selected>!Skin.HasSetting(fanart.weather.dynamic)</selected>
						<visible>!Skin.HasSetting(fanart.weather)</visible>
						<include>dialog_Radio</include>
					</control>
				</control>
			</control>
		</control>
		<!--ok-->
		<control type="button" id="10">
			<posx>645</posx>
			<posy>569</posy>
			<label>$LOCALIZE[186]</label>
			<onup>200</onup>
			<onleft>100</onleft>
			<onright>11</onright>
			<ondown>311</ondown>
			<onclick>Close</onclick>
			<include>dialog_Button</include>
		</control>
	</controls>
</window>
