﻿<?xml version="1.0" encoding="UTF-8"?>
<window>
	<defaultcontrol always="true">120</defaultcontrol>
	<allowoverlay>no</allowoverlay>
	<include>dialogOpen</include>
	<coordinates>
		<system>1</system>
		<posx>190</posx>
		<posy>75</posy>
	</coordinates>
	<!--<visible>Player.HasVideo</visible>-->
	
	<controls>
	<!---LEFT PANE------>
		<control type="group">
			<animation effect="slide" start="0" end="-140" time="250" tween="Cubic" easing="Out" condition="Control.HasFocus(150)">Conditional</animation>
			<control type="image">
				<width>900</width>
				<height>570</height>
				<include>dialogWindow</include>
				<animation effect="fade" start="0" end="100" time="0" delay="250" condition="Control.HasFocus(150)">Conditional</animation>
			</control>
			<control type="image">
				<posx>19</posx>
				<posy>95</posy>
				<width>505</width>
				<include>dialog_Separator</include>
			</control>
			<control type="list" id="150">
				<posx>19</posx>
				<posy>95</posy>
				<width>505</width>
				<height>404</height>
				<onleft>120</onleft>
				<onright>120</onright>
				<onup>150</onup>
				<ondown>150</ondown>
				<viewtype label="535">list</viewtype>
				<scrolltime tween="Cubic" easing="Out">400</scrolltime>
				<itemlayout width="505" height="40">
					<control type="image">
						<width>505</width>
						<height>40</height>
						<include>dialog_CommonList</include>
					</control>
					<control type="label">
						<width>500</width>
						<label>$INFO[ListItem.Label]</label>
						<visible>!ListItem.Property(man)</visible>
						<include>dialog_CommonListItem</include>
					</control>
					<control type="label">
						<width>500</width>
						<label>$INFO[ListItem.Label]</label>
						<visible>ListItem.Property(man)</visible>
						<include>dialog_CommonListItem</include>
					</control>
				</itemlayout>
				<focusedlayout width="400" height="40">
					<control type="image">
						<width>505</width>
						<height>40</height>
						<include>dialog_CommonList</include>
					</control>
					<control type="group">
						<visible>Control.HasFocus(150)</visible>
						<control type="image">
							<width>505</width>
							<include>dialog_CommonListFocus</include>
						</control>
						<control type="label">
							<width>500</width>
							<label>$INFO[ListItem.Label]</label>
							<visible>!ListItem.Property(man)</visible>
							<include>dialog_CommonListItemFocus</include>
						</control>
						<control type="label">
							<width>500</width>
							<label>$INFO[ListItem.Label]</label>
							<visible>ListItem.Property(man)</visible>
							<include>dialog_CommonListItemFocus</include>
						</control>
					</control>
					<control type="group">
						<visible>!Control.HasFocus(150)</visible>
						<control type="label">
							<width>500</width>
							<label>$INFO[ListItem.Label]</label>
							<visible>!ListItem.Property(man)</visible>
							<textcolor>Selected</textcolor>
							<include>dialog_CommonListItemFocus</include>
						</control>
						<control type="label">
							<width>500</width>
							<label>$INFO[ListItem.Label]</label>
							<visible>ListItem.Property(man)</visible>
							<textcolor>Selected</textcolor>
							<include>dialog_CommonListItemFocus</include>
						</control>
					</control>
				</focusedlayout>
			</control>
		</control>

	<!---RIGHT PANE------>
		<control type="group">
			<animation effect="slide" start="0" end="140" time="250" tween="Cubic" easing="Out" condition="Control.HasFocus(150)">Conditional</animation>
			<control type="image">
				<width>900</width>
				<height>570</height>
				<include>dialogWindow</include>
			</control>
			<control type="label">
				<width>832</width>
				<posx>34</posx>
				<label>$INFO[System.AddonTitle(script.xbmc.subtitles)]</label>
				<include>dialog_Windowtitle</include>
			</control>
			<control type="image" id="110">
				<description>Service Logo</description>
				<width>250</width>
				<height>40</height>
				<posx>630</posx>
				<posy>40</posy>
				<aspectratio>keep</aspectratio>
			</control>
			<control type="image">
				<posx>19</posx>
				<posy>95</posy>
				<width>863</width>
				<include>dialog_Separator</include>
			</control>
			<control type="image">
				<posx>19</posx>
				<posy>494</posy>
				<width>863</width>
				<include>dialog_Separator</include>
			</control>
			<!--search result-->
			<control type="label" id="100">
				<posy>62</posy>
				<width>832</width>
				<wrapmultiline>false</wrapmultiline>
				<include>dialog_Line</include>
			</control>
			<!--local subtitle available-->
			<control type="group">
				<posx>32</posx>
				<posy>507</posy>
				<control type="image">
					<posy>4</posy>
					<width>24</width>
					<height>24</height>
					<texture>addons/subtitles/icon_info.png</texture>
				</control>
				<control type="label">
					<posx>35</posx>
					<width min="10" max="700">auto</width>
					<height>28</height>
					<font>small</font>
					<textcolor>Color4</textcolor>
					<label>$LOCALIZE[31107]</label>
					<visible>!Control.IsVisible(111)</visible>
				</control>
				<control type="group" id="111">
					<control type="label">
						<posx>35</posx>
						<width min="10" max="700">auto</width>
						<height>28</height>
						<font>small</font>
						<textcolor>Color4</textcolor>
						<label>$LOCALIZE[SCRIPT655] - $LOCALIZE[31107]</label>
					</control>
				</control>
			</control>
			<control type="list" id="120">
				<viewtype label="535">list</viewtype>
				<posx>19</posx>
				<posy>95</posy>
				<width>863</width>
				<height>404</height>
				<onleft>150</onleft>
				<onright>121</onright>
				<onup>120</onup>
				<ondown>120</ondown>
				<pagecontrol>121</pagecontrol>
				<scrolltime tween="Cubic" easing="Out">400</scrolltime>
				<itemlayout width="863" height="40">
					<control type="image">
						<width>863</width>
						<height>40</height>
						<include>dialog_CommonList</include>
					</control>
					<control type="image">
						<posx>7</posx>
						<posy>3</posy>
						<width>32</width>
						<height>32</height>
						<texture>flags/countries/$INFO[ListItem.Thumb]/flag.png</texture>
					</control>
					<control type="label">
						<posx>48</posx>
						<width>670</width>
						<label>$INFO[ListItem.Label2]</label>
						<include>dialog_CommonListItem</include>
					</control>
					<control type="image">
						<posx>735</posx>
						<posy>11</posy>
						<width>18</width>
						<height>18</height>
						<texture>addons/subtitles/icon_sync.png</texture>
						<colordiffuse>Color4</colordiffuse>
						<visible>ListItem.Property(sync)</visible>
					</control>
					<control type="image">
						<posx>765</posx>
						<posy>12</posy>
						<width>90</width>
						<height>17</height>
						<texture>addons/subtitles/info_window_icon_rating_star_$INFO[ListItem.ActualIcon].png</texture>
						<colordiffuse>Color4</colordiffuse>
					</control>
				</itemlayout>
				<focusedlayout width="863" height="40">
					<control type="group">
						<visible>Control.HasFocus(120)</visible>
						<control type="image">
							<width>863</width>
							<height>40</height>
							<include>dialog_CommonListFocus</include>
						</control>
						<control type="image">
							<posx>7</posx>
							<posy>3</posy>
							<width>32</width>
							<height>32</height>
							<texture>flags/countries/$INFO[ListItem.Thumb]/flag.png</texture>
						</control>
						<control type="label">
							<posx>48</posx>
							<width>670</width>
							<info>ListItem.Label2</info>
							<include>dialog_CommonListItemFocus</include>
						</control>
						<control type="image">
							<posx>735</posx>
							<posy>11</posy>
							<width>18</width>
							<height>18</height>
							<texture>addons/subtitles/icon_sync.png</texture>
							<colordiffuse>Color1</colordiffuse>
							<visible>ListItem.Property(sync)</visible>
						</control>
						<control type="image">
							<posx>765</posx>
							<posy>12</posy>
							<width>90</width>
							<height>17</height>
							<texture>addons/subtitles/info_window_icon_rating_star_$INFO[ListItem.ActualIcon].png</texture>
							<colordiffuse>Color1</colordiffuse>
						</control>
					</control>
					<control type="group">
						<visible>!Control.HasFocus(120)</visible>
						<control type="image">
							<width>863</width>
							<height>40</height>
							<texture border="3">dialogs/list-nofocus.png</texture>
						</control>
						<control type="image">
							<posx>7</posx>
							<posy>3</posy>
							<width>32</width>
							<height>32</height>
							<texture>flags/countries/$INFO[ListItem.Thumb]/flag.png</texture>
						</control>
						<control type="label">
							<posx>48</posx>
							<width>670</width>
							<info>ListItem.Label2</info>
							<textcolor>Selected</textcolor>
							<include>dialog_CommonListItemFocus</include>
						</control>
						<control type="image">
							<posx>735</posx>
							<posy>11</posy>
							<width>18</width>
							<height>18</height>
							<texture>addons/subtitles/icon_sync.png</texture>
							<colordiffuse>Selected</colordiffuse>
							<visible>ListItem.Property(sync)</visible>
						</control>
						<control type="image">
							<posx>765</posx>
							<posy>12</posy>
							<width>90</width>
							<height>17</height>
							<texture>addons/subtitles/info_window_icon_rating_star_$INFO[ListItem.ActualIcon].png</texture>
							<colordiffuse>Selected</colordiffuse>
						</control>
					</control>
				</focusedlayout>
			</control>
		</control>
		<control type="spincontrol" id="121">
			<visible>false</visible>
		</control>
	</controls>
</window>