﻿<?xml version="1.0" encoding="UTF-8"?>
<window id="138">
	<defaultcontrol always="true">99</defaultcontrol>
	<coordinates>
		<system>1</system>
		<posx>34</posx>
		<posy>0</posy>
	</coordinates>
	<controls>
		<control type="group">
			<include>fadeinout</include>
			<visible>!Window.IsActive(startup)</visible>
			<control type="list">
				<width>230</width>
				<height>60</height>
				<scrolltime>0</scrolltime>
				<autoscroll time="1000">true</autoscroll>
				<orientation>vertical</orientation>
				<itemlayout height="60">
					<control type="label">
						<description>Busy label</description>
						<width>230</width>
						<height>60</height>
						<label>$INFO[ListItem.Label]</label>
						<font>windowTitle</font>
					</control>
				</itemlayout>
				<focusedlayout height="60">
					<control type="label">
						<description>Busy label</description>
						<width>230</width>
						<height>60</height>
						<label>$INFO[ListItem.Label]</label>
						<font>windowTitle</font>
					</control>
				</focusedlayout>
				<content>
					<item>
						<label>Working</label>
						<onclick>noop</onclick>
					</item>
					<item>
						<label>Working.</label>
						<onclick>noop</onclick>
					</item>
					<item>
						<label>Working..</label>
						<onclick>noop</onclick>
					</item>
					<item>
						<label>Working...</label>
						<onclick>noop</onclick>
					</item>
				</content>
			</control>
		</control>
	</controls>
</window>
