﻿<?xml version="1.0" encoding="UTF-8"?>
<window id="2004">
	<defaultcontrol>10</defaultcontrol>
	<include>dialogOpen</include>
	<coordinates>
		<system>1</system>
		<posx>340</posx>
		<posy>78</posy>
	</coordinates>
	<controls>
		<control type="image" id="0">
			<width>600</width>
			<height>570</height>
			<include>dialogWindow</include>
		</control>
		<control type="label" id="1">
			<posx>34</posx>
			<width>532</width>
			<label>$LOCALIZE[262]</label>
			<include>dialog_Windowtitle</include>
		</control>
		<control type="group">
			<posx>19</posx>
			<posy>71</posy>
			<control type="image">
				<width>563</width>
				<include>dialog_Separator</include>
			</control>
			<control type="image">
				<posy>409</posy>
				<width>563</width>
				<include>dialog_Separator</include>
			</control>
		</control>
		<control type="group">
			<posx>34</posx>
			<posy>73</posy>
			<control type="textbox" id="5">
				<width>532</width>
				<height>406</height>
				<textcolor>Color4</textcolor>
				<pagecontrol>111</pagecontrol>
				<autoscroll delay="6000" time="3000" repeat="100">!Control.HasFocus(111)</autoscroll>
				<include>dialog_Textbox</include>
			</control>
		<!---dialog controls------>
			<control type="group" id="9000">
				<posy>422</posy>
				<!--ok-->
				<control type="button" id="10">
					<label>$LOCALIZE[186]</label>
					<onleft>111</onleft>
					<onright>111</onright>
					<include>dialog_Button</include>
					<onclick>Dialog.Close(textviewer)</onclick>
				</control>
				<control type="spincontrol" id="111">
					<posx>465</posx>
					<posy>5</posy>
					<width>32</width>
					<height>32</height>
					<font>small</font>
					<textcolor>Color4</textcolor>
					<focusedcolor>Color5</focusedcolor>
					<align>right</align>
					<onleft>10</onleft>
					<onright>10</onright>
					<subtype>page</subtype>
					<showonepage>false</showonepage>
					<include>dialog_Spin</include>
				</control>
			</control>
		</control>
	</controls>
</window>