﻿<?xml version="1.0" encoding="UTF-8"?>
<fonts>
	<fontset id="Default" unicode="true">
	<!---NEW------>	
		<font>
			<name>rating</name>
			<filename>Ubuntu-R.ttf</filename>
			<style>bold</style>
			<size>26</size>
		</font>
		<font>
			<name>ratingsmall</name>
			<filename>Ubuntu-R.ttf</filename>
			<size>22</size>
			<style>bold</style>
		</font>
		<font>
			<name>osd_rating</name>
			<filename>Regular.ttf</filename>
			<style>bold</style>
			<size>30</size>
		</font>
		<font>
			<name>light</name>
			<filename>Light.ttf</filename>
			<size>52</size>
			<style>lowercase</style>
		</font>
		<font>
			<name>light.Home</name>
			<filename>Light.ttf</filename>
			<size>48</size>
			<style>lowercase</style>
		</font>
		<font>
			<name>light.Menu</name>
			<filename>Light.ttf</filename>
			<size>34</size>
			<style>lowercase</style>
		</font>
		<font>
			<name>light.Window</name>
			<filename>Ubuntu-L.ttf</filename>
			<size>52</size>
			<style>lowercase</style>
		</font>
		<font>
			<name>light.Header</name>
			<filename>Ubuntu-L.ttf</filename>
			<size>46</size>
		</font>
		<font>
			<name>light.Category</name>
			<filename>Ubuntu-L.ttf</filename>
			<size>42</size>
			<style>lowercase</style>
		</font>
		<font>
			<name>light.ToastProgress</name>
			<filename>Ubuntu-L.ttf</filename>
			<size>42</size>
			<style>uppercase</style>
		</font>
		<font>
			<name>light.Title</name>
			<filename>Ubuntu-L.ttf</filename>
			<size>28</size>
			<style>uppercase</style>
		</font>
		<font>
			<name>light.ColumnHeader</name>
			<filename>Ubuntu-L.ttf</filename>
			<size>28</size>
			<style>lowercase</style>
		</font>

		<font>
			<name>dialog.Title</name>
			<filename>Ubuntu-L.ttf</filename>
			<size>32</size>
			<style>lowercase</style>
		</font>
		<font>
			<name>dialog.Regular</name>
			<filename>Ubuntu-R.ttf</filename>
			<size>20</size>
		</font>
		<font>
			<name>dialog.SmallCaps</name>
			<filename>Ubuntu-R.ttf</filename>
			<size>20</size>
			<style>uppercase</style>
		</font>
		<font>
			<name>dialog.Caps</name>
			<filename>Ubuntu-R.ttf</filename>
			<size>20</size>
			<style>uppercase</style>
		</font>
		<font>
			<name>dialog.CapsBold</name>
			<filename>Ubuntu-R.ttf</filename>
			<size>20</size>
			<style>uppercase bold</style>
		</font>
		<font>
			<name>dialog.Button</name>
			<filename>Ubuntu-R.ttf</filename>
			<size>22</size>
			<style>lowercase</style>
		</font>
		<font>
			<name>regular</name>
			<filename>Ubuntu-R.ttf</filename>
			<size>20</size>
		</font>
		<font>
			<name>regular.Info</name>
			<filename>Ubuntu-R.ttf</filename>
			<size>20</size>
			<style>uppercase</style>
		</font>
		<font>
			<name>regular.Big</name>
			<filename>Ubuntu-R.ttf</filename>
			<size>22</size>
		</font>
		<font>
			<name>regular.BigCaps</name>
			<filename>Ubuntu-R.ttf</filename>
			<size>22</size>
			<style>uppercase</style>
		</font>
		<font>
			<name>regular.Small</name>
			<filename>Ubuntu-R.ttf</filename>
			<size>18</size>
		</font>
		<font>
			<name>regular.SmallCaps</name>
			<filename>Ubuntu-R.ttf</filename>
			<size>18</size>
			<style>uppercase</style>
			<aspect>0.92</aspect>
		</font>
		<font>
			<name>regular.Description</name>
			<filename>Ubuntu-R.ttf</filename>
			<size>22</size>
		</font>
		<font>
			<name>regular.DescriptionSmall</name>
			<filename>Ubuntu-L.ttf</filename>
			<size>20</size>
		</font>
		<font>
			<name>regular.DescriptionHome</name>
			<filename>Ubuntu-L.ttf</filename>
			<size>22</size>
		</font>
		<font>
			<name>description.Regular</name>
			<filename>Ubuntu-R.ttf</filename>
			<size>20</size>
		</font>
		<font>
			<name>description.Big</name>
			<filename>Ubuntu-R.ttf</filename>
			<size>22</size>
		</font>
		<font>
			<name>list</name>
			<filename>Ubuntu-R.ttf</filename>
			<size>22</size>
			<style>lowercase</style>
		</font>
		<font>
			<name>list.Regular</name>
			<filename>Ubuntu-R.ttf</filename>
			<size>22</size>
		</font>
		<font>
			<name>list.Big</name>
			<filename>Ubuntu-R.ttf</filename>
			<size>26</size>
			<style>lowercase</style>
		</font>
		<font>
			<name>list.Small</name>
			<filename>Ubuntu-R.ttf</filename>
			<size>20</size>
		</font>
		<font>
			<name>list.SmallCaps</name>
			<filename>Ubuntu-R.ttf</filename>
			<size>20</size>
			<style>uppercase</style>
		</font>
		<font>
			<name>list.Alt</name>
			<filename>Ubuntu-R.ttf</filename>
			<size>22</size>
		</font>
		<font>
			<name>list.Info</name>
			<filename>Ubuntu-R.ttf</filename>
			<size>18</size>
			<style>uppercase</style>
		</font>
		<font>
			<name>dialog.Header</name>
			<filename>Ubuntu-R.ttf</filename>
			<size>46</size>
		</font>

<!-- HOME -->
		<font>
			<name>homeMenu</name>
			<filename>Light.ttf</filename>
			<size>52</size>
		</font>
		<font>
			<name>homeMenuAlt</name>
			<filename>LightAlt.ttf</filename>
			<size>52</size>
		</font>
		<font>
			<name>homeMenuInfo</name>
			<filename>Light.ttf</filename>
			<size>42</size>
		</font>
		<font>
			<name>rss</name>
			<filename>Ubuntu-R.ttf</filename>
			<size>22</size>
		</font>
<!-- WINDOWS -->
		<font>
			<name>windowTitle</name>
			<filename>Ubuntu-L.ttf</filename>
			<size>52</size>
		</font>
		<font>
			<name>windowTitleAlt</name>
			<filename>Ubuntu-L.ttf</filename>
			<size>52</size>
		</font>
		<font>
			<name>windowMenu</name>
			<filename>Ubuntu-L.ttf</filename>
			<size>34</size>
		</font>
<!-- TOAST -->
		<font>
			<name>toastProgress</name>
			<filename>LightCaps.ttf</filename>
			<size>42</size>
		</font>
		<font>
			<name>clock</name>
			<filename>Ubuntu-L.ttf</filename>
			<size>52</size>
		</font>
		<font>
			<name>date</name>
			<filename>Ubuntu-R.ttf</filename>
			<size>26</size>
		</font>
		<font>
			<name>finishtime</name>
			<filename>Ubuntu-L.ttf</filename>
			<size>34</size>
		</font>
<!-- CONTAINERS -->
		<font>
			<name>list</name>
			<filename>Ubuntu-R.ttf</filename>
			<size>22</size>
		</font>
		<font>
			<name>listAlt</name>
			<filename>Ubuntu-R.ttf</filename>
			<size>22</size>
		</font>
		<font>
			<name>listInfo</name>
			<filename>Ubuntu-R.ttf</filename>
			<size>18</size>
		</font>
		<font>
			<name>info</name>
			<filename>Ubuntu-R.ttf</filename>
			<size>20</size>
		</font>
		<font>
			<name>info_sub</name>
			<filename>Ubuntu-R.ttf</filename>
			<size>22</size>
		</font>
		<font>
			<name>info_toast_top</name>
			<filename>Ubuntu-L.ttf</filename>
			<size>28</size>
		</font>
		<font>
			<name>info_toast_bottom</name>
			<filename>Ubuntu-L.ttf</filename>
			<size>20</size>
		</font>
		<font>
			<name>info_toast_side</name>
			<filename>Ubuntu-L.ttf</filename>
			<size>45</size>
		</font>
		<font>
			<name>listBig</name>
			<filename>Ubuntu-R.ttf</filename>
			<size>26</size>
		</font>
		<font>
			<name>listmod</name>
			<filename>Ubuntu-R.ttf</filename>
			<size>26</size>
		</font>
		<font>
			<name>listBig_LongTitle</name>
			<filename>Ubuntu-R.ttf</filename>
			<size>26</size>
			<aspect>0.70</aspect>
		</font>
		<font>
			<name>title</name>
			<filename>Ubuntu-L.ttf</filename>
			<size>28</size>
		</font>
		<font>
			<name>title_LongTitle</name>
			<filename>Ubuntu-L.ttf</filename>
			<size>28</size>
			<aspect>0.70</aspect>
		</font>
		<font>
			<name>titleAlt</name>
			<filename>Ubuntu-L.ttf</filename>
			<size>28</size>
		</font>
		<font>
			<name>titleSmall</name>
			<filename>Ubuntu-L.ttf</filename>
			<size>26</size>
		</font>
		<font>
			<name>titleSmaller</name>
			<filename>Ubuntu-L.ttf</filename>
			<size>24</size>
		</font>
		<font>
			<name>titleSmallest</name>
			<filename>Ubuntu-L.ttf</filename>
			<size>22</size>
		</font>
		<font>
			<name>titletiny</name>
			<filename>Ubuntu-L.ttf</filename>
			<size>20</size>
		</font>
		<font>
			<name>titleLow</name>
			<filename>Ubuntu-L.ttf</filename>
			<size>28</size>
		</font>
		<font>
			<name>titleSpecial</name>
			<filename>Ubuntu-L.ttf</filename>
			<size>42</size>
		</font>
		<font>
			<name>titleSpecialFit</name>
			<filename>Ubuntu-L.ttf</filename>
			<size>42</size>
			<aspect>0.70</aspect>
		</font>
		<font>
			<name>titleSpecial2</name>
			<filename>Ubuntu-L.ttf</filename>
			<size>30</size>
		</font>
		<font>
			<name>description</name>
			<filename>Ubuntu-R.ttf</filename>
			<size>22</size>
		</font>
		<font>
			<name>descriptionbig</name>
			<filename>Ubuntu-R.ttf</filename>
			<size>24</size>
		</font>
		<font>
			<name>descriptionSmall</name>
			<filename>Ubuntu-R.ttf</filename>
			<size>20</size>
		</font>
<!-- GENERAL -->
		<font>
			<name>normal</name>
			<filename>Ubuntu-R.ttf</filename>
			<size>22</size>
		</font>
		<font>
			<name>normalAlt</name>
			<filename>Ubuntu-R.ttf</filename>
			<size>22</size>
		</font>
		<font>
			<name>normalCaps</name>
			<filename>Ubuntu-R.ttf</filename>
			<size>22</size>
		</font>
		<font>
			<name>small</name>
			<filename>Ubuntu-R.ttf</filename>
			<size>20</size>
		</font>
		<font>
			<name>smallAlt</name>
			<filename>Ubuntu-R.ttf</filename>
			<size>20</size>
		</font>
		<font>
			<name>smallCaps</name>
			<filename>Ubuntu-R.ttf</filename>
			<size>20</size>
		</font>
		<font>
			<name>smallBold</name>
			<filename>Ubuntu-R.ttf</filename>
			<style>bold</style>
			<size>20</size>
		</font>
		<font>
			<name>smallerCaps</name>
			<filename>Ubuntu.ttf</filename>
			<size>16</size>
			<linespacing>0.8</linespacing>
		</font>
		<font>
			<name>smallerCapsBIG</name>
			<filename>Ubuntu-R.ttf</filename>
			<size>24</size>
		</font>
<!-- SETTINGS -->
		<font>
			<name>category</name>
			<filename>Ubuntu-L.ttf</filename>
			<size>30</size>
		</font>
<!---OSD------>
		<font>
			<name>osdTitle</name>
			<filename>Ubuntu-L.ttf</filename>
			<size>36</size>
		</font>
		<font>
			<name>osdHeader</name>
			<filename>Ubuntu-L.ttf</filename>
			<size>48</size>
		</font>
		<font>
			<name>osd1</name>
			<filename>LightCaps.ttf</filename>
			<size>36</size>
		</font>
		<font>
			<name>osd2</name>
			<filename>BoldCaps.ttf</filename>
			<size>20</size>
		</font>
		<font>
			<name>osd3</name>
			<filename>RegularCaps.ttf</filename>
			<size>20</size>
		</font>
		<font>
			<name>osd7</name>
			<filename>Light.ttf</filename>
			<size>48</size>
		</font>	
		<font>
			<name>osdxperience</name>
			<filename>Light.ttf</filename>
			<size>36</size>
		</font>		
<!-- DIALOGS -->
		<font>
			<name>titleInfoDialog</name>
			<filename>Ubuntu-L.ttf</filename>
			<size>46</size>
		</font>
		<font>
			<name>titleInfoDialogFit</name>
			<filename>Ubuntu-L.ttf</filename>
			<size>46</size>
			<aspect>0.70</aspect>
		</font>
		<font>
			<name>titleInfoDialogSmaller</name>
			<filename>Ubuntu-L.ttf</filename>
			<size>45</size>
		</font>
		<font>
			<name>dialog1</name>
			<filename>Ubuntu-L.ttf</filename>
			<size>32</size>
		</font>
		<font>
			<name>dialog2</name>
			<filename>Ubuntu-R.ttf</filename>
			<size>20</size>
		</font>
		<font>
			<name>keyboard</name>
			<filename>Ubuntu-R.ttf</filename>
			<size>20</size>
		</font>
<!-- SCRIPT REFERENCE/LEGACY -->
		<font>
			<name>font10</name>
			<filename>Ubuntu-R.ttf</filename>
			<size>16</size>
		</font>
		<font>
			<name>font13</name>
			<filename>Ubuntu-R.ttf</filename>
			<size>22</size>
		</font>
		<font>
			<name>font14</name>
			<filename>Ubuntu-R.ttf</filename>
			<size>20</size>
		</font>
		<font>
			<name>special13</name>
			<filename>Ubuntu-R.ttf</filename>
			<size>20</size>
		</font>
	</fontset>

<fontset id="Original" unicode="true">
<font>
			<name>light</name>
			<filename>Light.ttf</filename>
			<size>52</size>
			<style>lowercase</style>
		</font>
		<font>
			<name>light.Home</name>
			<filename>Light.ttf</filename>
			<size>48</size>
			<style>lowercase</style>
		</font>
		<font>
			<name>light.Menu</name>
			<filename>Light.ttf</filename>
			<size>34</size>
			<style>lowercase</style>
		</font>
		<font>
			<name>light.Window</name>
			<filename>Light.ttf</filename>
			<size>52</size>
			<style>lowercase</style>
		</font>
		<font>
			<name>light.Header</name>
			<filename>Light.ttf</filename>
			<size>46</size>
		</font>
		<font>
			<name>light.Category</name>
			<filename>Light.ttf</filename>
			<size>42</size>
			<style>lowercase</style>
		</font>
		<font>
			<name>light.ToastProgress</name>
			<filename>Light.ttf</filename>
			<size>42</size>
			<style>uppercase</style>
		</font>
		<font>
			<name>light.Title</name>
			<filename>Light.ttf</filename>
			<size>28</size>
			<style>uppercase</style>
		</font>
		<font>
			<name>light.ColumnHeader</name>
			<filename>Light.ttf</filename>
			<size>28</size>
			<style>lowercase</style>
		</font>

		<font>
			<name>dialog.Title</name>
			<filename>Light.ttf</filename>
			<size>32</size>
			<style>lowercase</style>
		</font>
		<font>
			<name>dialog.Regular</name>
			<filename>Regular.ttf</filename>
			<size>20</size>
		</font>
		<font>
			<name>dialog.SmallCaps</name>
			<filename>Regular.ttf</filename>
			<size>20</size>
			<style>uppercase</style>
		</font>
		<font>
			<name>dialog.Caps</name>
			<filename>Regular.ttf</filename>
			<size>20</size>
			<style>uppercase</style>
		</font>
		<font>
			<name>dialog.CapsBold</name>
			<filename>Regular.ttf</filename>
			<size>20</size>
			<style>uppercase bold</style>
		</font>
		<font>
			<name>dialog.Button</name>
			<filename>Regular.ttf</filename>
			<size>22</size>
			<style>lowercase</style>
		</font>
		<font>
			<name>regular</name>
			<filename>Regular.ttf</filename>
			<size>20</size>
		</font>
		<font>
			<name>regular.Info</name>
			<filename>Regular.ttf</filename>
			<size>20</size>
			<style>uppercase</style>
		</font>
		<font>
			<name>regular.Big</name>
			<filename>Regular.ttf</filename>
			<size>22</size>
		</font>
		<font>
			<name>regular.BigCaps</name>
			<filename>Regular.ttf</filename>
			<size>22</size>
			<style>uppercase</style>
		</font>
		<font>
			<name>regular.Small</name>
			<filename>Regular.ttf</filename>
			<size>18</size>
		</font>
		<font>
			<name>regular.SmallCaps</name>
			<filename>Regular.ttf</filename>
			<size>18</size>
			<style>uppercase</style>
			<aspect>0.92</aspect>
		</font>
		<font>
			<name>regular.Description</name>
			<filename>Regular.ttf</filename>
			<size>22</size>
		</font>
		<font>
			<name>regular.DescriptionSmall</name>
			<filename>Regular.ttf</filename>
			<size>20</size>
		</font>
		<font>
			<name>regular.DescriptionHome</name>
			<filename>Regular.ttf</filename>
			<size>20</size>
		</font>
		<font>
			<name>description.Regular</name>
			<filename>Regular.ttf</filename>
			<size>20</size>
		</font>
		<font>
			<name>description.Big</name>
			<filename>Regular.ttf</filename>
			<size>22</size>
		</font>
		<font>
			<name>list</name>
			<filename>Regular.ttf</filename>
			<size>22</size>
			<style>lowercase</style>
		</font>
		<font>
			<name>list.Regular</name>
			<filename>Regular.ttf</filename>
			<size>22</size>
		</font>
		<font>
			<name>list.Big</name>
			<filename>Regular.ttf</filename>
			<size>26</size>
			<style>lowercase</style>
		</font>
		<font>
			<name>list.Small</name>
			<filename>Regular.ttf</filename>
			<size>20</size>
		</font>
		<font>
			<name>list.SmallCaps</name>
			<filename>Regular.ttf</filename>
			<size>20</size>
			<style>uppercase</style>
		</font>
		<font>
			<name>list.Alt</name>
			<filename>Regular.ttf</filename>
			<size>22</size>
		</font>
		<font>
			<name>list.Info</name>
			<filename>RegularCaps.ttf</filename>
			<size>18</size>
			<style>uppercase</style>
		</font>
		<font>
			<name>dialog.Header</name>
			<filename>Light.ttf</filename>
			<size>46</size>
		</font>
<!-- HOME -->
		<font>
			<name>homeMenu</name>
			<filename>Light.ttf</filename>
			<size>46</size>
		</font>
		<font>
			<name>homeMenuInfo</name>
			<filename>Light.ttf</filename>
			<size>42</size>
		</font>
		<font>
			<name>rss</name>
			<filename>RegularCaps.ttf</filename>
			<size>18</size>
		</font>
<!-- WINDOWS -->
		<font>
			<name>windowTitle</name>
			<filename>Light.ttf</filename>
			<size>52</size>
		</font>
		<font>
			<name>windowTitleAlt</name>
			<filename>Light.ttf</filename>
			<size>52</size>
		</font>
		<font>
			<name>windowMenu</name>
			<filename>Light.ttf</filename>
			<size>34</size>
		</font>
<!-- TOAST -->
		<font>
			<name>toastProgress</name>
			<filename>LightCaps.ttf</filename>
			<size>42</size> 
		</font>
		<font>
			<name>clock</name>
			<filename>RegularCaps.ttf</filename>
			<size>52</size>
		</font>
		<font>
			<name>date</name>
			<filename>RegularCaps.ttf</filename>
			<size>18</size> 
		</font>
		<font>
			<name>finishtime</name>
			<filename>RegularCaps.ttf</filename>
			<size>18</size> 
		</font>
<!-- CONTAINERS -->
		<font>
			<name>list</name>
			<filename>RegularLow.ttf</filename>
			<size>22</size>
		</font>
		<font>
			<name>listmod</name>
			<filename>RegularLow.ttf</filename>
			<size>22</size>
		</font>
		<font>
			<name>listAlt</name>
			<filename>Regular.ttf</filename>
			<size>22</size>
		</font>
		<font>
			<name>listInfo</name>
			<filename>RegularCaps.ttf</filename>
			<size>18</size>
		</font>
		<font>
			<name>info</name>
			<filename>RegularCaps.ttf</filename>
			<size>20</size>
		</font>
		<font>
			<name>info_sub</name>
			<filename>RegularCaps.ttf</filename>
			<size>18</size>
		</font>
		<font>
			<name>info_toast_top</name>
			<filename>RegularCaps.ttf</filename>
			<size>20</size>
		</font>
		<font>
			<name>info_toast_bottom</name>
			<filename>RegularCaps.ttf</filename>
			<size>18</size>
		</font>
		<font>
			<name>info_toast_side</name>
			<filename>LightCaps.ttf</filename>
			<size>42</size> 
		</font>
		<font>
			<name>listBig</name>
			<filename>RegularLow.ttf</filename>
			<size>26</size>
		</font>
		<font>
			<name>listBig_LongTitle</name>
			<filename>RegularLow.ttf</filename>
			<size>26</size>
			<aspect>0.70</aspect>
		</font>
		<font>
			<name>title</name>
			<filename>LightCaps.ttf</filename>
			<size>28</size>
		</font>
		<font>
			<name>title_LongTitle</name>
			<filename>LightCaps.ttf</filename>
			<size>28</size>
			<aspect>0.70</aspect>
		</font>
		<font>
			<name>titleAlt</name>
			<filename>LightAlt.ttf</filename>
			<size>28</size>
		</font>
		<font>
			<name>titleSmall</name>
			<filename>LightCaps.ttf</filename>
			<size>26</size>
		</font>
		<font>
			<name>titleSmaller</name>
			<filename>LightCaps.ttf</filename>
			<size>24</size>
		</font>
		<font>
			<name>titleSmallest</name>
			<filename>LightCaps.ttf</filename>
			<size>22</size>
		</font>
		<font>
			<name>titletiny</name>
			<filename>LightCaps.ttf</filename>
			<size>20</size>
		</font>
		<font>
			<name>titleLow</name>
			<filename>Light.ttf</filename>
			<size>28</size>
		</font>
		<font>
			<name>titleSpecial</name>
			<filename>Light.ttf</filename>
			<size>42</size>
		</font>
		<font>
			<name>titleSpecialFit</name>
			<filename>Light.ttf</filename>
			<size>42</size>
			<aspect>0.70</aspect>
		</font>
		<font>
			<name>titleSpecial2</name>
			<filename>Light.ttf</filename>
			<size>30</size>
		</font>
		<font>
			<name>description</name>
			<filename>Regular.ttf</filename>
			<size>22</size>
		</font>
		<font>
			<name>descriptionSmall</name>
			<filename>Regular.ttf</filename>
			<size>20</size>
		</font>
		<font>
			<name>descriptionbig</name>
			<filename>Regular.ttf</filename>
			<size>20</size>
		</font>
<!-- GENERAL -->
		<font>
			<name>normal</name>
			<filename>RegularLow.ttf</filename>
			<size>22</size>
		</font>
		<font>
			<name>normalAlt</name>
			<filename>Regular.ttf</filename>
			<size>22</size>
		</font>
		<font>
			<name>normalCaps</name>
			<filename>RegularCaps.ttf</filename>
			<size>22</size>
		</font>
		<font>
			<name>small</name>
			<filename>RegularLow.ttf</filename>
			<size>20</size>
		</font>	
		<font>
			<name>smallAlt</name>
			<filename>Regular.ttf</filename>
			<size>20</size>
		</font>
		<font>
			<name>smallCaps</name>
			<filename>RegularCaps.ttf</filename>
			<size>20</size>
		</font>
		<font>
			<name>smallBold</name>
			<filename>RegularLow.ttf</filename>
			<style>bold</style>
			<size>20</size>
		</font>	
		<font>
			<name>smallerCaps</name>
			<filename>RegularCaps.ttf</filename>
			<size>18</size>
		</font>
		<font>
			<name>smallerCapsBIG</name>
			<filename>RegularCaps.ttf</filename>
			<size>18</size>
		</font>
<!-- SETTINGS -->
		<font>
			<name>category</name>
			<filename>Light.ttf</filename>
			<size>30</size>
		</font>
<!-- OSD -->
		<font>
			<name>osdTitle</name>
			<filename>LightCaps.ttf</filename>
			<size>36</size>
		</font>
		<font>
			<name>osdHeader</name>
			<filename>Light.ttf</filename>
			<size>48</size>
		</font>
		<font>
			<name>osd1</name>
			<filename>LightCaps.ttf</filename>
			<size>36</size>
		</font>
		<font>
			<name>osd2</name>
			<filename>BoldCaps.ttf</filename>
			<size>20</size>
		</font>
		<font>
			<name>osd3</name>
			<filename>RegularCaps.ttf</filename>
			<size>20</size>
		</font>
		<font>
			<name>osd7</name>
			<filename>Light.ttf</filename>
			<size>48</size>
		</font>		
		<font>
			<name>osdxperience</name>
			<filename>Light.ttf</filename>
			<size>36</size>
		</font>	
<!-- DIALOGS -->
		<font>
			<name>titleInfoDialog</name>
			<filename>LightAlt.ttf</filename>
			<size>46</size>
		</font>
		<font>
			<name>titleInfoDialogFit</name>
			<filename>LightAlt.ttf</filename>
			<size>46</size>
			<aspect>0.70</aspect>
		</font>
		<font>
		<name>titleInfoDialogSmaller</name>
		<filename>LightAlt.ttf</filename>
		<size>45</size>
	</font>
		<font>
			<name>dialog1</name>
			<filename>Light.ttf</filename>
			<size>32</size>
		</font>
		<font>
			<name>dialog2</name>
			<filename>RegularLow.ttf</filename>
			<size>20</size>
		</font>
		<font>
			<name>keyboard</name>
			<filename>Regular.ttf</filename>
			<size>20</size>
		</font>
<!-- SCRIPT REFERENCE/LEGACY -->
		<font>
			<name>font10</name>
			<filename>Arial.ttf</filename>
			<size>16</size>
		</font>
		<font>
			<name>font13</name>
			<filename>Arial.ttf</filename>
			<size>22</size>
		</font>
		<font>
			<name>font14</name>
			<filename>Arial.ttf</filename>
			<size>20</size>
		</font>
		<font>
			<name>special13</name>
			<filename>Arial.ttf</filename>
			<size>20</size>
		</font>
	</fontset>



	<fontset id="reAlaska" unicode="true">
<font>
			<name>light</name>
			<filename>Light.ttf</filename>
			<size>52</size>
			<style>lowercase</style>
		</font>
		<font>
			<name>light.Home</name>
			<filename>Light.ttf</filename>
			<size>48</size>
			<style>lowercase</style>
		</font>
		<font>
			<name>light.Menu</name>
			<filename>Light.ttf</filename>
			<size>34</size>
			<style>lowercase</style>
		</font>
		<font>
			<name>light.Window</name>
			<filename>Light.ttf</filename>
			<size>52</size>
			<style>lowercase</style>
		</font>
		<font>
			<name>light.Header</name>
			<filename>Light.ttf</filename>
			<size>46</size>
		</font>
		<font>
			<name>light.Category</name>
			<filename>Light.ttf</filename>
			<size>42</size>
			<style>lowercase</style>
		</font>
		<font>
			<name>light.ToastProgress</name>
			<filename>Light.ttf</filename>
			<size>42</size>
			<style>uppercase</style>
		</font>
		<font>
			<name>light.Title</name>
			<filename>Light.ttf</filename>
			<size>28</size>
			<style>uppercase</style>
		</font>
		<font>
			<name>light.ColumnHeader</name>
			<filename>Light.ttf</filename>
			<size>28</size>
			<style>lowercase</style>
		</font>

		<font>
			<name>dialog.Title</name>
			<filename>Light.ttf</filename>
			<size>32</size>
			<style>lowercase</style>
		</font>
		<font>
			<name>dialog.Regular</name>
			<filename>Regular.ttf</filename>
			<size>20</size>
		</font>
		<font>
			<name>dialog.SmallCaps</name>
			<filename>Regular.ttf</filename>
			<size>20</size>
			<style>uppercase</style>
		</font>
		<font>
			<name>dialog.Caps</name>
			<filename>Regular.ttf</filename>
			<size>20</size>
			<style>uppercase</style>
		</font>
		<font>
			<name>dialog.CapsBold</name>
			<filename>Regular.ttf</filename>
			<size>20</size>
			<style>uppercase bold</style>
		</font>
		<font>
			<name>dialog.Button</name>
			<filename>Regular.ttf</filename>
			<size>22</size>
			<style>lowercase</style>
		</font>
		<font>
			<name>regular</name>
			<filename>Regular.ttf</filename>
			<size>20</size>
		</font>
		<font>
			<name>regular.Info</name>
			<filename>Regular.ttf</filename>
			<size>20</size>
			<style>uppercase</style>
		</font>
		<font>
			<name>regular.Big</name>
			<filename>Regular.ttf</filename>
			<size>22</size>
		</font>
		<font>
			<name>regular.BigCaps</name>
			<filename>Regular.ttf</filename>
			<size>22</size>
			<style>uppercase</style>
		</font>
		<font>
			<name>regular.Small</name>
			<filename>Regular.ttf</filename>
			<size>18</size>
		</font>
		<font>
			<name>regular.SmallCaps</name>
			<filename>Regular.ttf</filename>
			<size>18</size>
			<style>uppercase</style>
			<aspect>0.92</aspect>
		</font>
		<font>
			<name>regular.Description</name>
			<filename>Regular.ttf</filename>
			<size>22</size>
		</font>
		<font>
			<name>regular.DescriptionSmall</name>
			<filename>Regular.ttf</filename>
			<size>20</size>
		</font>
		<font>
			<name>regular.DescriptionHome</name>
			<filename>Regular.ttf</filename>
			<size>20</size>
		</font>
		<font>
			<name>description.Regular</name>
			<filename>Regular.ttf</filename>
			<size>20</size>
		</font>
		<font>
			<name>description.Big</name>
			<filename>Regular.ttf</filename>
			<size>22</size>
		</font>
		<font>
			<name>list</name>
			<filename>Regular.ttf</filename>
			<size>22</size>
			<style>lowercase</style>
		</font>
		<font>
			<name>list.Regular</name>
			<filename>Regular.ttf</filename>
			<size>22</size>
		</font>
		<font>
			<name>list.Big</name>
			<filename>Regular.ttf</filename>
			<size>26</size>
			<style>lowercase</style>
		</font>
		<font>
			<name>list.Small</name>
			<filename>Regular.ttf</filename>
			<size>20</size>
		</font>
		<font>
			<name>list.SmallCaps</name>
			<filename>Regular.ttf</filename>
			<size>20</size>
			<style>uppercase</style>
		</font>
		<font>
			<name>list.Alt</name>
			<filename>Regular.ttf</filename>
			<size>22</size>
		</font>
		<font>
			<name>list.Info</name>
			<filename>RegularCaps.ttf</filename>
			<size>18</size>
			<style>uppercase</style>
		</font>
		<font>
			<name>dialog.Header</name>
			<filename>Light.ttf</filename>
			<size>46</size>
		</font>
		
<!---HOME------>
		<font>
			<name>homeMenu</name>
			<filename>LightCaps.ttf</filename>
			<size>28</size>
		</font>
		<font>
			<name>homeMenuInfo</name>
			<filename>Light.ttf</filename>
			<size>42</size>
		</font>
		<font>
			<name>rss</name>
			<filename>RegularCaps.ttf</filename>
			<size>18</size>
		</font>

<!---WINDOWS------>
		<font>
			<name>windowTitle</name>
			<filename>LightCaps.ttf</filename>
			<size>38</size>
		</font>
		<font>
			<name>windowTitleAlt</name>
			<filename>LightCaps.ttf</filename>
			<size>38</size>
		</font>
		<font>
			<name>windowMenu</name>
			<filename>Light.ttf</filename>
			<size>34</size>
		</font>
<!---TOAST------>
		<font>
			<name>toastProgress</name>
			<filename>LightCaps.ttf</filename>
			<size>42</size> 
		</font>
<font>
			<name>clock</name>
			<filename>RegularCaps.ttf</filename>
			<size>52</size>
		</font>
		<font>
			<name>date</name>
			<filename>RegularCaps.ttf</filename>
			<size>18</size> 
		</font>
		<font>
			<name>finishtime</name>
			<filename>RegularCaps.ttf</filename>
			<size>18</size> 
		</font>

<!---CONTAINERS------>
		<font>
			<name>list</name>
			<filename>RegularLow.ttf</filename>
			<size>22</size>
		</font>
		<font>
			<name>listmod</name>
			<filename>RegularLow.ttf</filename>
			<size>22</size>
		</font>
		<font>
           		 <name>listAlt</name>
           		 <filename>RegularCaps.ttf</filename>
           		 <size>18</size>
        	</font>
		<font>
			<name>listInfo</name>
			<filename>RegularCaps.ttf</filename>
			<size>18</size>
		</font>
		<font>
			<name>info</name>
			<filename>RegularCaps.ttf</filename>
			<size>20</size>
		</font>
		<font>
			<name>info_sub</name>
			<filename>RegularCaps.ttf</filename>
			<size>18</size>
		</font>
		<font>
			<name>info_toast_top</name>
			<filename>RegularCaps.ttf</filename>
			<size>20</size>
		</font>
		<font>
			<name>info_toast_bottom</name>
			<filename>RegularCaps.ttf</filename>
			<size>18</size>
		</font>
		<font>
			<name>info_toast_side</name>
			<filename>LightCaps.ttf</filename>
			<size>42</size> 
		</font>
		<font>
			<name>listBig</name>
			<filename>BoldCaps.ttf</filename>
			<size>18</size>
		</font>
		<font>
			<name>listBig_LongTitle</name>
			<filename>RegularLow.ttf</filename>
			<size>26</size>
			<aspect>0.70</aspect>
		</font>
		<font>
			<name>title</name>
			<filename>LightCaps.ttf</filename>
			<size>28</size>
		</font>
		<font>
		<font>
			<name>title_LongTitle</name>
			<filename>LightCaps.ttf</filename>
			<size>28</size>
			<aspect>0.70</aspect>
		</font>
			<name>titleAlt</name>
			<filename>LightAlt.ttf</filename>
			<size>28</size>
		</font>
		<font>
			<name>titleSmall</name>
			<filename>LightCaps.ttf</filename>
			<size>26</size>
		</font>
		<font>
			<name>titleSmaller</name>
			<filename>LightCaps.ttf</filename>
			<size>24</size>
		</font>
		<font>
			<name>titleSmallest</name>
			<filename>LightCaps.ttf</filename>
			<size>22</size>
		</font>
		<font>
			<name>titletiny</name>
			<filename>LightCaps.ttf</filename>
			<size>20</size>
		</font>
		<font>
           		 <name>titleLow</name>
           		 <filename>LightCaps.ttf</filename>
            		<size>24</size>
       		</font>
		<font>
            		<name>titleSpecial</name>
            		<filename>LightCaps.ttf</filename>
            		<size>32</size>
		</font>
		<font>
			<name>titleSpecialFit</name>
			<filename>Light.ttf</filename>
			<size>42</size>
			<aspect>0.70</aspect>
		</font>
		<font>
            		<name>titleSpecial2</name>
            		<filename>LightCaps.ttf</filename>
            		<size>32</size>
        	</font>
		<font>
			<name>description</name>
			<filename>Light.ttf</filename>
			<size>22</size>
		</font>
		<font>
			<name>descriptionSmall</name>
			<filename>Light.ttf</filename>
			<size>18</size>
		</font>
		<font>
			<name>descriptionbig</name>
			<filename>Light.ttf</filename>
			<size>18</size>
		</font>
<!---GENERAL------>
		<font>
			<name>normal</name>
			<filename>RegularLow.ttf</filename>
			<size>22</size>
		</font>
		<font>
			<name>normalAlt</name>
			<filename>Regular.ttf</filename>
			<size>22</size>
		</font>
		<font>
			<name>normalCaps</name>
			<filename>RegularCaps.ttf</filename>
			<size>22</size>
		</font>
		<font>
			<name>small</name>
			<filename>RegularLow.ttf</filename>
			<size>20</size>
		</font>	
		<font>
			<name>smallAlt</name>
			<filename>Regular.ttf</filename>
			<size>20</size>
		</font>		
		<font>
			<name>smallCaps</name>
			<filename>RegularCaps.ttf</filename>
			<size>20</size>
		</font>
		<font>
			<name>smallBold</name>
			<filename>RegularLow.ttf</filename>
			<style>bold</style>
			<size>20</size>
		</font>	
		<font>
			<name>smallerCaps</name>
			<filename>RegularCaps.ttf</filename>
			<size>18</size>
		</font>
		<font>
			<name>smallerCapsBIG</name>
			<filename>RegularCaps.ttf</filename>
			<size>18</size>
		</font>
<!---SETTINGS------>
		<font>
			<name>category</name>
			<filename>Light.ttf</filename>
			<size>30</size>
		</font>
<!---OSD------>	
		<font>
			<name>osdTitle</name>
			<filename>LightCaps.ttf</filename>
			<size>32</size>
		</font>
		<font>
			<name>osdxperience</name>
			<filename>LightCaps.ttf</filename>
			<size>32</size>
		</font>	
		<font>
			<name>osdHeader</name>
			<filename>Light.ttf</filename>
			<size>48</size>
		</font>
						<font>
			<name>osd1</name>
			<filename>LightCaps.ttf</filename>
			<size>36</size>
		</font>
		<font>
			<name>osd2</name>
			<filename>BoldCaps.ttf</filename>
			<size>20</size>
		</font>
		<font>
			<name>osd3</name>
			<filename>RegularCaps.ttf</filename>
			<size>20</size>
		</font>
		<font>
			<name>osd7</name>
			<filename>Light.ttf</filename>
			<size>48</size>
		</font>		

<!---DIALOGS------>
		<font>
			<name>titleInfoDialog</name>
			<filename>LightAlt.ttf</filename>
			<size>46</size>
		</font>	
		<font>
			<name>dialog1</name>
			<filename>Light.ttf</filename>
			<size>32</size>
		</font>
		<font>
			<name>dialog2</name>
			<filename>RegularLow.ttf</filename>
			<size>20</size>
		</font>
		<font>
			<name>keyboard</name>
			<filename>Regular.ttf</filename>
			<size>20</size>
		</font>
		<font>
			<name>titleInfoDialogFit</name>
			<filename>LightAlt.ttf</filename>
			<size>46</size>
			<aspect>0.70</aspect>
		</font>
		<font>
			<name>titleInfoDialogSmaller</name>
			<filename>LightAlt.ttf</filename>
			<size>45</size>
		</font>
<!---SCRIPT REFERENCE/LEGACY------>
		<font>
			<name>font10</name>
			<filename>Arial.ttf</filename>
			<size>16</size>
		</font>
		<font>
			<name>font13</name>
			<filename>Arial.ttf</filename>
			<size>22</size>
		</font>
		<font>
			<name>font14</name>
			<filename>Arial.ttf</filename>
			<size>20</size>
		</font>
		<font>
			<name>special13</name>
			<filename>Arial.ttf</filename>
			<size>20</size>
		</font>
	</fontset>

</fonts>
