﻿<?xml version="1.0" encoding="UTF-8"?>
<window id="2006">
	<allowoverlay>no</allowoverlay>
	<!-- <onload condition="Skin.HasSetting(background-slideshow)">RunScript(script.artistslideshow)</onload> -->
	<controls>
		<!-- <control type="multiimage">
    			<posx>0</posx>
    			<posy>0</posy>
    			<width>1280</width>
    			<height>720</height>
			<visible>Skin.HasSetting(background-slideshow) + System.HasAddon(script.artistslideshow) + !Skin.HasSetting(background-slideshow-zoom)</visible>
    			<imagepath background="true">$INFO[Window(Visualisation).Property(ArtistSlideshow)]</imagepath>
    			<aspectratio>keep</aspectratio>
    			<timeperimage>10000</timeperimage>
    			<fadetime>2000</fadetime>
    			<randomize>true</randomize>
			<animation effect="fade" start="0" end="100" time="300">Visible</animation>
			<animation effect="fade" start="100" end="0" time="300">Hidden</animation>
		</control>
		<control type="multiimage">
    			<posx>0</posx>
    			<posy>0</posy>
    			<width>1280</width>
    			<height>720</height>
			<visible>Skin.HasSetting(background-slideshow) + System.HasAddon(script.artistslideshow) + Skin.HasSetting(background-slideshow-zoom)</visible>
    			<imagepath background="true">$INFO[Window(Visualisation).Property(ArtistSlideshow)]</imagepath>
    			<aspectratio>keep</aspectratio>
    			<timeperimage>10000</timeperimage>
    			<fadetime>2000</fadetime>
    			<randomize>true</randomize>
			<animation effect="fade" start="0" end="100" time="300">Visible</animation>
			<animation effect="fade" start="100" end="0" time="300">Hidden</animation>
			<animation effect="zoom" start="110" end="130" center="auto" time="6000" pulse="true" condition="true">Conditional</animation>
			<animation effect="slide" start="-20,-20" end="40,40" time="7000" pulse="true" condition="true">Conditional</animation>
		</control> -->
		<control type="group">
			<include>global_Clock</include>
		</control>
		<control type="image">
			<include>screen_Dimensions</include>
			<texture fallback="special://skin/backgrounds/music.jpg">$INFO[Player.Art(fanart)]</texture>
			<animation effect="fade" start="100" end="80" time="0" condition="Skin.HasSetting(fanart.visualization.blend)">Conditional</animation>
			<!-- <visible>!Visualisation.Enabled</visible> -->
		</control>
		<control type="visualisation" id="2">
			<include>screen_Dimensions</include>
			<visible>!Skin.HasSetting(background-slideshow) + [!Skin.HasSetting(fanart.visualization) | Skin.HasSetting(fanart.visualization.blend)]</visible>
		</control>
		<control type="group">
			<posx>5</posx>
			<posy>5</posy>
			<visible>Player.ShowCodec</visible>
			<control type="image" id="1">
				<width>1270</width>
				<height>93</height>
				<texture border="16">black.png</texture>
			</control>
			<control type="group">
				<posx>10</posx>
				<posy>5</posy>
				<control type="label" id="10">
					<width>1260</width>
					<label>$INFO[Musicplayer.Codec,Codec: ,]$INFO[Musicplayer.Bitrate, · Bitrate: ,kbps]$INFO[MusicPlayer.Bitspersample, · Bits: ,bit]$INFO[MusicPlayer.SampleRate, · Freq: ,kHz]$INFO[MusicPlayer.Channels, · Channels: ]</label>
					<textcolor>Color1</textcolor>
					<font>smallerCaps</font>
				</control>
				<control type="label" id="11">
					<posy>26</posy>
					<width>1260</width>
					<label>$LOCALIZE[250]: $INFO[Visualisation.Name] [I]($LOCALIZE[20166])[/I] · FPS: $INFO[System.FPS]</label>>
					<font>smallerCaps</font>
					<textcolor>Color1</textcolor>
				</control>
				<control type="label" id="12">
					<posy>52</posy>
					<width>1260</width>
					<label fallback="· (UnAvailable)">$LOCALIZE[13388]: $INFO[Visualisation.Preset]</label>
					<textcolor>Color1</textcolor>
					<font>smallerCaps</font>
				</control>
			</control>
		</control>
		<control type="group" id="1">
			<include>osd_Info</include>
			<include>transition_OSD</include>
			<visible>Player.ShowInfo</visible>
		</control>
	</controls>
</window>
