﻿<?xml version="1.0" encoding="UTF-8"?>
<window id="2008">
	<defaultcontrol>450</defaultcontrol>
	<include>dialogOpen</include>
	<coordinates>
		<system>1</system>
		<posx>0</posx>
		<posy>0</posy>
		<origin x="455" y="100"/>
	</coordinates>
	<controls>
		<control type="image">
			<width>312</width>
			<height>300</height>
			<include>dialogWindow</include>
		</control>
		<control type="group">
			<posx>19</posx>
			<posy>30</posy>
			<control type="image">
				<width>275</width>
				<include>dialog_Separator</include>
			</control>
			<control type="list" id="450">
				<width>275</width>
				<height>240</height>
				<onup>450</onup>
				<ondown>450</ondown>
				<scrolltime>200</scrolltime>
				<itemlayout height="40">
					<control type="image">
						<width>563</width>
						<include>dialog_CommonList</include>
					</control>
					<control type="label">
						<width>525</width>
						<info>ListItem.Label</info>
						<include>dialog_CommonListItem</include>
					</control>
				</itemlayout>
				<focusedlayout height="40">
					<control type="image">
						<width>563</width>
						<include>dialog_CommonListFocus</include>
					</control>
					<control type="label">
						<width>525</width>
						<info>ListItem.Label</info>
						<include>dialog_CommonListItemFocus</include>
					</control>
				</focusedlayout>
			</control>
		</control>
	</controls>
</window>