﻿<?xml version="1.0" encoding="UTF-8"?>
<window id="103">
	<defaultcontrol>100</defaultcontrol>
	<coordinates>
		<system>2</system>
		<posx>308</posx>
		<posy>260</posy>
	</coordinates>
	<include>dialogOpen</include>
	<controls>
		<control type="group">
			<visible>!Window.IsVisible(numericinput)</visible>
			<animation effect="slide" start="0,0" end="0,200" time="0" condition="Skin.HasSetting(keyboard.enable)">Conditional</animation>
			<control type="image" id="1">
				<include>dialogWindow</include>
				<width>665</width>
				<height>435</height>
				<visible>!Skin.HasSetting(keyboard.enable)</visible>
			</control>
			<control type="image" id="1">
				<include>dialogWindow</include>
				<width>665</width>
				<height>150</height>
				<visible>Skin.HasSetting(keyboard.enable)</visible>
			</control>
			<control type="label" id="311">
				<posx>34</posx>
				<width>597</width>
				<include>dialog_Windowtitle</include>
			</control>
			<control type="image" id="1">
				<posx>34</posx>
				<posy>75</posy>
				<width>597</width>
				<height>40</height>
				<texture border="10,0,10,0">dialogs/textFieldFocus.png</texture>
			</control>
			<control type="edit" id="312">
				<description>Edit Text</description>
				<posx>44</posx>
				<posy>73</posy>
				<width>577</width>
				<height>38</height>
				<font>keyboard</font>
				<ondown>52</ondown>
				<onright>8</onright>
				<textcolor>Color4</textcolor>
				<align>center</align>
				<aligny>center</aligny>
			</control>
			<control type="group">
				<posx>34</posx>
				<posy>130</posy>
				<visible>!Skin.HasSetting(keyboard.enable)</visible>
				<control type="button" id="100">
					<description>(0,0) key button</description>
					<width>48</width>
					<onleft>8</onleft>
					<onright>101</onright>
					<onup>32</onup>
					<ondown>120</ondown>
					<include>dialog_Button-keyboard</include>
				</control>
				<control type="button" id="101">
					<description>(0,1) key button</description>
					<posx>55</posx>
					<width>48</width>
					<onleft>100</onleft>
					<onright>102</onright>
					<onup>32</onup>
					<ondown>121</ondown>
					<include>dialog_Button-keyboard</include>
				</control>
				<control type="button" id="102">
					<description>(0,2) key button</description>
					<posx>110</posx>
					<width>48</width>
					<onleft>101</onleft>
					<onright>103</onright>
					<onup>32</onup>
					<ondown>122</ondown>
					<include>dialog_Button-keyboard</include>
				</control>
				<control type="button" id="103">
					<description>(0,3) key button</description>
					<posx>165</posx>
					<onleft>102</onleft>
					<onright>104</onright>
					<onup>32</onup>
					<ondown>123</ondown>
					<include>dialog_Button-keyboard</include>
				</control>
				<control type="button" id="104">
					<description>(0,4) key button</description>
					<posx>220</posx>
					<onleft>103</onleft>
					<onright>105</onright>
					<onup>32</onup>
					<ondown>124</ondown>
					<include>dialog_Button-keyboard</include>
				</control>
				<control type="button" id="105">
					<description>(0,5) key button</description>
					<posx>275</posx>
					<onleft>104</onleft>
					<onright>106</onright>
					<onup>32</onup>
					<ondown>125</ondown>
					<include>dialog_Button-keyboard</include>
				</control>
				<control type="button" id="106">
					<description>(0,6) key button</description>
					<posx>330</posx>
					<onleft>105</onleft>
					<onright>107</onright>
					<onup>32</onup>
					<ondown>126</ondown>
					<include>dialog_Button-keyboard</include>
				</control>
				<control type="button" id="107">
					<description>(0,7) key button</description>
					<posx>385</posx>
					<onleft>106</onleft>
					<onright>108</onright>
					<onup>32</onup>
					<ondown>127</ondown>
					<include>dialog_Button-keyboard</include>
				</control>
				<control type="button" id="108">
					<description>(0,8) key button</description>
					<posx>440</posx>
					<onleft>107</onleft>
					<onright>109</onright>
					<onup>32</onup>
					<ondown>128</ondown>
					<include>dialog_Button-keyboard</include>
				</control>
				<control type="button" id="109">
					<description>(0,9) key button</description>
					<posx>495</posx>
					<onleft>108</onleft>
					<onright>8</onright>
					<onup>32</onup>
					<ondown>129</ondown>
					<include>dialog_Button-keyboard</include>
				</control>
				<control type="button" id="8">
					<description>Backspace button</description>
					<posx>550</posx>
					<onleft>109</onleft>
					<onright>100</onright>
					<onup>32</onup>
					<ondown>99</ondown>
					<texturenofocus border="6">dialogs/keyboard_Backspace.png</texturenofocus>
					<texturefocus border="8,3,8,3">dialogs/keyboard_Backspace-focus.png</texturefocus>
					<include>dialog_Button-keyboard</include>
				</control>
			</control>
			<control type="group">
				<posx>34</posx>
				<posy>185</posy>
				<visible>!Skin.HasSetting(keyboard.enable)</visible>
				<control type="button" id="120">
					<description>(1,0) key button</description>
					<onleft>99</onleft>
					<onright>121</onright>
					<onup>100</onup>
					<ondown>140</ondown>
					<include>dialog_Button-keyboard</include>
				</control>
				<control type="button" id="121">
					<description>(1,1) key button</description>
					<posx>55</posx>
					<onleft>120</onleft>
					<onright>122</onright>
					<onup>101</onup>
					<ondown>141</ondown>
					<include>dialog_Button-keyboard</include>
				</control>
				<control type="button" id="122">
					<description>(1,2) key button</description>
					<posx>110</posx>
					<onleft>121</onleft>
					<onright>123</onright>
					<onup>102</onup>
					<ondown>142</ondown>
					<include>dialog_Button-keyboard</include>
				</control>
				<control type="button" id="123">
					<description>(1,3) key button</description>
					<posx>165</posx>
					<onleft>122</onleft>
					<onright>124</onright>
					<onup>103</onup>
					<ondown>143</ondown>
					<include>dialog_Button-keyboard</include>
				</control>
				<control type="button" id="124">
					<description>(1,4) key button</description>
					<posx>220</posx>
					<onleft>123</onleft>
					<onright>125</onright>
					<onup>104</onup>
					<ondown>144</ondown>
					<include>dialog_Button-keyboard</include>
				</control>
				<control type="button" id="125">
					<description>(1,5) key button</description>
					<posx>275</posx>
					<onleft>124</onleft>
					<onright>126</onright>
					<onup>105</onup>
					<ondown>145</ondown>
					<include>dialog_Button-keyboard</include>
				</control>
				<control type="button" id="126">
					<description>(1,6) key button</description>
					<posx>330</posx>
					<onleft>125</onleft>
					<onright>127</onright>
					<onup>106</onup>
					<ondown>146</ondown>
					<include>dialog_Button-keyboard</include>
				</control>
				<control type="button" id="127">
					<description>(1,7) key button</description>
					<posx>385</posx>
					<onleft>126</onleft>
					<onright>128</onright>
					<onup>107</onup>
					<ondown>147</ondown>
					<include>dialog_Button-keyboard</include>
				</control>
				<control type="button" id="128">
					<description>(1,8) key button</description>
					<posx>440</posx>
					<onleft>127</onleft>
					<onright>129</onright>
					<onup>108</onup>
					<ondown>148</ondown>
					<include>dialog_Button-keyboard</include>
				</control>
				<control type="button" id="129">
					<description>(1,9) key button</description>
					<posx>495</posx>
					<onleft>128</onleft>
					<onright>99</onright>
					<onup>109</onup>
					<ondown>148</ondown>
					<include>dialog_Button-keyboard</include>
				</control>
				<!-- THIS -->
				<control type="button" id="99">
					<description>hide button</description>
					<posx>550</posx>
					<onleft>129</onleft>
					<onright>120</onright>
					<onup>8</onup>
					<ondown>300</ondown>
					<texturenofocus border="14">dialogs/keyboard_Hide.png</texturenofocus>
					<texturefocus border="14">dialogs/keyboard_Hide-focus.png</texturefocus>
					<include>dialog_Button-keyboard</include>
					<onclick>Close</onclick>
				</control>
			</control>
			<control type="group">
				<posx>58</posx>
				<posy>240</posy>
				<visible>!Skin.HasSetting(keyboard.enable)</visible>
				<control type="button" id="140">
					<description>(2,0) key button</description>
					<onleft>300</onleft>
					<onright>141</onright>
					<onup>120</onup>
					<ondown>302</ondown>
					<include>dialog_Button-keyboard</include>
				</control>
				<control type="button" id="141">
					<description>(2,1) key button</description>
					<posx>55</posx>
					<onleft>140</onleft>
					<onright>142</onright>
					<onup>121</onup>
					<ondown>160</ondown>
					<include>dialog_Button-keyboard</include>
				</control>
				<control type="button" id="142">
					<description>(2,2) key button</description>
					<posx>110</posx>
					<onleft>141</onleft>
					<onright>143</onright>
					<onup>122</onup>
					<ondown>161</ondown>
					<include>dialog_Button-keyboard</include>
				</control>
				<control type="button" id="143">
					<description>(2,3) key button</description>
					<posx>165</posx>
					<onleft>142</onleft>
					<onright>144</onright>
					<onup>123</onup>
					<ondown>162</ondown>
					<include>dialog_Button-keyboard</include>
				</control>
				<control type="button" id="144">
					<description>(2,4) key button</description>
					<posx>220</posx>
					<onleft>143</onleft>
					<onright>145</onright>
					<onup>124</onup>
					<ondown>163</ondown>
					<include>dialog_Button-keyboard</include>
				</control>
				<control type="button" id="145">
					<description>(2,5) key button</description>
					<posx>275</posx>
					<onleft>144</onleft>
					<onright>146</onright>
					<onup>125</onup>
					<ondown>164</ondown>
					<include>dialog_Button-keyboard</include>
				</control>
				<control type="button" id="146">
					<description>(2,6) key button</description>
					<posx>330</posx>
					<onleft>145</onleft>
					<onright>147</onright>
					<onup>126</onup>
					<ondown>165</ondown>
					<include>dialog_Button-keyboard</include>
				</control>
				<control type="button" id="147">
					<description>(2,7) key button</description>
					<posx>385</posx>
					<onleft>146</onleft>
					<onright>148</onright>
					<onup>127</onup>
					<ondown>166</ondown>
					<include>dialog_Button-keyboard</include>
				</control>
				<control type="button" id="148">
					<description>(2,8) key button</description>
					<posx>440</posx>
					<onleft>147</onleft>
					<onright>300</onright>
					<onup>128</onup>
					<ondown>304</ondown>
					<include>dialog_Button-keyboard</include>
				</control>	
				<control type="button" id="300">
					<description>DONE button</description>
					<posx>495</posx>
					<width>79</width>
					<label>20177</label>
					<onleft>148</onleft>
					<onright>140</onright>
					<onup>99</onup>
					<ondown>303</ondown>
					<include>dialog_Button-keyboard</include>
				</control>
			</control>
			<control type="group">
				<posx>34</posx>
				<posy>295</posy>
				<visible>!Skin.HasSetting(keyboard.enable)</visible>
				<control type="radiobutton" id="302">
					<description>SHIFT button</description>
					<width>72</width>
					<label>20178</label>
					<onleft>303</onleft>
					<onright>160</onright>
					<onup>140</onup>
					<ondown>305</ondown>
					<alttexturenofocus border="11">dialogs/keyboard_On.png</alttexturenofocus>
					<alttexturefocus border="11">dialogs/keyboard_On-focus.png</alttexturefocus>
					<include>dialog_Button-keyboard</include>
				</control>
				<control type="button" id="160">
					<posx>79</posx>
					<description>(3,0) key button</description>
					<onleft>302</onleft>
					<onright>161</onright>
					<onup>141</onup>
					<ondown>32</ondown>
					<include>dialog_Button-keyboard</include>
				</control>
				<control type="button" id="161">
					<description>(3,1) key button</description>
					<posx>134</posx>
					<onleft>160</onleft>
					<onright>162</onright>
					<onup>142</onup>
					<ondown>32</ondown>
					<include>dialog_Button-keyboard</include>
				</control>
				<control type="button" id="162">
					<description>(3,2) key button</description>
					<posx>189</posx>
					<onleft>161</onleft>
					<onright>163</onright>
					<onup>143</onup>
					<ondown>32</ondown>
					<include>dialog_Button-keyboard</include>
				</control>
				<control type="button" id="163">
					<description>(3,3) key button</description>
					<posx>244</posx>
					<onleft>162</onleft>
					<onright>164</onright>
					<onup>144</onup>
					<ondown>32</ondown>
					<include>dialog_Button-keyboard</include>
				</control>
				<control type="button" id="164">
					<description>(3,4) key button</description>
					<posx>299</posx>
					<onleft>163</onleft>
					<onright>165</onright>
					<onup>145</onup>
					<ondown>32</ondown>
					<include>dialog_Button-keyboard</include>
				</control>
				<control type="button" id="165">
					<description>(3,5) key button</description>
					<posx>354</posx>
					<onleft>164</onleft>
					<onright>166</onright>
					<onup>146</onup>
					<ondown>32</ondown>
					<include>dialog_Button-keyboard</include>
				</control>
				<control type="button" id="166">
					<description>(3,6) button</description>
					<posx>409</posx>
					<onleft>165</onleft>
					<onright>304</onright>
					<onup>147</onup>
					<ondown>309</ondown>
					<include>dialog_Button-keyboard</include>
				</control>
				<control type="radiobutton" id="304">
					<description>SYMBOLS button</description>
					<posx>464</posx>
					<label>?!#</label>
					<onleft>166</onleft>
					<onright>303</onright>
					<onup>148</onup>
					<ondown>309</ondown>
					<alttexturenofocus border="3,14,27,3">button-nofocus-toggle-on.png</alttexturenofocus>
					<alttexturefocus border="3,14,27,3">button-focus-toggle-on.png</alttexturefocus>
					<include>dialog_Button-keyboard</include>
				</control>
				<control type="radiobutton" id="303">
					<description>CAPS button</description>
					<posx>519</posx>
					<width>79</width>
					<label>CAPS</label>
					<onleft>304</onleft>
					<onright>302</onright>
					<onup>300</onup>
					<ondown>309</ondown>
					<alttexturenofocus border="11">dialogs/keyboard_On.png</alttexturenofocus>
					<alttexturefocus border="11">dialogs/keyboard_On-focus.png</alttexturefocus>
					<include>dialog_Button-keyboard</include>
				</control>
			</control>
			<control type="group">
				<posx>34</posx>
				<posy>350</posy>
				<visible>!Skin.HasSetting(keyboard.enable)</visible>
				<control type="button" id="305">
					<description>previous button</description>
					<width>34</width>
					<label>&lt;</label>
					<onleft>309</onleft>
					<onright>306</onright>
					<onup>302</onup>
					<ondown>100</ondown>
					<texturefocus border="14">dialogs/keyboard-focus.png</texturefocus>
					<include>dialog_Button-keyboard</include>
				</control>
				<control type="button" id="306">
					<description>next button</description>
					<posx>38</posx>
					<width>34</width>
					<label>&gt;</label>
					<onleft>305</onleft>
					<onright>32</onright>
					<onup>302</onup>
					<ondown>101</ondown>
					<texturefocus border="14">dialogs/keyboard-focus.png</texturefocus>
					<include>dialog_Button-keyboard</include>
				</control>
				<control type="button" id="32">
					<description>SPACE button</description>
					<posx>79</posx>
					<width>323</width>
					<label>20182</label>
					<onleft>306</onleft>
					<onright>309</onright>
					<onup>162</onup>
					<ondown>104</ondown>
					<include>dialog_Button-keyboard</include>
				</control>
				<control type="button" id="309">
					<description>Layout button</description>
					<posx>409</posx>
					<width>189</width>
					<onleft>32</onleft>
					<onright>305</onright>
					<onup>303</onup>
					<ondown>105</ondown>
					<include>dialog_Button-keyboard</include>
				</control>
			</control>
		</control>
	</controls>
</window>