<?xml version="1.0" encoding="UTF-8"?>
<window id="0">
	<defaultcontrol always="true">9000</defaultcontrol>
	<allowoverlay>no</allowoverlay>
	<!-- <onload>Dialog.Close(all,true)</onload> -->
	<onload>Dialog.Close(movieinformation,true)</onload>

	<controls>

	<!-- global background --->
		<control type="largeimage">
			<include>screen_Dimensions</include>
			<texture background="true">backgrounds/background.png</texture>
			<aspectratio>scale</aspectratio>
			<visible>Skin.HasSetting(wallpaper.original) + ![Player.HasVideo + Skin.HasSetting(backgroundvideo)] + ![Control.HasFocus(8001) | Control.HasFocus(8000) | Control.HasFocus(8002) | Control.HasFocus(8005) | [Control.HasFocus(8006) | Control.HasFocus(8007)] | [Control.HasFocus(8008) | Control.HasFocus(8009)]]</visible>
		</control>
	<!-- background video --->
		<control type="image">
			<include>screen_Dimensions</include>
			<texture>black.png</texture>
			<aspectratio>stretch</aspectratio>
			<visible>[Skin.HasSetting(backgroundvideo) + !Window.IsActive(videoplaylist) + Player.HasVideo] | [Container(9000).HasFocus(22) + Player.HasVideo]</visible>
		</control>
		<control type="videowindow">
			<include>screen_Dimensions</include>
			<visible>[Skin.HasSetting(backgroundvideo) + !Window.IsActive(videoplaylist) + Player.HasVideo] | [Container(9000).HasFocus(22) + Player.HasVideo]</visible>
		</control>
		<!-- now playing widget -->
			<control type ="group">
				<!-- <visible>[Player.HasVideo + Skin.HasSetting(home.widgets.nowplaying) + Skin.HasSetting(backgroundvideo)] | [!Skin.HasSetting(homemenu.playing) + Player.HasVideo + !Skin.HasSetting(backgroundvideo) + Container(9000).HasFocus(22)]</visible> -->
				<visible>Player.HasVideo + Skin.HasSetting(backgroundvideo)</visible>
				<control type="image">
					<posx>970</posx>
					<posy>525</posy>
					<width>290</width>
					<height>170</height>
					<texture>$INFO[Player.Art(tvshow.clearart)]</texture>
					<aspectratio>keep</aspectratio>
					<include>transition_OSD</include>
					<visible>VideoPlayer.Content(Episodes) + Skin.HasSetting(home.widgets.nowplaying.clearart)</visible>
				</control>
				<control type="image">
					<posx>970</posx>
					<posy>575</posy>
					<width>290</width>
					<height>170</height>
					<texture>$INFO[Player.Art(tvshow.clearlogo)]</texture>
					<aspectratio>keep</aspectratio>
					<include>transition_OSD</include>
					<visible>VideoPlayer.Content(Episodes) + Skin.HasSetting(home.widgets.nowplaying.clearlogo)</visible>
				</control>
				<control type ="image">
					<posx>1051</posx>
					<posy>388</posy>
					<width>215</width>
					<height>300</height>
					<texture  fallback="empty" background="true" diffuse="frames/frame_Square-small-mask.png">$INFO[VideoPlayer.Cover]</texture>
					<aspectratio align="center">keep</aspectratio>
					<include>transition_OSD</include>
					<visible>VideoPlayer.Content(movies) + ![Skin.HasSetting(home.widgets.nowplaying.clearart) | Skin.HasSetting(home.widgets.nowplaying.clearlogo)]</visible>
				</control>
				<control type ="image">
					<posx>1062</posx>
					<posy>388</posy>
					<width>215</width>
					<height>300</height>
					<texture  fallback="empty" background="true" diffuse="frames/frame_Square-small-mask.png">$INFO[Player.Art(tvshow.poster)]</texture>
					<aspectratio align="center">keep</aspectratio>
					<visible>Skin.HasSetting(home.widgets.nowplaying.poster) + VideoPlayer.Content(Episodes)</visible>
					<include>transition_OSD</include>
				</control>
			</control>

		<!-- MULTI BG fanart --->
		<control type="multiimage">
			<include>screen_Dimensions</include>
			<imagepath background="true">$INFO[Container(9000).ListItem.Icon]</imagepath>
			<aspectratio>scale</aspectratio>
			<include>fadeinout</include>
			<timeperimage>10000</timeperimage>
			<fadetime>200</fadetime>
			<randomize>true</randomize>
			<loop>yes</loop>
			<visible allowhiddenfocus="true">!Skin.HasSetting(wallpaper.original) + ![Player.HasVideo + Skin.HasSetting(backgroundvideo)]</visible>
		</control>

		<!-- videos fanart --->
		<control type="image">
			<include>screen_Dimensions</include>
			<texture background="true" fallback="special://skin/backgrounds/movies.jpg">$INFO[Container(8000).ListItem.Property(Fanart)]</texture>
			<fadetime>600</fadetime>
			<visible>Control.HasFocus(8000) + !Skin.HasSetting(home.widgets.nofanart)</visible>
		</control>
		<control type="image">
			<include>screen_Dimensions</include>
			<texture background="true" fallback="special://skin/backgrounds/movies.jpg">$INFO[Container(80081).ListItem.Property(Fanart)]</texture>
			<fadetime>600</fadetime>
			<visible>Control.HasFocus(80081) + !Skin.HasSetting(home.widgets.nofanart)</visible>
		</control>
		<control type="image">
			<include>screen_Dimensions</include>
			<texture background="true" fallback="special://skin/backgrounds/movies.jpg">$INFO[Container(80091).ListItem.Property(Fanart)]</texture>
			<fadetime>600</fadetime>
			<visible>Control.HasFocus(80091) + !Skin.HasSetting(home.widgets.nofanart)</visible>
		</control>
		<!-- movies fanart --->
		<control type="image">
			<include>screen_Dimensions</include>
			<texture background="true" fallback="special://skin/backgrounds/movies.jpg">$INFO[Container(8000).ListItem.Property(Fanart)]</texture>
			<fadetime>600</fadetime>
			<visible>Control.HasFocus(8000) + !Skin.HasSetting(home.widgets.nofanart)</visible>
		</control>
		<control type="image">
			<include>screen_Dimensions</include>
			<texture background="true" fallback="special://skin/backgrounds/movies.jpg">$INFO[Container(8006).ListItem.Property(Fanart)]</texture>
			<fadetime>600</fadetime>
			<visible>Control.HasFocus(8006) + !Skin.HasSetting(home.widgets.nofanart)</visible>
		</control>
		<control type="image">
			<include>screen_Dimensions</include>
			<texture background="true" fallback="special://skin/backgrounds/movies.jpg">$INFO[Container(8007).ListItem.Property(Fanart)]</texture>
			<fadetime>600</fadetime>
			<visible>Control.HasFocus(8007) + !Skin.HasSetting(home.widgets.nofanart)</visible>
		</control>
		<!-- tvshows fanart --->
		<control type="image">
			<include>screen_Dimensions</include>
			<texture background="true" fallback="special://skin/backgrounds/tvshows.jpg">$INFO[Container(8001).ListItem.Property(Fanart)]</texture>
			<fadetime>600</fadetime>
			<visible>Control.HasFocus(8001) + !Skin.HasSetting(home.widgets.nofanart)</visible>
		</control>
		<control type="image">
			<include>screen_Dimensions</include>
			<texture background="true" fallback="special://skin/backgrounds/tvshows.jpg">$INFO[Container(8008).ListItem.Property(Fanart)]</texture>
			<fadetime>600</fadetime>
			<visible>Control.HasFocus(8008) + !Skin.HasSetting(home.widgets.nofanart)</visible>
		</control>
		<control type="image">
			<include>screen_Dimensions</include>
			<texture background="true" fallback="special://skin/backgrounds/tvshows.jpg">$INFO[Container(8009).ListItem.Property(Fanart)]</texture>
			<fadetime>600</fadetime>
			<visible>Control.HasFocus(8009) + !Skin.HasSetting(home.widgets.nofanart)</visible>
		</control>
		<!-- pvr fanart --->

		<!-- music fanart --->
		<control type="image">
			<include>screen_Dimensions</include>
			<texture background="true" fallback="special://skin/backgrounds/music.jpg">$INFO[Container(8002).ListItem.Property(Fanart)]</texture>
			<fadetime>600</fadetime>
			<visible>Control.HasFocus(8002) + !Skin.HasSetting(home.widgets.nofanart)</visible>
		</control>
		<!-- pictures fanart --->

		<!-- addons fanart --->
		<control type="image">
			<include>screen_Dimensions</include>
			<texture background="true" fallback="special://skin/backgrounds/addons.jpg">$INFO[Container(8005).ListItem.Property(Fanart)]</texture>
			<fadetime>600</fadetime>
			<visible>Control.HasFocus(8005) + !Skin.HasSetting(home.widgets.nofanart)</visible>
		</control>

	<!--menu shade-->
		<control type="image">
			<include>screen_Dimensions</include>
			<texture>home/menuBackground.png</texture>
			<aspectratio align="left">stretch</aspectratio>
			<include>fadeinout</include>
			<visible>!Skin.HasSetting(home.menushade) + [[Skin.HasSetting(wallpaper.original) + ![Player.HasVideo + Skin.HasSetting(backgroundvideo)]] | ![Control.HasFocus(8001) | Control.HasFocus(8000) | Control.HasFocus(8002) | Control.HasFocus(8005) | [Control.HasFocus(8006) | Control.HasFocus(8007)] | [Control.HasFocus(8008) | Control.HasFocus(8009)]]]</visible>
		</control>
		<control type="image">
			<include>screen_Dimensions</include>
			<texture>home/menuBackground.png</texture>
			<aspectratio align="left">stretch</aspectratio>
			<include>fadeinout</include>
			<visible>Skin.HasSetting(home.menushade) + Player.HasVideo + Skin.HasSetting(backgroundvideo)</visible>
		</control>
	<include>HomeWidgets</include>
	<!--toast overlay-->
		<control type="image" id="1">
			<include>screen_Dimensions</include>
			<texture border="16">overlays/vignette.png</texture>
			<include>transition_Toast</include>
			<visible>Window.IsActive(extendedprogressdialog) | Window.IsActive(infodialog)</visible>
		</control>
	<!--time-->
		<control type="group">
			<include>home_Clock</include>
			<include>fadeinout</include>
			<include>toggle_ToastMute</include>
			<visible>!Skin.HasSetting(home.timesmall) + Skin.HasSetting(home.time) + ![Window.IsActive(extendedprogressdialog) | Window.IsActive(infodialog)]</visible>
		</control>
		<control type="group">
			<include>home_Clock_Small</include>
			<include>fadeinout</include>
			<include>toggle_ToastMute</include>
			<visible>Skin.HasSetting(home.timesmall) + Skin.HasSetting(home.time) + ![Window.IsActive(extendedprogressdialog) | Window.IsActive(infodialog)]</visible>
		</control>
	<!--menu-->
		<include>HomeMenu</include>
		<control type="group" id="6100">
			<posx>20</posx>
			<posy>20</posy>
			<include>transition_Indicator</include>
			<control type="image">
				<width>48</width>
				<height>48</height>
				<texture>navigation/left.png</texture>
				<colordiffuse>Color1</colordiffuse>

				<visible>Skin.HasSetting(indicator.enable) + [Control.HasFocus(1110) | Control.HasFocus(1120) | Control.HasFocus(1130) | Control.HasFocus(1140) | Control.HasFocus(1150) | Control.HasFocus(1160) | Control.HasFocus(1170) | Control.HasFocus(1180) | Control.HasFocus(1200) | Control.HasFocus(1210)]</visible>
			</control>
		</control>
	<!--stats-->
		<control type="group">
			<posy>684</posy>
			<visible>Skin.HasSetting(home.stats)</visible>
			<animation effect="slide" start="0,100" end="0,0" time="250" tween="Quadratic" easing="Out">WindowOpen</animation>
			<animation effect="slide" start="0,0" end="0,100" time="250" tween="Quadratic" easing="Out">WindowClose</animation>
			<control type="image">
				<width>1281</width>
				<height>52</height>
				<texture border="0">home/homeRSS.png</texture>
			</control>
			<control type="fadelabel">
				<posy>10</posy>
				<label>[COLOR=Color1]$INFO[Window.Property(Movies.Count)] $LOCALIZE[20342][/COLOR]  $INFO[Window.Property(Movies.UnWatched)] $LOCALIZE[16101] • [COLOR=Color1]$INFO[Window.Property(Episodes.Count)] $LOCALIZE[20360][/COLOR]  $INFO[Window.Property(Episodes.UnWatched)] $LOCALIZE[16101] • [COLOR=Color1]$INFO[Window.Property(Music.ArtistsCount)] $LOCALIZE[133][/COLOR] $INFO[Window.Property(Music.AlbumsCount)] $LOCALIZE[132] $INFO[Window.Property(Music.SongsCount)] $LOCALIZE[134]</label>
				<include>home_statuslabel</include>
				<visible>!Container(9000).HasFocus(17) + ![Library.HasContent(movies) + [Container(9000).HasFocus(3) | Container(9000).HasFocus(4)] | Library.HasContent(tvshows) + [Container(9000).HasFocus(5) | Container(9000).HasFocus(6)] | Library.HasContent(music) + [Container(9000).HasFocus(9) | Container(9000).HasFocus(10) | Container(9000).HasFocus(21) | Container(9000).HasFocus(22)]] + ![[Container(9000).HasFocus(7) | Container(9000).HasFocus(8)] + !IsEmpty(PVR.NextRecordingDateTime)]</visible>
			</control>
			<control type="label">
				<label>$LOCALIZE[31095]: [COLOR=Color1]$INFO[Window.Property(LatestMovie.1.Title),, • ]$INFO[Window.Property(LatestMovie.2.Title),, • ]$INFO[Window.Property(LatestMovie.3.Title),, • ]$INFO[Window.Property(LatestMovie.4.Title),, • ]$INFO[Window.Property(LatestMovie.5.Title)][/COLOR]</label>
				<include>home_statuslabel</include>
				<visible>Library.HasContent(movies) + [Container(9000).HasFocus(3) | Container(9000).HasFocus(4)]</visible>
			</control>
			<control type="label">
				<label>$LOCALIZE[31094]: [COLOR=Color1]$INFO[Window.Property(LatestEpisode.1.ShowTitle),,: ]$INFO[Window.Property(LatestEpisode.1.EpisodeTitle),, • ]$INFO[Window.Property(LatestEpisode.2.ShowTitle),,: ]$INFO[Window.Property(LatestEpisode.2.EpisodeTitle),, • ]$INFO[Window.Property(LatestEpisode.3.ShowTitle),,: ]$INFO[Window.Property(LatestEpisode.3.EpisodeTitle)][/COLOR]</label>
				<include>home_statuslabel</include>
				<visible>Library.HasContent(tvshows) + [Container(9000).HasFocus(5) | Container(9000).HasFocus(6)]</visible>
			</control>
			<control type="label">
				<label>$LOCALIZE[19157]: [COLOR=Color1]$INFO[PVR.NextRecordingTitle], $INFO[PVR.NextRecordingDateTime] - $INFO[PVR.NextRecordingChannel][/COLOR]</label>
				<include>home_statuslabel</include>
				<visible>[Container(9000).HasFocus(7) | Container(9000).HasFocus(8)] + !IsEmpty(PVR.NextRecordingDateTime)</visible>
			</control>
			<control type="label">
				<label>$LOCALIZE[31096]: [COLOR=Color1]$INFO[Window.Property(LatestAlbum.1.Title),, • ]$INFO[Window.Property(LatestAlbum.2.Title),, • ]$INFO[Window.Property(LatestAlbum.3.Title),, • ]$INFO[Window.Property(LatestAlbum.4.Title),, • ]$INFO[Window.Property(LatestAlbum.5.Title)][/COLOR]</label>
				<include>home_statuslabel</include>
				<visible>Library.HasContent(music) + [Container(9000).HasFocus(9) | Container(9000).HasFocus(10)]</visible>
			</control>
			<control type="label">
				<label>$LOCALIZE[31965]: [COLOR=Color1]$INFO[Weather.Conditions], $INFO[Weather.Temperature][/COLOR] \95 $LOCALIZE[402]: [COLOR=Color1]$INFO[Window(Weather).Property(Current.FeelsLike)]$INFO[System.TemperatureUnits][/COLOR] \95 $LOCALIZE[406]: [COLOR=Color1]$INFO[Window(Weather).Property(Current.Humidity)][/COLOR] \95 $LOCALIZE[404]: [COLOR=Color1]$INFO[Window(Weather).Property(Current.Wind)][/COLOR]</label>
				<include>home_statuslabel</include>
				<visible>Container(9000).HasFocus(17)</visible>
			</control>
			<control type="label">
				<label>[COLOR=Color1]$INFO[MusicPlayer.Title]$INFO[MusicPlayer.Artist,[COLOR=Color2] $LOCALIZE[31106][/COLOR] ][/COLOR]</label>
				<include>home_statuslabel</include>
				<visible>Container(9000).HasFocus(21)</visible>
			</control>
			<control type="label">
				<label>[COLOR=Color1]$INFO[VideoPlayer.Title][/COLOR]$INFO[VideoPlayer.Genre, • ]</label>
				<include>home_statuslabel</include>
				<visible>Container(9000).HasFocus(22) + VideoPlayer.Content(movies)</visible>
			</control>
			<control type="label">
				<label>[COLOR=Color1]$INFO[VideoPlayer.TVShowTitle,,: ][/COLOR]$INFO[VideoPlayer.Title]$INFO[VideoPlayer.Season, • $LOCALIZE[20373] , - ]$INFO[VideoPlayer.Episode,$LOCALIZE[20359] ]</label>
				<include>home_statuslabel</include>
				<visible>Container(9000).HasFocus(22) + VideoPlayer.Content(episodes)</visible>
			</control>
			<control type="label">
				<label>[COLOR=Color1]$INFO[VideoPlayer.Title][/COLOR] $LOCALIZE[31106] [COLOR=Color1]$INFO[VideoPlayer.Artist][/COLOR]</label>
				<include>home_statuslabel</include>
				<visible>Container(9000).HasFocus(22) + VideoPlayer.Content(musicvideos)</visible>
			</control>
			<control type="label">
				<label>[COLOR=Color1]$INFO[VideoPlayer.Title][/COLOR]</label>
				<include>home_statuslabel</include>
				<visible>Container(9000).HasFocus(22) + VideoPlayer.Content(files)</visible>
			</control>
		</control>
	</controls>
</window>
