﻿<?xml version="1.0" encoding="UTF-8"?>
<window id="501">
	<defaultcontrol always="true">50</defaultcontrol>
	<previouswindow>Home</previouswindow>
	<allowoverlay>yes</allowoverlay>
	<controls>
		<include>global_Background</include>
		<include>windowTitle_Music</include>
		<include>view_List</include>
		<include>PageControls</include>
		<include>global_Includes</include>
		<include>nav_Indicator</include>
		<include>menu_Files</include>
		<include>info_MusicList</include>
	</controls>
</window>