﻿<?xml version="1.0" encoding="UTF-8"?>
<window type="dialog" id="114">
	<defaultcontrol>3</defaultcontrol>
	<visible>Player.HasMedia + Window.IsActive(PlayerControls) + !Window.IsActive(FullscreenVideo) + !Window.IsActive(Visualisation)</visible>
	<controls>
		<control type="group">
			<include>open_PlayerControls</include>
			<include condition="Player.HasAudio">controls_Music</include>
			<include condition="Player.HasVideo">controls_Video</include>
		</control>
	</controls>
</window>
