﻿<?xml version="1.0" encoding="UTF-8"?>
<window id="129">
	<defaultcontrol>13</defaultcontrol>
	<include>dialogOpen</include>
	<coordinates>
		<system>1</system>
		<posx>315</posx>
		<posy>163</posy>
	</coordinates>
	<controls>
		<control type="image" id="1">
			<include>dialogWindow</include>
			<width>650</width>
			<height>395</height>
		</control>
		<control type="label" id="2">
			<posx>34</posx>
			<width>582</width>
			<include>dialog_Windowtitle</include>
		</control>
		<control type="label" id="3">
			<posy>65</posy>
			<width>582</width>
			<label>$LOCALIZE[1021]</label>
			<include>dialog_Line</include>
		</control>
		<!---container--->
		<control type="group">
			<posx>19</posx>
			<posy>100</posy>
			<control type="image">
				<width>612</width>
				<include>dialog_Separator</include>
			</control>
			<control type="image">
				<posy>40</posy>
				<width>612</width>
				<include>dialog_Separator</include>
			</control>
			<control type="image">
				<posy>80</posy>
				<width>612</width>
				<include>dialog_Separator</include>
			</control>
			<control type="image">
				<posy>120</posy>
				<width>612</width>
				<include>dialog_Separator</include>
			</control>
			<control type="image">
				<posy>160</posy>
				<width>612</width>
				<include>dialog_Separator</include>
			</control>
			<control type="image">
				<posy>200</posy>
				<width>612</width>
				<include>dialog_Separator</include>
			</control>
			<control type="list" id="10">
				<width>533</width>
				<height>200</height>
				<onup>9001</onup>
				<onleft>-</onleft>
				<onright>6001</onright>
				<ondown>9001</ondown>
				<scrolltime>200</scrolltime>
				<itemlayout height="40">
					<control type="label">
						<width>533</width>
						<info>ListItem.Label</info>
						<include>dialog_CommonListItem</include>
					</control>
				</itemlayout>
				<focusedlayout height="40">
					<control type="image">
						<width>533</width>
						<include>dialog_CommonListFocus</include>
						<visible>Control.HasFocus(10)</visible>
					</control>
					<control type="label">
						<width>533</width>
						<info>ListItem.Label</info>
						<include>dialog_CommonListItem</include>
						<visible>!Control.HasFocus(10)</visible>
					</control>
					<control type="label">
						<width>533</width>
						<info>ListItem.Label</info>
						<include>dialog_CommonListItemFocus</include>
						<visible>Control.HasFocus(10)</visible>
					</control>
				</focusedlayout>
			</control>
			<!---browse controls--->
			<control type="group" id="6001">
				<posx>533</posx>
				<animation effect="slide" end="0,40" time="0" condition="Container(10).Row(1)">Conditional</animation>
				<animation effect="slide" end="0,80" time="0" condition="Container(10).Row(2)">Conditional</animation>
				<animation effect="slide" end="0,120" time="0" condition="Container(10).Row(3)">Conditional</animation>
				<animation effect="slide" end="0,160" time="0" condition="Container(10).Row(4)">Conditional</animation>
				<animation effect="slide" end="0,200" time="0" condition="Container(10).Row(5)">Conditional</animation>
				<control type="image">
					<posy>1</posy>
					<height>39</height>
					<include>dialog_Separator-y</include>
				</control>
				<control type="image">
					<posx>40</posx>
					<posy>1</posy>
					<height>39</height>
					<include>dialog_Separator-y</include>
				</control>
				<control type="button" id="14">
					<description>remove button</description>
					<label>-</label>
					<onup>10</onup>
					<onleft>10</onleft>
					<onright>13</onright>
					<ondown>10</ondown>
					<texturenofocus border="0">dialogs/button_Inline-remove.png</texturenofocus>
					<texturefocus border="0">dialogs/button_Inline-remove-focus.png</texturefocus>
					<include>dialog_Button-inline</include>
				</control>
				<control type="button" id="13">
					<description>add button</description>
					<posx>40</posx>
					<label>-</label>
					<onup>10</onup>
					<onleft>14</onleft>
					<onright>-</onright>
					<ondown>10</ondown>
					<texturenofocus border="0">dialogs/button_Inline-add.png</texturenofocus>
					<texturefocus border="0">dialogs/button_Inline-add-focus.png</texturefocus>
					<include>dialog_Button-inline</include>
				</control>
			</control>
		</control>
		<!---window buttons--->
		<control type="group" id="9001">
			<posx>34</posx>
			<posy>320</posy>
			<control type="button" id="11">
				<description>change set Button</description>
				<label>1024</label>
				<onup>10</onup>
				<onleft>19</onleft>
				<onright>18</onright>
				<ondown>10</ondown>
				<width>140</width>
				<include>dialog_Button</include>
			</control>
			<control type="button" id="18">
				<description>Ok button</description>
				<posx>334</posx>
				<label>186</label>
				<onleft>11</onleft>
				<onright>19</onright>
				<onup>10</onup>
				<ondown>10</ondown>
				<include>dialog_Button</include>
			</control>
			<control type="button" id="19">
				<description>Cancel button</description>
				<posx>464</posx>
				<label>222</label>
				<onleft>18</onleft>
				<onright>11</onright>
				<onup>10</onup>
				<ondown>10</ondown>
				<include>dialog_Button</include>
			</control>
		</control>
	</controls>
</window>