﻿<?xml version="1.0" encoding="UTF-8"?>
<window id="2005">
	<defaultcontrol>-</defaultcontrol>
	<controls>
		<!--regular stream info-->
		<control type="group" id="0">
			<posx>5</posx>
			<posy>5</posy>
			<control type="image" id="1">
				<width>1270</width>
				<height>142</height>
				<texture border="4">views/column_Single.png</texture>
				<colordiffuse>Color5</colordiffuse>
			</control>
			<control type="group" id="1">
				<posx>10</posx>
				<!--line 1-->
				<control type="label" id="10">
					<posy>0</posy>
					<width>1260</width>
					<height>40</height>
					<!-- <label>-</label> -->
					<textcolor>Color1</textcolor>
					<font>smallerCaps</font>
				</control>
				<!--line 2-->
				<control type="label" id="11">
					<posy>40</posy>
					<width>1260</width>
					<height>40</height>
					<!-- <label>-</label> -->
					<textcolor>Color1</textcolor>
					<font>smallerCaps</font>
				</control>
				<!--line 3-->
				<control type="label" id="12">
					<posy>70</posy>
					<width>1260</width>
					<height>60</height>
					<!-- <label>-</label> -->
					<textcolor>Color1</textcolor>
					<font>smallerCaps</font>
				</control>
			</control>
		</control>
		<!--pvr stream info-->
		<control type="group" id="1">
			<posx>5</posx>
			<posy>128</posy>
			<visible>Player.ShowCodec + VideoPlayer.Content(LiveTV) + System.GetBool(pvrplayback.signalquality)</visible>
			<control type="image" id="1">
				<width>1270</width>
				<height>226</height>
				<texture border="16">black.png</texture>
			</control>
			<control type="group">
				<posx>10</posx>
				<!--header-->
				<control type="label" id="1">
					<posy>5</posy>
					<width>1260</width>
					<label>[B]$LOCALIZE[19005][/B]</label>
					<textcolor>Color2</textcolor>
					<font>smallerCaps</font>
				</control>
				<!--backend-->
				<control type="label" id="1">
					<posy>31</posy>
					<width>1260</width>
					<label>[B]$LOCALIZE[19012]:[/B] $INFO[PVR.ActStreamClient]</label>
					<font>smallerCaps</font>
					<textcolor>Color1</textcolor>
				</control>
				<!--device-->
				<control type="label" id="1">
					<posy>58</posy>
					<width>1260</width>
					<label>[B]$LOCALIZE[19006]:[/B] $INFO[PVR.ActStreamDevice]</label>
					<textcolor>Color1</textcolor>
					<font>smallerCaps</font>
				</control>
				<!--signal-->
				<control type="label" id="1">
					<posy>85</posy>
					<width>1260</width>
					<label>[B]$LOCALIZE[19008]:[/B] $INFO[PVR.ActStreamStatus]</label>
					<textcolor>Color1</textcolor>
					<font>smallerCaps</font>
				</control>
				<!--signal progressbar-->
				<control type="progress" id="1">
					<posx>220</posx>
					<posy>85</posy>
					<width>910</width>
					<height>14</height>
					<info>PVR.ActStreamProgrSignal</info>
				</control>
				<!--SNR-->
				<control type="label" id="1">
					<posy>112</posy>
					<width>1260</width>
					<label>[B]$LOCALIZE[19009]:[/B] $INFO[PVR.ActStreamSNR]</label>
					<textcolor>Color1</textcolor>
					<font>smallerCaps</font>
				</control>
				<!--SNR progressbar-->
				<control type="progress" id="1">
					<posx>220</posx>
					<posy>112</posy>
					<width>910</width>
					<height>14</height>
					<overlaytexture>-</overlaytexture>
					<info>PVR.ActStreamProgrSNR</info>
				</control>
				<!--BER-->
				<control type="label" id="1">
					<posy>139</posy>
					<width>1260</width>
					<label>[B]$LOCALIZE[19010]:[/B] $INFO[PVR.ActStreamBER]</label>
					<textcolor>Color1</textcolor>
					<font>smallerCaps</font>
				</control>
				<!--UNC-->
				<control type="label" id="1">
					<posy>166</posy>
					<width>1260</width>
					<label>[B]$LOCALIZE[19011]:[/B] $INFO[PVR.ActStreamUNC]</label>
					<textcolor>Color1</textcolor>
					<font>smallerCaps</font>
				</control>
				<!--encryption-->
				<control type="label" id="1">
					<posy>193</posy>
					<width>1260</width>
					<label>[B]$LOCALIZE[19015]:[/B] $INFO[PVR.ActStreamEncryptionName]</label>
					<textcolor>Color1</textcolor>
					<font>smallerCaps</font>
				</control>
			</control>
		</control>
	</controls>
</window>
