﻿<?xml version="1.0" encoding="UTF-8"?>
<includes>
	<include name="view_List">
		<control type="list" id="50">
			<viewtype label="535">list</viewtype>
			<posy>90</posy>
			<width>640</width>
			<height>612</height>
			<onup>50</onup>
			<ondown>50</ondown>
			<onleft>6000</onleft>
			<onright>70</onright>
			<pagecontrol>70</pagecontrol>
			<scrolltime tween="Cubic" easing="Out">200</scrolltime>
			<preloaditems>2</preloaditems>
			<orientation>vertical</orientation>
			<include>transition_Container</include>
			<include>infoDialogHide</include>
			<include>toggle_Menu</include>
			<include condition="Window.IsVisible(videolibrary)">List_Video</include>
			<include condition="Window.IsVisible(musiclibrary) | Window.IsActive(501)">List_Music</include>
			<include condition="Window.IsVisible(videoplaylist)">List_VideoPlaylist</include>
			<include condition="Window.IsVisible(musicplaylist)">List_MusicPlaylist</include>
			<include condition="Window.IsVisible(pictures) | Window.IsVisible(programs) | Window.IsVisible(addonbrowser)">List_Files</include>
		</control>
	</include>

	<include name="List_Video">
		<itemlayout condition="IsEmpty(Container.FolderPath) | StringCompare(Container.FolderPath,sources://video/) | [Container.Content(seasons) + SubString(Container.FolderPath,plugin://)] | SubString(Container.Folderpath,library://video/movies/) | SubString(Container.Folderpath,library://video/tvshows/) | SubString(Container.Folderpath,library://video/musicvideos/)" width="625" height="40">
			<control type="label">
				<posx>40</posx>
				<width>500</width>
				<label>$INFO[ListItem.Label]</label>
				<include>list_Label-single</include>
			</control>
			<control type="image">
				<posx>588</posx>
				<posy>14</posy>
				<width>18</width>
				<height>18</height>
				<texture>$INFO[ListItem.Overlay]</texture>
				<visible>Window.IsVisible(Videos) + SubString(Container.Folderpath,sources) + !SubString(Container.FolderPath,plugin://)</visible>
			</control>
		</itemlayout>
			<focusedlayout condition="IsEmpty(Container.FolderPath) | StringCompare(Container.FolderPath,sources://video/) | [Container.Content(seasons) + SubString(Container.FolderPath,plugin://)] | SubString(Container.Folderpath,library://video/movies/) | SubString(Container.Folderpath,library://video/tvshows/) | SubString(Container.Folderpath,library://video/musicvideos/)" width="625" height="40">
			<control type="image">
				<posy>-28</posy>
				<width>650</width>
				<height>100</height>
				<texture border="0,30,0,30">views/list-focus.png</texture>
				<include>focus_ListScrollAlt</include>
				<visible>!ControlGroup(6000).HasFocus</visible>
			</control>
			<control type="label">
				<posx>40</posx>
				<width>500</width>
				<label>$INFO[ListItem.Label]</label>
				<textcolor>Focused</textcolor>
				<include>list_Label-single</include>
			</control>
			<control type="image">
				<posx>588</posx>
				<posy>14</posy>
				<width>18</width>
				<height>18</height>
				<texture>$INFO[ListItem.Overlay]</texture>
				<visible>Window.IsVisible(Videos) + SubString(Container.Folderpath,sources) + !SubString(Container.FolderPath,plugin://)</visible>
			</control>
		</focusedlayout>

		<itemlayout condition="[[Container.Content(movies) | Container.Content(tvshows) | [Container.Content(seasons) + !SubString(Container.FolderPath,plugin://)] | Container.Content(episodes) | Container.Content(musicvideos)]] | Container.Content(addons) | [Container.Content(files) + !SubString(Container.FolderPath,plugin://)] | SubString(Container.FolderName,$LOCALIZE[575])" width="625" height="67">
			<control type="label">
				<posx>40</posx>
				<posy>8</posy>
				<width>490</width>
				<height>27</height>
				<label>$VAR[global_Title]</label>
				<include>list_Label</include>
				<visible>!Container.Content(files)</visible>
			</control>
			<control type="label">
				<posx>40</posx>
				<width>550</width>
				<label>$INFO[ListItem.Label]</label>
				<include>list_Label</include>
				<visible>Container.Content(files)</visible>
			</control>
			<control type="label">
				<posx>40</posx>
				<posy>30</posy>
				<width>492</width>
				<label>$VAR[global_Info]</label>
				<include>list_Label-sub</include>
			</control>
			<control type="image">
				<posx>541</posx>
				<posy>35</posy>
				<width>32</width>
				<height>32</height>
				<texture>flags/video/HD/nf-HD.png</texture>
				<animation effect="fade" end="30" time="0" condition="true">Conditional</animation>
				<aspectratio align="right">keep</aspectratio>
				<visible>IntegerGreaterThan(ListItem.VideoResolution,540)</visible>
			</control>
			<control type="image">
				<posx>590</posx>
				<posy>37</posy>
				<animation effect="fade" end="30" time="0" condition="true">Conditional</animation>
				<include condition="!Skin.HasSetting(watched.original)">overlay_UnWatched</include>
				<include condition="Skin.HasSetting(watched.original)">overlay_Resumable</include>
			</control>
			<control type="group">
			<visible>!IsEmpty(ListItem.Rating)</visible>
			<animation effect="fade" end="30" time="0" condition="true">Conditional</animation>
				<control type="image">
					<posx>541</posx>
					<posy>12</posy>
					<width>26</width>
					<height>26</height>
					<texture>rating/star_rating.png</texture>
					<aspectratio align="center">keep</aspectratio>
				</control>
				<control type="label">
					<posx>571</posx>
					<posy>14</posy>
					<width>58</width>
					<height>22</height>
					<font>ratingsmall</font>
					<textcolor>Color3</textcolor>
					<label>$INFO[ListItem.Rating]</label>
				</control>
			</control>
		</itemlayout>
		<focusedlayout condition="[[Container.Content(movies) | Container.Content(tvshows) | [Container.Content(seasons) + !SubString(Container.FolderPath,plugin://)] | Container.Content(episodes) | Container.Content(musicvideos)]] | Container.Content(addons) | [Container.Content(files) + !SubString(Container.FolderPath,plugin://)] | SubString(Container.FolderName,$LOCALIZE[575])" width="625" height="67">
			<control type="image">
				<posy>-26</posy>
				<width>650</width>
				<height>124</height>
				<texture border="0,30,0,30">views/list-focus.png</texture>
				<include>focus_ListScroll</include>
				<visible>!ControlGroup(6000).HasFocus</visible>
			</control>
			<control type="label">
				<posx>40</posx>
				<posy>8</posy>
				<width>490</width>
				<height>27</height>
				<label>$VAR[global_Title]</label>
				<include>list_Label-focus</include>
				<visible>!Container.Content(files)</visible>
			</control>
			<control type="label">
				<posx>40</posx>
				<width>550</width>
				<label>$INFO[ListItem.Label]</label>
				<include>list_Label-focus</include>
				<visible>Container.Content(files)</visible>
			</control>
			<control type="label">
				<posx>40</posx>
				<posy>30</posy>
				<width>492</width>
				<label>$VAR[global_Info]</label>
				<include>list_Label-sub-focus</include>
			</control>
			<control type="image">
				<posx>541</posx>
				<posy>35</posy>
				<width>32</width>
				<height>32</height>
				<texture>flags/video/HD/nf-HD.png</texture>
				<aspectratio align="right">keep</aspectratio>
				<visible>IntegerGreaterThan(ListItem.VideoResolution,540)</visible>
			</control>
			<control type="image">
				<posx>590</posx>
				<posy>37</posy>
				<animation effect="fade" end="30" time="0" condition="true">Conditional</animation>
				<include condition="!Skin.HasSetting(watched.original)">overlay_UnWatched</include>
				<include condition="Skin.HasSetting(watched.original)">overlay_Resumable</include>
			</control>
			<control type="group">
			<visible>!IsEmpty(ListItem.Rating)</visible>
				<control type="image">
					<posx>541</posx>
					<posy>12</posy>
					<width>26</width>
					<height>26</height>
					<texture>rating/star_rating.png</texture>
					<aspectratio align="center">keep</aspectratio>
				</control>
				<control type="label">
					<posx>571</posx>
					<posy>14</posy>
					<width>58</width>
					<height>22</height>
					<font>ratingsmall</font>
					<textcolor>Color3</textcolor>
					<label>$INFO[ListItem.Rating]</label>
				</control>
			</control>
		</focusedlayout>
	</include>
	<include name="view_List_1Row">
		<control type="list" id="501">
			<viewtype label="535">list</viewtype>
			<posy>90</posy>
			<width>625</width>
			<height>612</height>
			<onup>501</onup>
			<ondown>501</ondown>
			<onleft>6000</onleft>
			<onright>70</onright>
			<pagecontrol>70</pagecontrol>
			<scrolltime tween="Cubic" easing="Out">200</scrolltime>
			<preloaditems>2</preloaditems>
			<orientation>vertical</orientation>
			<include>transition_Container</include>
			<include>infoDialogHide</include>
			<include>toggle_Menu</include>
			<include condition="Window.IsVisible(videolibrary)">List_Video_1Row</include>
			<include condition="Window.IsVisible(musiclibrary) | Window.IsActive(501)">List_Music</include>
			<include condition="Window.IsVisible(videoplaylist)">List_VideoPlaylist</include>
			<include condition="Window.IsVisible(musicplaylist)">List_MusicPlaylist</include>
			<include condition="Window.IsVisible(pictures) | Window.IsVisible(programs) | Window.IsVisible(addonbrowser)">List_Files</include>
		</control>
	</include>

	<include name="List_Video_1Row">

		<itemlayout condition="[[Container.Content(movies) | Container.Content(tvshows) | [Container.Content(seasons) + !SubString(Container.FolderPath,plugin://)] | Container.Content(episodes) | Container.Content(musicvideos)]] |  Container.Content(addons) | [Container.Content(files) + !SubString(Container.FolderPath,plugin://)]  | SubString(Container.FolderPath,plugin.video.rtmpGUIplus)" width="625" height="40">
			<control type="label">
				<posx>40</posx>
				<posy>8</posy>
				<width>480</width>
				<height>27</height>
				<label>$VAR[global_Title]</label>
				<include>list_Label</include>
				<visible>!Container.Content(files)</visible>
			</control>
			<control type="label">
				<posx>40</posx>
				<width>550</width>
				<label>$INFO[ListItem.Label]</label>
				<include>list_Label</include>
				<visible>Container.Content(files)</visible>
			</control>
			<control type="image">
				<posx>590</posx>
				<posy>12</posy>
				<animation effect="fade" end="30" time="0" condition="true">Conditional</animation>
				<include condition="!Skin.HasSetting(watched.original)">overlay_UnWatched</include>
				<include condition="Skin.HasSetting(watched.original)">overlay_Resumable</include>
			</control>
			<control type="group">
			<visible>!IsEmpty(ListItem.Rating)</visible>
			<animation effect="fade" end="30" time="0" condition="true">Conditional</animation>
				<control type="image">
					<posx>521</posx>
					<posy>10</posy>
					<width>26</width>
					<height>26</height>
					<texture>rating/star_rating.png</texture>
					<aspectratio align="center">keep</aspectratio>
				</control>
				<control type="label">
					<posx>551</posx>
					<posy>12</posy>
					<width>58</width>
					<height>22</height>
					<font>ratingsmall</font>
					<textcolor>Color3</textcolor>
					<label>$INFO[ListItem.Rating]</label>
				</control>
			</control>
		</itemlayout>
		<focusedlayout condition="[[Container.Content(movies) | Container.Content(tvshows) | [Container.Content(seasons) + !SubString(Container.FolderPath,plugin://)] | Container.Content(episodes) | Container.Content(musicvideos)]] | Container.Content(addons) | [Container.Content(files) + !SubString(Container.FolderPath,plugin://)]  | SubString(Container.FolderPath,plugin.video.rtmpGUIplus)" width="625" height="40">
			<control type="image">
				<posy>-26</posy>
				<width>650</width>
				<height>98</height>
				<texture border="0,30,0,30">views/list-focus.png</texture>
				<include>focus_ListScrollAlt</include>
				<visible>!ControlGroup(6000).HasFocus</visible>
			</control>
			<control type="label">
				<posx>40</posx>
				<posy>8</posy>
				<width>480</width>
				<height>27</height>
				<label>$VAR[global_Title]</label>
				<include>list_Label-focus</include>
				<visible>!Container.Content(files)</visible>
			</control>
			<control type="label">
				<posx>40</posx>
				<width>550</width>
				<label>$INFO[ListItem.Label]</label>
				<include>list_Label-focus</include>
				<visible>Container.Content(files)</visible>
			</control>
			<control type="image">
				<posx>590</posx>
				<posy>12</posy>
				<animation effect="fade" end="30" time="0" condition="true">Conditional</animation>
				<include condition="!Skin.HasSetting(watched.original)">overlay_UnWatched</include>
				<include condition="Skin.HasSetting(watched.original)">overlay_Resumable</include>
			</control>
			<control type="group">
			<visible>!IsEmpty(ListItem.Rating)</visible>
				<control type="image">
					<posx>521</posx>
					<posy>10</posy>
					<width>26</width>
					<height>26</height>
					<texture>rating/star_rating.png</texture>
					<aspectratio align="center">keep</aspectratio>
				</control>
				<control type="label">
					<posx>551</posx>
					<posy>12</posy>
					<width>58</width>
					<height>22</height>
					<font>ratingsmall</font>
					<textcolor>Color3</textcolor>
					<label>$INFO[ListItem.Rating]</label>
				</control>
			</control>
		</focusedlayout>
	</include>

	<!--music-->
	<include name="List_Music">
		<itemlayout condition="IsEmpty(Container.FolderPath) | ![stringcompare(Container.FolderPath,addons://sources/audio/) | Container.Content(artists) | Container.Content(albums) | Container.Content(songs)]" width="625" height="40">
			<control type="label">
				<posx>40</posx>
				<posy>6</posy>
				<width>440</width>
				<height>27</height>
				<label>$VAR[global_Title]</label>
				<include>list_Label-single</include>
			</control>
			<control type="image">
				<posx>588</posx>
				<posy>14</posy>
				<width>18</width>
				<height>18</height>
				<texture>$INFO[ListItem.Overlay]</texture>
				<visible>SubString(Container.Folderpath,sources)</visible>
			</control>
		</itemlayout>
		<focusedlayout condition="IsEmpty(Container.FolderPath) | ![stringcompare(Container.FolderPath,addons://sources/audio/) | Container.Content(artists) | Container.Content(albums) | Container.Content(songs)]" width="625" height="40">
			<control type="image">
				<posy>-28</posy>
				<width>650</width>
				<height>100</height>
				<texture border="0,30,0,30">views/list-focus.png</texture>
				<include>focus_ListScrollAlt</include>
				<visible>!ControlGroup(6000).HasFocus</visible>
			</control>
			<control type="label">
				<posx>40</posx>
				<width>500</width>
				<label>$VAR[global_Title]</label>
				<textcolor>Focused</textcolor>
				<include>list_Label-single</include>
			</control>
			<control type="image">
				<posx>588</posx>
				<posy>14</posy>
				<width>18</width>
				<height>18</height>
				<texture>$INFO[ListItem.Overlay]</texture>
				<visible>SubString(Container.Folderpath,sources)</visible>
			</control>
		</focusedlayout>
		<itemlayout width="625" height="67">
			<control type="label">
				<posx>40</posx>
				<posy>6</posy>
				<width>440</width>
				<height>27</height>
				<label>$VAR[global_Title]</label>
				<include>list_Label</include>
			</control>
			<control type="label">
				<posx>40</posx>
				<posy>28</posy>
				<width>510</width>
				<label>$VAR[global_Info]</label>
				<include>list_Label-sub</include>
			</control>
			<control type="label">
				<posx>600</posx>
				<posy>28</posy>
				<width>510</width>
				<label>$INFO[ListItem.Duration]</label>
				<align>right</align>
				<include>list_Label-sub</include>
			</control>
			<control type="image">
				<posx>475</posx>
				<posy>12</posy>
				<width>128</width>
				<height>22</height>
				<texture>$VAR[global_Rating.Condition]</texture>
				<colordiffuse>Color7</colordiffuse>
				<aspectratio align="right">keep</aspectratio>
				<animation effect="fade" end="30" time="0" condition="true">Conditional</animation>
				<visible>!Container.Content(artists)</visible>
			</control>
		</itemlayout>
		<focusedlayout width="625" height="67">
			<control type="image">
				<posy>-30</posy>
				<width>650</width>
				<height>128</height>
				<texture border="0,30,0,30">views/list-focus.png</texture>
				<include>focus_ListScroll</include>
				<visible>!ControlGroup(6000).HasFocus</visible>
			</control>
			<control type="label">
				<posx>40</posx>
				<width>440</width>
				<label>$VAR[global_Title]</label>
				<include>list_Label-focus</include>
			</control>
			<control type="label">
				<posx>40</posx>
				<posy>28</posy>
				<width>510</width>
				<label>$VAR[global_Info]</label>
				<include>list_Label-sub-focus</include>
			</control>
			<control type="label">
				<posx>600</posx>
				<posy>28</posy>
				<width>510</width>
				<label>$INFO[ListItem.Duration]</label>
				<align>right</align>
				<include>list_Label-sub-focus</include>
			</control>
			<control type="image">
				<posx>475</posx>
				<posy>12</posy>
				<width>128</width>
				<height>22</height>
				<texture>$VAR[global_Rating.Condition]</texture>
				<colordiffuse>Color7</colordiffuse>
				<aspectratio align="right">keep</aspectratio>
				<visible>!Container.Content(artists)</visible>
			</control>
		</focusedlayout>
	</include>

	<!--video playlist-->
	<include name="List_VideoPlaylist">
		<itemlayout width="625" height="67">
			<control type="label">
				<posx>40</posx>
				<posy>6</posy>
				<width>440</width>
				<height>27</height>
				<label>$VAR[playlist_Title]</label>
				<include>list_Label</include>
			</control>
			<control type="label">
				<posx>40</posx>
				<posy>28</posy>
				<width>510</width>
				<label>$VAR[playlist_Info]</label>
				<include>list_Label-sub</include>
			</control>
			<control type="image">
				<posx>570</posx>
				<posy>35</posy>
				<width>32</width>
				<height>32</height>
				<texture>$INFO[ListItem.VideoResolution,flags/hd/,.png]</texture>
				<aspectratio align="right">keep</aspectratio>
				<animation effect="fade" end="30" time="0" condition="true">Conditional</animation>
			</control>
			<control type="image">
				<posx>475</posx>
				<posy>12</posy>
				<width>128</width>
				<height>22</height>
				<texture>$VAR[global_Rating.Condition]</texture>
				<colordiffuse>Color7</colordiffuse>
				<aspectratio align="right">keep</aspectratio>
				<animation effect="fade" end="30" time="0" condition="true">Conditional</animation>
			</control>
		</itemlayout>
		<focusedlayout condition="Window.IsActive(videoplaylist)" width="625" height="67">
			<control type="image">
				<posx>0</posx>
				<posy>-26</posy>
				<width>650</width>
				<height>122</height>
				<texture border="0,30,0,30">views/list-focus.png</texture>
				<include>focus_ListScroll</include>
				<visible>!ControlGroup(6000).HasFocus</visible>
			</control>
			<control type="label">
				<posx>40</posx>
				<posy>6</posy>
				<width>500</width>
				<height>27</height>
				<label>$VAR[playlist_Title]</label>
				<include>list_Label-focus</include>
			</control>
			<control type="label">
				<posx>40</posx>
				<posy>28</posy>
				<width>510</width>
				<label>$VAR[playlist_Info]</label>
				<include>list_Label-sub-focus</include>
			</control>
			<control type="image">
				<posx>570</posx>
				<posy>35</posy>
				<width>32</width>
				<height>32</height>
				<texture>$INFO[ListItem.VideoResolution,flags/hd/,.png]</texture>
				<aspectratio align="right">keep</aspectratio>
			</control>
			<control type="image">
				<posx>475</posx>
				<posy>12</posy>
				<width>128</width>
				<height>22</height>
				<texture>$VAR[global_Rating.Condition]</texture>
				<colordiffuse>Color7</colordiffuse>
				<aspectratio align="right">keep</aspectratio>
			</control>
		</focusedlayout>
	</include>

	<!--music playlist-->
	<include name="List_MusicPlaylist">
		<itemlayout width="625" height="67">
			<control type="label">
				<posx>40</posx>
				<posy>6</posy>
				<width>440</width>
				<height>27</height>
				<label>$INFO[ListItem.Title]</label>
				<include>list_Label</include>
			</control>
			<control type="label">
				<posx>40</posx>
				<posy>28</posy>
				<width>560</width>
				<label>$INFO[ListItem.Artist]</label>
				<include>list_Label-sub</include>
			</control>
			<control type="label">
				<posx>600</posx>
				<posy>28</posy>
				<width>500</width>
				<label>$INFO[ListItem.Duration]</label>
				<align>right</align>
				<font>normalCaps</font>
				<include>list_Label-sub</include>
				<visible>!IsEmpty(ListItem.Title)</visible>
			</control>
			<control type="image">
				<posx>475</posx>
				<posy>10</posy>
				<width>128</width>
				<height>22</height>
				<info>ListItem.StarRating</info>
				<aspectratio align="right">keep</aspectratio>
				<animation effect="fade" end="30" time="0" condition="true">Conditional</animation>
				<visible>!IsEmpty(ListItem.Title)</visible>
			</control>
		</itemlayout>
		<focusedlayout width="625" height="67">
			<control type="image">
				<posy>-30</posy>
				<width>650</width>
				<height>128</height>
				<texture border="0,30,0,30">views/list-focus.png</texture>
				<visible>!ControlGroup(6000).HasFocus</visible>
			</control>
			<control type="label">
				<posx>40</posx>
				<posy>6</posy>
				<width>440</width>
				<height>27</height>
				<label>$INFO[ListItem.Title]</label>
				<include>list_Label-focus</include>
			</control>
			<control type="label">
				<posx>40</posx>
				<posy>28</posy>
				<width>560</width>
				<label>$INFO[ListItem.Artist]</label>
				<include>list_Label-sub-focus</include>
			</control>
			<control type="label">
				<posx>600</posx>
				<posy>25</posy>
				<width>500</width>
				<label>$INFO[ListItem.Duration]</label>
				<align>right</align>
				<font>smallCaps</font>
				<include>list_Label-sub-focus</include>
				<visible>!IsEmpty(ListItem.Title)</visible>
			</control>
			<control type="image">
				<posx>475</posx>
				<posy>10</posy>
				<width>128</width>
				<height>22</height>
				<info>ListItem.StarRating</info>
				<aspectratio align="right">keep</aspectratio>
				<visible>!IsEmpty(ListItem.Title)</visible>
			</control>
		</focusedlayout>
	</include>

	<!--files-->
	<include name="List_Files">
		<itemlayout condition="!Container.HasFiles" width="625" height="40">
			<control type="label">
				<posx>40</posx>
				<posy>6</posy>
				<width>500</width>
				<height>27</height>
				<label>$INFO[ListItem.Label]</label>
				<include>list_Label-single</include>
			</control>
			<control type="image">
				<posx>588</posx>
				<posy>14</posy>
				<width>18</width>
				<height>18</height>
				<texture>$INFO[ListItem.Overlay]</texture>
				<visible>Window.IsActive(pictures)</visible>
			</control>
		</itemlayout>
		<focusedlayout condition="!Container.HasFiles" width="625" height="40">
			<control type="image">
				<posy>-28</posy>
				<width>650</width>
				<height>100</height>
				<texture border="0,30,0,30">views/list-focus.png</texture>
				<include>focus_ListScrollAlt</include>
				<visible>!ControlGroup(6000).HasFocus</visible>
			</control>
			<control type="label">
				<posx>40</posx>
				<posy>6</posy>
				<width>500</width>
				<height>27</height>
				<label>$INFO[ListItem.Label]</label>
				<textcolor>Focused</textcolor>
				<include>list_Label-single</include>
			</control>
			<control type="image">
				<posx>588</posx>
				<posy>14</posy>
				<width>18</width>
				<height>18</height>
				<texture>$INFO[ListItem.Overlay]</texture>
				<visible>Window.IsActive(pictures)</visible>
			</control>
		</focusedlayout>
		<itemlayout condition="Container.HasFiles" width="625" height="67">
			<control type="label">
				<posx>40</posx>
				<posy>6</posy>
				<width>560</width>
				<height>27</height>
				<label>$INFO[ListItem.Label]</label>
				<include>list_Label</include>
			</control>
			<control type="label">
				<posx>40</posx>
				<posy>28</posy>
				<width>560</width>
				<label>$VAR[global_Info]</label>
				<include>list_Label-sub</include>
			</control>
		</itemlayout>
		<focusedlayout condition="Container.HasFiles" width="625" height="67">
			<control type="image">
				<posy>-30</posy>
				<width>650</width>
				<height>128</height>
				<texture border="0,30,0,30">views/list-focus.png</texture>
				<include>focus_ListScroll</include>
				<visible>!ControlGroup(6000).HasFocus</visible>
			</control>
			<control type="label">
				<posx>40</posx>
				<posy>6</posy>
				<width>560</width>
				<height>27</height>
				<label>$INFO[ListItem.Label]</label>
				<include>list_Label-focus</include>
			</control>
			<control type="label">
				<posx>40</posx>
				<posy>28</posy>
				<width>560</width>
				<label>$VAR[global_Info]</label>
				<include>list_Label-sub-focus</include>
			</control>
		</focusedlayout>
	</include>
</includes>
