﻿<?xml version="1.0" encoding="UTF-8"?>
<addon id="skin.refocus.light" version="1.14.1" name="reFocus light" provider-name="freem@n|Salem">
	<requires>
		<import addon="xbmc.gui" version="5.3.0"/>
		<import addon="script.favourites" version="6.0.0"/>
		<import addon="script.playlists" version="2.0.0"/>
		<import addon="script.artwork.downloader" version="12.0.29"/>
	</requires>
	<extension point="xbmc.gui.skin" defaultthemename="Textures.xbt" effectslowdown="1.00" debugging="false">
		<res width="1280" height="720" aspect="16:9" default="true" folder="720p" />
	</extension>
	<extension point="xbmc.addon.metadata">
		<summary>reFocus light for Raspberry Pi</summary>
		<description>lightweight version of the reFocus BIG skin especially for low-power devices like the Raspberry Pi</description>
		<disclaimer>mouse usage not supported</disclaimer>
		<platform>all</platform>
	</extension>
</addon>
