﻿<?xml version="1.0" encoding="UTF-8"?>
<window type="dialog" id="2000">
	<defaultcontrol>3</defaultcontrol>
	<include>dialogOpen</include>
	<coordinates>
		<system>1</system>
		<posx>340</posx>
		<posy>72</posy>
	</coordinates>
	<zorder>1</zorder>
	<controls>
		<control type="group">
			<animation effect="fade" start="400" end="50" time="500" condition="Window.IsActive(virtualkeyboard)">Conditional</animation>
			<control type="image">
				<width>650</width>
				<height>576</height>
				<include>dialogWindow</include>
			</control>
			<control type="label" id="1">
				<width>582</width>
				<scroll>true</scroll>
				<include>dialog_Windowtitle</include>
			</control>
			<control type="group">
				<posx>19</posx>
				<posy>75</posy>
				<control type="image">
					<width>612</width>
					<include>dialog_Separator</include>
				</control>
				<control type="list" id="3">
					<width>613</width>
					<height>400</height>
					<onleft>5</onleft>
					<onright>5</onright>
					<onup>3</onup>
					<ondown>3</ondown>
					<scrolltime tween="Cubic" easing="Out">200</scrolltime>
					<itemlayout height="40">
						<control type="image">
							<posy>0</posy>
							<width>612</width>
							<height>40</height>
							<texture>dialogs/list-nofocus.png</texture>
						</control>
						<control type="label">
							<width>573</width>
							<label>$INFO[ListItem.Label]</label>
							<include>dialog_CommonListItem</include>
						</control>
					</itemlayout>
					<focusedlayout height="40">
						<control type="image">
							<posy>0</posy>
							<width>613</width>
							<height>40</height>
							<texture>dialogs/list-focus.png</texture>
						</control>
						<control type="label">
							<width>573</width>
							<label>$INFO[ListItem.Label]</label>
							<include>dialog_CommonListItemFocus</include>
						</control>
					</focusedlayout>
				</control>
				<control type="list" id="6">
					<posy>1</posy>
					<width>613</width>
					<height>384</height>
					<onleft>5</onleft>
					<onright>5</onright>
					<onup>6</onup>
					<ondown>6</ondown>
					<scrolltime tween="Cubic" easing="Out">200</scrolltime>
					<itemlayout width="600" height="128">
						<control type="image">
							<width>613</width>
							<height>128</height>
							<include>dialog_CommonList</include>
						</control>
						<control type="image">
							<posx>128</posx>
							<posy>0</posy>
							<height>128</height>
							<include>dialog_Separator-y</include>
						</control>
						<control type="image">
							<width>128</width>
							<height>128</height>
							<aspectratio align="left">keep</aspectratio>
							<texture fallback="thumbs/addon.png">$INFO[ListItem.Icon]</texture>
						</control>
						<control type="label">
							<posx>150</posx>
							<posy>14</posy>
							<width>473</width>
							<label>[B]$INFO[ListItem.Label][/B]</label>
							<include>dialog_CommonListItem</include>
						</control>
						<control type="label">
							<posx>150</posx>
							<posy>44</posy>
							<width>450</width>
							<label>$INFO[ListItem.Label2]</label>
							<include>dialog_CommonListItem</include>
						</control>
						<control type="label">
							<posx>150</posx>
							<posy>70</posy>
							<width>450</width>
							<label>$INFO[ListItem.Property(Addon.Creator),$LOCALIZE[31106] ]</label>
							<include>dialog_CommonListItem</include>
							<visible>!IsEmpty(ListItem.Property(Addon.Creator))</visible>
						</control>
					</itemlayout>
					<focusedlayout width="600" height="128">
						<control type="image">
							<width>613</width>
							<height>128</height>
							<include>dialog_CommonListFocus</include>
						</control>
						<control type="image">
							<width>128</width>
							<height>128</height>
							<aspectratio align="left">keep</aspectratio>
							<texture fallback="thumbs/addon.png">$INFO[ListItem.Icon]</texture>
						</control>	
						<control type="label">
							<posx>150</posx>
							<posy>14</posy>
							<width>473</width>
							<label>[B]$INFO[ListItem.Label][/B]</label>
							<include>dialog_CommonListItemFocus</include>
						</control>
						<control type="label">
							<posx>150</posx>
							<posy>44</posy>
							<width>450</width>
							<label>$INFO[ListItem.Label2]</label>
							<include>dialog_CommonListItemFocus</include>
						</control>
						<control type="label">
							<posx>150</posx>
							<posy>70</posy>
							<width>450</width>
							<label>$INFO[ListItem.Property(Addon.Creator),$LOCALIZE[31106] ]</label>
							<include>dialog_CommonListItemFocus</include>
							<visible>!IsEmpty(ListItem.Property(Addon.Creator))</visible>
						</control>
					</focusedlayout>
				</control>
			</control>
		<!--manual-->
			<control type="button" id="5">
				<posx>34</posx>
				<posy>500</posy>
				<width>120</width>
				<label>$LOCALIZE[368]</label>
				<onleft>3</onleft>
				<onright>3</onright>
				<onup>3</onup>
				<ondown>3</ondown>
				<include>dialog_Button</include>
			</control>
		</control>
	</controls>
</window>