﻿<?xml version="1.0" encoding="UTF-8"?>
<window id="609">
	<defaultcontrol always="true">11</defaultcontrol>
	<include>dialogOpen</include>
	<coordinates>
		<system>1</system>
		<posx>290</posx>
		<posy>270</posy>
	</coordinates>
	<controls>
		<control type="group">
			<control type="image">
				<width>700</width>
				<height>410</height>
				<include>dialogWindow</include>
			</control>
			<control type="label" id="1">
				<width>662</width>
				<scroll>true</scroll>
				<label>$INFO[VideoPlayer.ChannelGroup]</label>
				<include>dialog_Windowtitle</include>
				<visible>PVR.IsPlayingTV</visible>
			</control>
			<control type="image">
				<posx>19</posx>
				<posy>75</posy>
				<width>662</width>
				<include>dialog_Separator</include>
			</control>
			<control type="image">
				<posx>92</posx>
				<posy>76</posy>
				<height>295</height>
				<include>dialog_Separator-y</include>
			</control>
			<control type="list" id="11">
				<posx>19</posx>
				<posy>75</posy>
				<width>663</width>
				<height>296</height>
				<onup>11</onup>
				<ondown>11</ondown>
				<scrolltime tween="Cubic" easing="Out">400</scrolltime>
				<itemlayout width="663" height="74">
					<control type="image">
						<width>663</width>
						<height>74</height>
						<texture border="3">dialogs/list-nofocus.png</texture>
					</control>
					<control type="image">
						<posx>1</posx>
						<posy>1</posy>
						<width>72</width>
						<height>72</height>
						<aspectratio>stretch</aspectratio>
						<texture fallback="pvr/defaultTV.png">$INFO[ListItem.Thumb]</texture>
					</control>
					<control type="group">
						<posx>75</posx>
						<posy>4</posy>
						<control type="label">
							<height>40</height>
							<width>520</width>
							<label>[B]$INFO[ListItem.Title][/B]</label>
							<font>normalAlt</font>
							<include>dialog_CommonListItem</include>
						</control>
						<control type="label">
							<posy>25</posy>
							<width>520</width>
							<height>40</height>
							<align>left</align>
							<font>normalAlt</font>
							<label>[UPPERCASE]$LOCALIZE[209][/UPPERCASE]$INFO[ListItem.NextTitle,: ]</label>
							<include>dialog_CommonListItem</include>
						</control>
					</control>
					<control type="image">
						<posx>625</posx>
						<posy>26</posy>
						<texture>$VAR[PVR_Status.Condition]</texture>
						<include>dialog_PVRstatus</include>
					</control>
				</itemlayout>
				<focusedlayout width="663" height="74">
					<control type="image">
						<width>663</width>
						<height>74</height>
						<texture border="3">dialogs/list-nofocus.png</texture>
					</control>
					<control type="image">
						<width>663</width>
						<height>74</height>
						<texture>dialogs/list-focus.png</texture>
					</control>
					<control type="image">
						<posx>1</posx>
						<posy>1</posy>
						<width>72</width>
						<height>72</height>
						<aspectratio>stretch</aspectratio>
						<texture fallback="pvr/defaultTV.png">$INFO[ListItem.Thumb]</texture>
					</control>
					<control type="group">
						<posx>75</posx>
						<posy>4</posy>
						<control type="label">
							<height>40</height>
							<width>520</width>
							<label>[B]$INFO[ListItem.Title][/B]</label>
							<font>normalAlt</font>
							<include>dialog_CommonListItemFocus</include>
						</control>
						<control type="label">
							<posy>25</posy>
							<width>520</width>
							<height>40</height>
							<align>left</align>
							<font>normalAlt</font>
							<label>[UPPERCASE]$LOCALIZE[209][/UPPERCASE]$INFO[ListItem.NextTitle,: ]</label>
							<include>dialog_CommonListItemFocus</include>
						</control>
					</control>
					<control type="image">
						<posx>625</posx>
						<posy>26</posy>
						<texture>$VAR[PVR_Status.Condition]</texture>
						<colordiffuse>Color1</colordiffuse>
						<include>dialog_PVRstatus</include>
					</control>
				</focusedlayout>
			</control>
		</control>
	</controls>
</window>