﻿<?xml version="1.0" encoding="UTF-8"?>
<window id="113">
	<defaultcontrol>-</defaultcontrol>
	<coordinates>
		<system>0</system>
		<posx>0</posx>
		<posy>0</posy>
	</coordinates>
	<controls>
		<control type="image">
			<texture>toast/mute.png</texture>
			<posx>50r</posx>
			<posy>8</posy>
			<width>42</width>
			<height>42</height>
			<visible>!Window.IsActive(infodialog)</visible>
			<animation type="WindowOpen" reversible="false">
				<effect type="slide" start="50" end="0" tween="Cubic" easing="Out" time="200" />
			</animation>
			<animation type="WindowClose" reversible="false">
				<effect type="slide" start="0" end="50" tween="Cubic" easing="In" time="200" />
			</animation>   
		</control>
	</controls>
</window>
