﻿<?xml version="1.0" encoding="UTF-8"?>
<window id="500">
	<defaultcontrol always="true">50</defaultcontrol>
	<allowoverlay>yes</allowoverlay>
	<views>50</views>
	<controls>
		<include>global_Background</include>
		<include>global_Includes</include>
		<include>windowTitle_Playlists</include>
		<include>menu_Playlist</include>
		<include>view_List</include>
		<include>info_MusicList</include>
		<include>PageControls</include>
		<include>nav_Indicator</include>
	</controls>
</window>