﻿<?xml version="1.0" encoding="UTF-8"?>
<window id="600">
	<defaultcontrol>6000</defaultcontrol>
	<allowoverlay>yes</allowoverlay>
	<controls>
		<control type="group">
			<visible>![Control.IsVisible(11) + Control.IsVisible(12)]</visible>
			<control type="videowindow">
				<include>screen_Dimensions</include>
				<visible>Player.HasVideo + Skin.HasSetting(backgroundVideoGlobal)</visible>
			</control>
		</control>

	<!---GLOBAL------>
		<include>global_Background</include>
		<include>global_Clock</include>
		<include>windowTitle_PVR</include>
		<include>PageControls</include>
		<control type="label">
			<posx>1280</posx>
			<posy>22r</posy>
			<width>screen_Width</width>
			<align>right</align>
			<label>$INFO[Window.Property(xmlfile)] • $INFO[Container.FolderPath] • $INFO[Container.FolderName] • $INFO[System.BuildVersion] • $INFO[System.BuildDate] • $INFO[System.ScreenResolution]</label>
			<font>smallerCaps</font>
			<textcolor>yellow</textcolor>
			<visible>Skin.HasSetting(dev.enable)</visible>
		</control>
		
	<!---VIEWS------>
		<control type="group" id="50">
			<include>view_EPG-now</include>
			<include>view_EPG-timeline</include>
			<include>view_EPG-channels</include>
			<include>view_TVChannels</include>
			<include>view_RadioChannels</include>
			<include>view_TV-timers</include>
			<include>view_TV-search</include>
			<include>view_TV-recordings</include>
		</control>

	<!---EPG INFO------>
		<control type="group">
			<posx>150</posx>
			<posy>532</posy>
			<include>transition_Container</include>
			<animation effect="fade" start="100" end="10" time="150" condition="ControlGroup(6000).HasFocus()">Conditional</animation>
			<visible>Control.IsVisible(10) | Control.IsVisible(15) |  Control.IsVisible(16) | Control.IsVisible(17)</visible>
			<control type="image">
				<posy>5</posy>
				<width>84</width>
				<height>84</height>
				<aspectratio align="right">keep</aspectratio>
				<texture fallback="pvr/defaultTV.png">$INFO[ListItem.Thumb]</texture>
			</control>
			<control type="grouplist">
				<posx>135</posx>
				<posy>0</posy>
				<itemgap>0</itemgap>
				<control type="label" id="1">
					<width>950</width>
					<label>$INFO[ListItem.Title]</label>
					<include>info_Title</include>
				</control>
				<control type="label" id="1">
					<width>950</width>
					<label>$INFO[ListItem.StartTime]$INFO[ListItem.EndTime, - ]$INFO[ListItem.Genre,  • ]</label>
					<include>info_Sub</include>
				</control>
				<control type="label" id="1">
					<label></label>
					<height>5</height>
				</control>
				<control type="textbox">
					<width>950</width>
					<height>110</height>
					<aligny>top</aligny>
					<label>$INFO[ListItem.Plot]</label>
					<textcolor>Color7</textcolor>
					<font>descriptionBig</font>
				</control>
			</control>
		</control>
		<control type="image">
			<posx>230</posx>
			<include>screen_Separator</include>
			<animation effect="fade" start="100" end="30" time="150" condition="ControlGroup(6000).HasFocus()">Conditional</animation>
			<visible>![Control.IsVisible(11) | Control.IsVisible(12) | Control.IsVisible(13)]</visible>
		</control>
		<control type="image">
			<posx>134</posx>
			<include>screen_Separator</include>
			<animation effect="fade" start="100" end="30" time="150" condition="ControlGroup(6000).HasFocus()">Conditional</animation>
			<visible>[Control.IsVisible(11) | Control.IsVisible(12)]</visible>
		</control>
		<include>TVMenu</include>
		<include>nav_Indicator</include>
	</controls>
</window>